circuit,n_free,kappa,growth,rhs,family,eta,fwd_rel_err,host_rel_diff,bitwise_host,selector_hit,n_lookups,bnorm,xnorm
CKT_0015,2,4.001154378950963,1.3806818181818181,identity_e0,identity,2.6798486801296886e-17,0.0,6.782453386800957e-17,False,1.0,1368,1.0,104.76190476190476
CKT_0015,2,4.001154378950963,1.3806818181818181,identity_e1,identity,3.37893964016352e-17,0.0,0.0,True,1.0,1368,1.0,76.19047619047619
CKT_0015,2,4.001154378950963,1.3806818181818181,source,source,5.030969255496802e-17,1.2732925824820997e-16,1.2732925824820997e-16,False,1.0,1368,545.4545454545454,57142.85714285713
CKT_0015,2,4.001154378950963,1.3806818181818181,ones,ones,3.8857805861880476e-17,1.808654236480255e-16,1.808654236480255e-16,False,1.0,1368,1.0,157.14285714285717
CKT_0015,2,4.001154378950963,1.3806818181818181,gaussian_0,gaussian,3.9723842551357895e-17,1.1168758786293398e-16,0.0,True,1.0,1368,0.44314492152480195,31.809386761584346
CKT_0015,2,4.001154378950963,1.3806818181818181,gaussian_1,gaussian,3.272341952529953e-17,1.7010348898415027e-16,8.505174449207515e-17,False,1.0,1368,1.7729508118886275,167.0848117233636
CKT_0015,2,4.001154378950963,1.3806818181818181,gaussian_2,gaussian,0.0,7.784398569993069e-17,1.1586081592547825e-16,False,1.0,1368,0.6105435870560795,30.66363420990932
CKT_0015,2,4.001154378950963,1.3806818181818181,gaussian_3,gaussian,1.0043322055411193e-17,0.0,0.0,True,1.0,1368,1.473883698675297,135.10955289044716
CKT_0015,2,4.001154378950963,1.3806818181818181,gaussian_4,gaussian,6.847916949210923e-17,1.8206435385563631e-16,0.0,True,1.0,1368,0.45044625577954855,39.027009994691674
CKT_0015,2,4.001154378950963,1.3806818181818181,gaussian_5,gaussian,6.599287703908592e-17,5.1560557877130485e-17,2.0624223150852191e-16,False,1.0,1368,0.6487820260780084,34.45185452867545
CKT_0015,2,4.001154378950963,1.3806818181818181,gaussian_6,gaussian,5.687201685671166e-17,1.5007081202028049e-16,1.5007081202028049e-16,False,1.0,1368,1.0634559051993182,94.69432812345653
CKT_0015,2,4.001154378950963,1.3806818181818181,gaussian_7,gaussian,0.0,1.7952545859157542e-16,1.795254585915754e-16,False,1.0,1368,0.5682513866265895,19.78947000983859
CKT_0015,2,4.001154378950963,1.3806818181818181,gaussian_8,gaussian,3.1795354018503956e-17,1.651417668440418e-16,1.6514176684404183e-16,False,1.0,1368,1.8204076510577007,172.10491309109693
CKT_0015,2,4.001154378950963,1.3806818181818181,gaussian_9,gaussian,5.2642461401671985e-17,1.3341804516288214e-16,6.670902258144108e-17,False,1.0,1368,1.022563215162937,106.51373806184026
CKT_0015,2,4.001154378950963,1.3806818181818181,wide_0,wide,3.054119231387271e-17,6.866313860693084e-17,1.3732627721386167e-16,False,1.0,1368,129471.17599803393,13563647.00930626
CKT_0015,2,4.001154378950963,1.3806818181818181,wide_1,wide,4.968161740947495e-17,8.641728012755013e-17,0.0,True,1.0,1368,12.489506665572339,1315.556767741551
CKT_0015,2,4.001154378950963,1.3806818181818181,wide_2,wide,9.332558673748736e-17,0.0,1.2878923261992262e-16,False,1.0,1368,0.7241176050532125,55.17097363698285
CKT_0015,2,4.001154378950963,1.3806818181818181,wide_3,wide,4.6136265387525365e-17,1.6376859617192126e-16,1.6376859617192126e-16,False,1.0,1368,1696.3526468943066,177713.13387934907
CKT_0015,2,4.001154378950963,1.3806818181818181,wide_4,wide,3.721872334903076e-17,0.0,1.886996687470559e-16,False,1.0,1368,1482.112564137396,154233.6065027554
CKT_0015,2,4.001154378950963,1.3806818181818181,wide_5,wide,2.569764703117285e-17,1.2831642545573644e-16,6.415821272786822e-17,False,1.0,1368,65396.65596213856,7258015.264279194
CKT_0015,2,4.001154378950963,1.3806818181818181,wide_6,wide,2.2237171961987114e-18,0.0,1.5698412631840778e-16,False,1.0,1368,0.00014462637699991598,0.011050311370070004
CKT_0015,2,4.001154378950963,1.3806818181818181,wide_7,wide,3.197773244149629e-18,0.0,9.020426541192368e-17,False,1.0,1368,49276.6015988603,5162297.871184545
CKT_0015,2,4.001154378950963,1.3806818181818181,wide_8,wide,5.4272822223133354e-17,0.0,0.0,True,1.0,1368,326413.3747787568,24869590.459333945
CKT_0015,2,4.001154378950963,1.3806818181818181,wide_9,wide,2.905685271288325e-17,1.3304355147303251e-16,2.660871029460651e-16,False,1.0,1368,5742.180177226231,437508.3216661268
CKT_0015,2,4.001154378950963,1.3806818181818181,adversarial_minsv,adversarial,7.362784440867963e-17,2.3188645401393235e-16,2.3188645401393235e-16,False,1.0,1368,433.47636941949554,62754.4859843022
CKT_0018,2,3.616329657556895,1.3125,identity_e0,identity,4.1621389490908585e-17,0.0,1.3016319101460388e-16,False,1.0,1368,1.0,873.4177215189874
CKT_0018,2,3.616329657556895,1.3125,identity_e1,identity,2.3955500034743538e-17,1.1943165132988918e-16,5.971582566494459e-17,False,1.0,1368,1.0,1903.7974683544305
CKT_0018,2,3.616329657556895,1.3125,source,source,1.7758459516121e-17,1.1107258966579528e-16,1.1107258966579528e-16,False,1.0,1368,150.0,131012.65822784811
CKT_0018,2,3.616329657556895,1.3125,ones,ones,3.8480528414137726e-17,0.0,9.099554387039176e-17,False,1.0,1368,1.0,2498.73417721519
CKT_0018,2,3.616329657556895,1.3125,gaussian_0,gaussian,0.0,1.9287772301265978e-16,1.9287772301265978e-16,False,1.0,1368,1.0271882858640273,589.4244080958692
CKT_0018,2,3.616329657556895,1.3125,gaussian_1,gaussian,5.607732883285983e-17,1.4150398854470383e-16,3.537599713617595e-17,False,1.0,1368,0.8920188808689054,1606.8358057016915
CKT_0018,2,3.616329657556895,1.3125,gaussian_2,gaussian,3.2463187445349067e-17,1.403950839147362e-16,7.019754195736811e-17,False,1.0,1368,1.0190459950915443,809.7636651626601
CKT_0018,2,3.616329657556895,1.3125,gaussian_3,gaussian,9.015375234192955e-18,0.0,0.0,True,1.0,1368,0.6186208014178053,1288.609420585993
CKT_0018,2,3.616329657556895,1.3125,gaussian_4,gaussian,4.8024679587646015e-17,3.9631125907738056e-17,1.585245036309522e-16,False,1.0,1368,1.885319098231727,1434.3124894594332
CKT_0018,2,3.616329657556895,1.3125,gaussian_5,gaussian,0.0,1.2595143762310576e-16,1.2595143762310576e-16,False,1.0,1368,0.3293409087720429,225.65609386256065
CKT_0018,2,3.616329657556895,1.3125,gaussian_6,gaussian,3.9631583921000424e-17,0.0,0.0,True,1.0,1368,0.3782726735611038,535.5464868295137
CKT_0018,2,3.616329657556895,1.3125,gaussian_7,gaussian,2.848308736407476e-17,0.0,0.0,True,1.0,1368,2.0317147822711474,3019.211975942282
CKT_0018,2,3.616329657556895,1.3125,gaussian_8,gaussian,6.520035040330079e-17,0.0,7.818372382218617e-17,False,1.0,1368,1.2591350337470146,2908.197055954379
CKT_0018,2,3.616329657556895,1.3125,gaussian_9,gaussian,4.2724770654537015e-17,2.140506866264404e-16,5.3512671656610095e-17,False,1.0,1368,2.2825181043239837,4248.9688592317925
CKT_0018,2,3.616329657556895,1.3125,wide_0,wide,5.228780643697246e-18,1.1971238942502578e-16,0.0,True,1.0,1368,9120927.489709573,7966379428.116945
CKT_0018,2,3.616329657556895,1.3125,wide_1,wide,5.3583794316829034e-17,1.6741218072324096e-16,1.6741218072324096e-16,False,1.0,1368,13010832.548562163,11393129368.32029
CKT_0018,2,3.616329657556895,1.3125,wide_2,wide,4.976594960696914e-17,1.5563379512185686e-16,1.5563379512185686e-16,False,1.0,1368,28063004.814493302,24510725724.051132
CKT_0018,2,3.616329657556895,1.3125,wide_3,wide,9.544489733545098e-18,0.0,0.0,True,1.0,1368,127245.12163981411,111138144.20922521
CKT_0018,2,3.616329657556895,1.3125,wide_4,wide,1.636160483907336e-17,1.1691732554764728e-16,0.0,True,1.0,1368,17138012.712937552,32627305215.516563
CKT_0018,2,3.616329657556895,1.3125,wide_5,wide,1.5112066378477204e-17,0.0,0.0,True,1.0,1368,0.024563881615838643,21.425194535745856
CKT_0018,2,3.616329657556895,1.3125,wide_6,wide,3.149285241226492e-17,1.164884338429416e-16,1.1648843384294163e-16,False,1.0,1368,18307.343775759335,15989957.867768347
CKT_0018,2,3.616329657556895,1.3125,wide_7,wide,4.623895501651897e-17,4.020204244750033e-17,4.020204244750033e-17,False,1.0,1368,0.37134825147090295,706.9717780513215
CKT_0018,2,3.616329657556895,1.3125,wide_8,wide,2.1070093821702657e-17,4.0270254663735346e-17,8.054050932747069e-17,False,1.0,1368,12165.905011268333,23126811.151114084
CKT_0018,2,3.616329657556895,1.3125,wide_9,wide,2.51492642175556e-17,1.1486817360437738e-16,0.0,True,1.0,1368,18565.575105956148,16215502.438875513
CKT_0018,2,3.616329657556895,1.3125,adversarial_minsv,adversarial,4.04229024401235e-17,1.9609813123119643e-16,0.0,True,1.0,1368,136.4350524569965,296829.24843807693
CKT_0021,2,66.49735836827793,1.951008645533141,identity_e0,identity,1.0326600165433151e-16,1.4785849959198277e-15,1.6428722176886997e-16,False,1.0,1368,1.0,11072.007816316534
CKT_0021,2,66.49735836827793,1.951008645533141,identity_e1,identity,9.930288835942833e-17,1.5780095393534376e-15,0.0,True,1.0,1368,1.0,11527.11284807032
CKT_0021,2,66.49735836827793,1.951008645533141,source,source,6.884400110288768e-17,1.5333474031761177e-15,2.1904962902515996e-16,False,1.0,1368,1.4999999999999998,16608.0117244748
CKT_0021,2,66.49735836827793,1.951008645533141,ones,ones,1.0320256560766245e-16,1.6176345942559614e-15,1.6176345942559636e-16,False,1.0,1368,1.0,22489.49682462134
CKT_0021,2,66.49735836827793,1.951008645533141,gaussian_0,gaussian,2.2578971355160125e-17,1.3682019488630565e-15,0.0,True,1.0,1368,1.8122600033782903,2658.948710104369
CKT_0021,2,66.49735836827793,1.951008645533141,gaussian_1,gaussian,3.383825463745619e-17,1.5893341402846273e-15,1.1352386716318784e-16,False,1.0,1368,0.874311158087246,16022.968993217106
CKT_0021,2,66.49735836827793,1.951008645533141,gaussian_2,gaussian,3.564364587058827e-17,1.5980680148366461e-15,0.0,True,1.0,1368,2.3989522300962984,13658.913538033285
CKT_0021,2,66.49735836827793,1.951008645533141,gaussian_3,gaussian,7.331831506025502e-17,1.6902182424997328e-15,0.0,True,1.0,1368,1.8959383377634775,27980.838984584363
CKT_0021,2,66.49735836827793,1.951008645533141,gaussian_4,gaussian,6.822097760401792e-17,1.6557387267918835e-15,3.0104340487125197e-16,False,1.0,1368,0.4858440756046724,6042.282853941902
CKT_0021,2,66.49735836827793,1.951008645533141,gaussian_5,gaussian,5.888867570500886e-17,1.6759882763771064e-15,2.578443502118629e-16,False,1.0,1368,1.590313353568886,28218.410091999267
CKT_0021,2,66.49735836827793,1.951008645533141,gaussian_6,gaussian,1.917111491495128e-17,1.6654099007754591e-15,1.2810845390580474e-16,False,1.0,1368,0.8730189057320341,3549.706026589233
CKT_0021,2,66.49735836827793,1.951008645533141,gaussian_7,gaussian,3.56785129885176e-17,1.631006930594346e-15,1.8122299228826093e-16,False,1.0,1368,0.8355431971089449,10037.299244306125
CKT_0021,2,66.49735836827793,1.951008645533141,gaussian_8,gaussian,4.94969740908958e-17,1.5819558836236524e-15,2.259936976605221e-16,False,1.0,1368,0.19514051193593368,4024.4250666632815
CKT_0021,2,66.49735836827793,1.951008645533141,gaussian_9,gaussian,1.0012567798910762e-16,1.6225595427312472e-15,0.0,True,1.0,1368,0.276010320660049,5605.30863626723
CKT_0021,2,66.49735836827793,1.951008645533141,wide_0,wide,4.384363486114553e-17,1.674145230406714e-15,3.3482904608134325e-16,False,1.0,1368,1.1256038677024642e-05,0.12434214985437363
CKT_0021,2,66.49735836827793,1.951008645533141,wide_1,wide,8.123162456807002e-17,1.4957502263412377e-15,1.246458521951033e-16,False,1.0,1368,21594.633618022588,239095981.63801625
CKT_0021,2,66.49735836827793,1.951008645533141,wide_2,wide,1.3581478083394367e-16,1.646265326149955e-15,1.6462653261499574e-16,False,1.0,1368,15.97421022415013,176786.99778484338
CKT_0021,2,66.49735836827793,1.951008645533141,wide_3,wide,9.319124945816029e-17,1.5924119669245895e-15,3.184823933849183e-16,False,1.0,1368,0.032240280907730595,356.96427834933377
CKT_0021,2,66.49735836827793,1.951008645533141,wide_4,wide,1.0011398514465858e-16,1.5009921511721954e-15,0.0,True,1.0,1368,3.511586879119687e-07,0.002600365243682103
CKT_0021,2,66.49735836827793,1.951008645533141,wide_5,wide,8.933746587294944e-17,1.5779497638580611e-15,0.0,True,1.0,1368,13646.40910910902,151093897.00634873
CKT_0021,2,66.49735836827793,1.951008645533141,wide_6,wide,6.681298011673338e-17,1.6917345285488266e-15,1.2083818061063067e-16,False,1.0,1368,668.6139397117375,7707187.992315287
CKT_0021,2,66.49735836827793,1.951008645533141,wide_7,wide,7.215231654044413e-17,1.7170351945717717e-15,0.0,True,1.0,1368,56434.804947957746,624846601.4842559
CKT_0021,2,66.49735836827793,1.951008645533141,wide_8,wide,6.384261178181089e-17,1.4732354876670506e-15,1.841544359583816e-16,False,1.0,1368,8.953626185934807e-08,0.0005887461612548563
CKT_0021,2,66.49735836827793,1.951008645533141,wide_9,wide,4.0064469281169717e-17,1.6572161828154653e-15,1.2747816790888213e-16,False,1.0,1368,84459.38233609928,935134945.114592
CKT_0021,2,66.49735836827793,1.951008645533141,adversarial_minsv,adversarial,3.9514276683288207e-17,1.5248052927694464e-15,0.0,True,1.0,1368,1.0716096506538415,23858.644932194482
CKT_0024,2,8.261447096780644,1.028169014084507,identity_e0,identity,3.409948596470333e-18,1.5188050366526396e-16,0.0,True,1.0,1368,1.0,93.56602310538767
CKT_0024,2,8.261447096780644,1.028169014084507,identity_e1,identity,0.0,0.0,0.0,True,1.0,1368,1.0,766.5806185647962
CKT_0024,2,8.261447096780644,1.028169014084507,source,source,5.8046568612683e-17,1.6118747123008683e-16,1.6118747123008683e-16,False,1.0,1368,14.999999999999998,1410.6163072604313
CKT_0024,2,8.261447096780644,1.028169014084507,ones,ones,0.0,0.0,0.0,True,1.0,1368,1.0,788.174438806058
CKT_0024,2,8.261447096780644,1.028169014084507,gaussian_0,gaussian,4.0099539254279374e-17,0.0,7.975891302628366e-17,False,1.0,1368,3.19188237304901,712.690490680031
CKT_0024,2,8.261447096780644,1.028169014084507,gaussian_1,gaussian,1.661194354852692e-17,6.587146632069515e-18,6.587146632069515e-18,False,1.0,1368,1.4357025890020616,1078.6806115728832
CKT_0024,2,8.261447096780644,1.028169014084507,gaussian_2,gaussian,0.0,2.0931394424355082e-18,2.0931394424355082e-18,False,1.0,1368,0.13982198608758242,106.08208914484337
CKT_0024,2,8.261447096780644,1.028169014084507,gaussian_3,gaussian,1.7557785109374677e-17,1.3818368356895744e-16,0.0,True,1.0,1368,0.8866734656967135,205.68064692110195
CKT_0024,2,8.261447096780644,1.028169014084507,gaussian_4,gaussian,1.9402528746317054e-17,1.5791378181712768e-17,1.5791378181712768e-17,False,1.0,1368,1.4905315605513512,899.9122528557328
CKT_0024,2,8.261447096780644,1.028169014084507,gaussian_5,gaussian,0.0,1.447783037125285e-16,3.6194575928132133e-17,False,1.0,1368,2.5845334775736593,785.2477533329328
CKT_0024,2,8.261447096780644,1.028169014084507,gaussian_6,gaussian,0.0,0.0,0.0,True,1.0,1368,0.46467528642722605,351.5011359978773
CKT_0024,2,8.261447096780644,1.028169014084507,gaussian_7,gaussian,0.0,0.0,0.0,True,1.0,1368,1.3781104383414422,1067.5478958591486
CKT_0024,2,8.261447096780644,1.028169014084507,gaussian_8,gaussian,2.6545074723774555e-17,2.0956666697433193e-17,2.0956666697433193e-17,False,1.0,1368,0.4322716807382113,339.05331702733463
CKT_0024,2,8.261447096780644,1.028169014084507,gaussian_9,gaussian,5.758105413300404e-18,0.0,9.10536580194468e-18,False,1.0,1368,0.5046563404729144,390.17802865665533
CKT_0024,2,8.261447096780644,1.028169014084507,wide_0,wide,2.1411982547186642e-18,0.0,2.7493170939296723e-17,False,1.0,1368,22626.125566141185,2117167.970256557
CKT_0024,2,8.261447096780644,1.028169014084507,wide_1,wide,9.838556778201303e-17,1.3694166309502852e-16,2.738833261900571e-16,False,1.0,1368,4.436355992129887,415.0922193880647
CKT_0024,2,8.261447096780644,1.028169014084507,wide_2,wide,7.387709534289236e-17,0.0,2.047823461245262e-16,False,1.0,1368,752.8933973699076,71060.39902247225
CKT_0024,2,8.261447096780644,1.028169014084507,wide_3,wide,4.0706805774734144e-19,2.0202647554617184e-16,3.1566636804089357e-18,False,1.0,1368,0.0014337523686057856,1.0990866633927117
CKT_0024,2,8.261447096780644,1.028169014084507,wide_4,wide,1.3820114980197671e-17,1.74988398459466e-16,5.4683874518583135e-18,False,1.0,1368,111084.38668129819,85155137.85503519
CKT_0024,2,8.261447096780644,1.028169014084507,wide_5,wide,1.85878691824631e-18,1.324774350706805e-16,1.324774350706805e-16,False,1.0,1368,150296.0684065116,14060093.692463042
CKT_0024,2,8.261447096780644,1.028169014084507,wide_6,wide,2.7364146933285747e-18,1.7528604108361702e-16,1.7528604108361702e-16,False,1.0,1368,1732.7462656753803,1328289.7041573438
CKT_0024,2,8.261447096780644,1.028169014084507,wide_7,wide,0.0,0.0,1.326048129149782e-16,False,1.0,1368,1.0828378915290362e-06,0.00010220237756195347
CKT_0024,2,8.261447096780644,1.028169014084507,wide_8,wide,6.565260965299946e-19,1.4808113505667487e-16,1.4808113505667487e-16,False,1.0,1368,1.0015037931169088,767.7334299072252
CKT_0024,2,8.261447096780644,1.028169014084507,wide_9,wide,5.101431261437145e-19,4.5421330899318745e-17,4.5421330899318745e-17,False,1.0,1368,875672.4352774121,82016317.5473528
CKT_0024,2,8.261447096780644,1.028169014084507,adversarial_minsv,adversarial,1.248678877835785e-17,1.5809095879837918e-16,4.940342462449349e-18,False,1.0,1368,14.995928526477314,11505.96730750238
CKT_0039,2,207.4541918673241,1.9855129594954173,identity_e0,identity,0.0,5.549748230326747e-15,0.0,True,1.0,1680,1.0,24254.292316692914
CKT_0039,2,207.4541918673241,1.9855129594954173,identity_e1,identity,0.0,5.495054742297509e-15,0.0,True,1.0,1680,1.0,24495.700620830397
CKT_0039,2,207.4541918673241,1.9855129594954173,source,source,4.296547288692252e-17,5.594984273388184e-15,0.0,True,1.0,1680,5.106382978723404,182062.00700700554
CKT_0039,2,207.4541918673241,1.9855129594954173,ones,ones,6.783705155628163e-17,5.5351487040346286e-15,0.0,True,1.0,1680,1.0,48636.53103457869
CKT_0039,2,207.4541918673241,1.9855129594954173,gaussian_0,gaussian,1.1066466689940671e-16,5.557478619684427e-15,1.736712068651374e-16,False,1.0,1680,1.989437770369912,83790.02766801174
CKT_0039,2,207.4541918673241,1.9855129594954173,gaussian_1,gaussian,6.89128139958319e-17,5.6686438849930894e-15,1.1568660989781752e-16,False,1.0,1680,2.1397277654339666,31446.844283059465
CKT_0039,2,207.4541918673241,1.9855129594954173,gaussian_2,gaussian,6.57960055946336e-17,5.699685547891038e-15,1.4999172494450014e-16,False,1.0,1680,0.2673770737053782,6063.632524457325
CKT_0039,2,207.4541918673241,1.9855129594954173,gaussian_3,gaussian,4.182069997437235e-17,5.557536172487788e-15,0.0,True,1.0,1680,0.9359192663866586,41894.57997709192
CKT_0039,2,207.4541918673241,1.9855129594954173,gaussian_4,gaussian,2.6725456207597947e-17,2.845329234188978e-15,1.3549186829471287e-16,False,1.0,1680,1.1148687495052128,1678.1352143485396
CKT_0039,2,207.4541918673241,1.9855129594954173,gaussian_5,gaussian,7.621614013276253e-17,5.447670359949262e-15,0.0,True,1.0,1680,0.5403154494578694,16695.11262023945
CKT_0039,2,207.4541918673241,1.9855129594954173,gaussian_6,gaussian,7.390456137370074e-17,5.498929815141601e-15,0.0,True,1.0,1680,1.475375306047114,39694.7653022342
CKT_0039,2,207.4541918673241,1.9855129594954173,gaussian_7,gaussian,3.654860807925643e-17,5.6299439176016114e-15,1.2239008516525173e-16,False,1.0,1680,1.6838867242907993,29724.456864129927
CKT_0039,2,207.4541918673241,1.9855129594954173,gaussian_8,gaussian,3.9607092464430044e-17,5.613703991422127e-15,0.0,True,1.0,1680,1.5089632618400306,38883.19169643413
CKT_0039,2,207.4541918673241,1.9855129594954173,gaussian_9,gaussian,2.795720362158342e-17,5.693819738885923e-15,1.2377868997578025e-16,False,1.0,1680,1.0895486787648245,29390.99458722302
CKT_0039,2,207.4541918673241,1.9855129594954173,wide_0,wide,5.806808261033759e-17,5.528613247297398e-15,0.0,True,1.0,1680,5295559.4956147345,129718440024.37343
CKT_0039,2,207.4541918673241,1.9855129594954173,wide_1,wide,1.2108811355794805e-16,5.5855518958952205e-15,0.0,True,1.0,1680,11762.182444370783,288122899.74751407
CKT_0039,2,207.4541918673241,1.9855129594954173,wide_2,wide,6.561702597416574e-17,5.512843289206822e-15,0.0,True,1.0,1680,7076615.940305296,171607439617.80936
CKT_0039,2,207.4541918673241,1.9855129594954173,wide_3,wide,2.3675838614344624e-18,5.556354657864662e-15,0.0,True,1.0,1680,80.44492407117285,1969463.9607359774
CKT_0039,2,207.4541918673241,1.9855129594954173,wide_4,wide,4.124029798136367e-17,5.627769678997756e-15,0.0,True,1.0,1680,9380375.65519727,200639055084.0907
CKT_0039,2,207.4541918673241,1.9855129594954173,wide_5,wide,7.368436835854282e-17,5.626647823335847e-15,1.3396780531751943e-16,False,1.0,1680,9171.932354612962,222458838.65202025
CKT_0039,2,207.4541918673241,1.9855129594954173,wide_6,wide,6.342482887302277e-17,5.5478061945499395e-15,1.1322053458265124e-16,False,1.0,1680,7.02021431749535e-05,0.9805845103254582
CKT_0039,2,207.4541918673241,1.9855129594954173,wide_7,wide,9.6799719581404e-17,5.527140065591638e-15,0.0,True,1.0,1680,0.0013645077994391085,33.42435854804992
CKT_0039,2,207.4541918673241,1.9855129594954173,wide_8,wide,5.544208426020494e-17,5.550126875776053e-15,1.156276432453338e-16,False,1.0,1680,665.9938112845596,16108995.193120696
CKT_0039,2,207.4541918673241,1.9855129594954173,wide_9,wide,4.6147154944160976e-17,5.496713779649983e-15,1.3087413761071317e-16,False,1.0,1680,4759664.832020498,116591324619.74626
CKT_0039,2,207.4541918673241,1.9855129594954173,adversarial_minsv,adversarial,1.1795594041209863e-16,5.549377726686842e-15,1.4998318180234625e-16,False,1.0,1680,3.9996450387105407,194047.29321643463
CKT_0050,2,2.073340761067938,1.0146341463414634,identity_e0,identity,8.608689376600005e-19,5.515025228661383e-18,0.0,True,1.0,1680,1.0,322.0940550133097
CKT_0050,2,2.073340761067938,1.0146341463414634,identity_e1,identity,1.1184756836177575e-18,2.663353647012083e-18,0.0,True,1.0,1680,1.0,666.9624371487726
CKT_0050,2,2.073340761067938,1.0146341463414634,source,source,1.0330142149290552e-16,0.0,1.6523937997349564e-16,False,1.0,1680,272.7272727272727,88065.66104702749
CKT_0050,2,2.073340761067938,1.0146341463414634,ones,ones,0.0,0.0,0.0,True,1.0,1680,1.0,676.7228630582667
CKT_0050,2,2.073340761067938,1.0146341463414634,gaussian_0,gaussian,5.534386785913776e-17,1.7698184655183655e-16,1.7698184655183655e-16,False,1.0,1680,0.9938346658877665,321.1822001425385
CKT_0050,2,2.073340761067938,1.0146341463414634,gaussian_1,gaussian,0.0,0.0,0.0,True,1.0,1680,1.1197528147020632,363.9698111639248
CKT_0050,2,2.073340761067938,1.0146341463414634,gaussian_2,gaussian,5.625135196075714e-17,1.3453254592499554e-16,0.0,True,1.0,1680,0.642087159060987,422.5254080339735
CKT_0050,2,2.073340761067938,1.0146341463414634,gaussian_3,gaussian,0.0,0.0,0.0,True,1.0,1680,1.6789317326806092,1125.3484378009891
CKT_0050,2,2.073340761067938,1.0146341463414634,gaussian_4,gaussian,0.0,4.049989473569698e-17,4.049989473569698e-17,False,1.0,1680,1.0624376197969783,701.7724272096158
CKT_0050,2,2.073340761067938,1.0146341463414634,gaussian_5,gaussian,5.992231464134028e-17,0.0,0.0,True,1.0,1680,1.23904848294276,782.6371080243674
CKT_0050,2,2.073340761067938,1.0146341463414634,gaussian_6,gaussian,3.255141016928009e-17,0.0,3.865074276707294e-17,False,1.0,1680,0.5466091566137862,367.6735218477719
CKT_0050,2,2.073340761067938,1.0146341463414634,gaussian_7,gaussian,3.6251661223181595e-17,0.0,0.0,True,1.0,1680,0.4966928493873789,328.2799004418499
CKT_0050,2,2.073340761067938,1.0146341463414634,gaussian_8,gaussian,0.0,0.0,0.0,True,1.0,1680,0.7666862032807551,276.6650650287514
CKT_0050,2,2.073340761067938,1.0146341463414634,gaussian_9,gaussian,0.0,4.984526388163259e-17,0.0,True,1.0,1680,0.10788796248457468,71.27484944682247
CKT_0050,2,2.073340761067938,1.0146341463414634,wide_0,wide,4.907111410845151e-19,0.0,0.0,True,1.0,1680,46218.77878325001,14886793.875578249
CKT_0050,2,2.073340761067938,1.0146341463414634,wide_1,wide,7.759101685011825e-19,1.6918505423550998e-18,1.6918505423550998e-18,False,1.0,1680,206336.83678419015,137618919.53515193
CKT_0050,2,2.073340761067938,1.0146341463414634,wide_2,wide,1.249328416404927e-19,0.0,0.0,True,1.0,1680,104222.09526766613,69512222.66436699
CKT_0050,2,2.073340761067938,1.0146341463414634,wide_3,wide,0.0,0.0,0.0,True,1.0,1680,2.6148699787654983e-06,0.0008432917723006824
CKT_0050,2,2.073340761067938,1.0146341463414634,wide_4,wide,4.0983762521953817e-17,1.9518407744236743e-16,0.0,True,1.0,1680,3577.051742660573,2385754.4806401357
CKT_0050,2,2.073340761067938,1.0146341463414634,wide_5,wide,0.0,0.0,0.0,True,1.0,1680,9.334024257420412e-06,0.00300581850846837
CKT_0050,2,2.073340761067938,1.0146341463414634,wide_6,wide,3.515517021723502e-19,0.0,0.0,True,1.0,1680,5203640.566107758,1676061690.7619088
CKT_0050,2,2.073340761067938,1.0146341463414634,wide_7,wide,2.3778198411477726e-19,1.159605953089127e-16,0.0,True,1.0,1680,385332.78465923766,257003875.3966686
CKT_0050,2,2.073340761067938,1.0146341463414634,wide_8,wide,0.0,1.3383588434803917e-16,0.0,True,1.0,1680,1.213503059273941e-06,0.0008100982615888314
CKT_0050,2,2.073340761067938,1.0146341463414634,wide_9,wide,8.12951307514404e-18,0.0,0.0,True,1.0,1680,2.6207537914857646e-07,0.00017513075747436474
CKT_0050,2,2.073340761067938,1.0146341463414634,adversarial_minsv,adversarial,6.696794566750121e-17,0.0,0.0,True,1.0,1680,273.5632394514586,182531.91315583265
CKT_0054,2,3.2713373783710207,1.1174106382525564,identity_e0,identity,5.0004043512458135e-17,0.0,1.8223924515875726e-16,False,1.0,1680,1.0,311.91645252530003
CKT_0054,2,3.2713373783710207,1.1174106382525564,identity_e1,identity,5.341296965211741e-17,0.0,0.0,True,1.0,1680,1.0,97.78194626570777
CKT_0054,2,3.2713373783710207,1.1174106382525564,source,source,0.0,0.0,0.0,True,1.0,1680,220.0,21968.046383902056
CKT_0054,2,3.2713373783710207,1.1174106382525564,ones,ones,4.7630108784071626e-17,4.2806196321631165e-17,0.0,True,1.0,1680,1.0,331.9812535649392
CKT_0054,2,3.2713373783710207,1.1174106382525564,gaussian_0,gaussian,0.0,0.0,1.5915167676141602e-17,False,1.0,1680,1.422203117193228,446.45633035036974
CKT_0054,2,3.2713373783710207,1.1174106382525564,gaussian_1,gaussian,4.767654831516978e-17,0.0,1.749176299765843e-16,False,1.0,1680,2.1455356384976842,649.9449926050046
CKT_0054,2,3.2713373783710207,1.1174106382525564,gaussian_2,gaussian,7.556166318223029e-17,1.733090117383646e-16,1.733090117383646e-16,False,1.0,1680,0.5648400260894954,81.99720587326053
CKT_0054,2,3.2713373783710207,1.1174106382525564,gaussian_3,gaussian,0.0,1.685738066674631e-16,8.428690333373156e-17,False,1.0,1680,0.2658584367155104,42.15024562871451
CKT_0054,2,3.2713373783710207,1.1174106382525564,gaussian_4,gaussian,3.4517776202479294e-17,1.6953353487796467e-16,1.6953353487796467e-16,False,1.0,1680,1.3671884390262021,167.6465334770658
CKT_0054,2,3.2713373783710207,1.1174106382525564,gaussian_5,gaussian,3.005114438692467e-17,6.530541224437868e-17,1.3061082448875733e-16,False,1.0,1680,2.5883681638928078,435.2121585887466
CKT_0054,2,3.2713373783710207,1.1174106382525564,gaussian_6,gaussian,2.806702745663939e-17,5.271545760496635e-17,0.0,True,1.0,1680,0.9821013614132633,269.5766168188056
CKT_0054,2,3.2713373783710207,1.1174106382525564,gaussian_7,gaussian,0.0,0.0,0.0,True,1.0,1680,1.4993847871170713,442.632356590823
CKT_0054,2,3.2713373783710207,1.1174106382525564,gaussian_8,gaussian,3.0713492249396865e-17,1.130982359513103e-16,0.0,True,1.0,1680,1.6856917528142479,502.60217042889656
CKT_0054,2,3.2713373783710207,1.1174106382525564,gaussian_9,gaussian,4.168484907925788e-17,1.5602499658887964e-16,1.5602499658887964e-16,False,1.0,1680,1.308158323885065,364.32251308159556
CKT_0054,2,3.2713373783710207,1.1174106382525564,wide_0,wide,5.0622368547169035e-17,0.0,0.0,True,1.0,1680,0.5858154210275739,145.71963325982946
CKT_0054,2,3.2713373783710207,1.1174106382525564,wide_1,wide,1.4068517257756315e-17,8.737072353641655e-18,1.3979315765826645e-16,False,1.0,1680,5.214540165630621,1626.5007476192927
CKT_0054,2,3.2713373783710207,1.1174106382525564,wide_2,wide,7.98498603578897e-17,2.7157657267323202e-17,2.7157657267323202e-17,False,1.0,1680,0.00016330723401588264,0.015969008840685896
CKT_0054,2,3.2713373783710207,1.1174106382525564,wide_3,wide,5.064004766522612e-18,0.0,3.185006211274623e-17,False,1.0,1680,37381.083574227356,3655105.0172158377
CKT_0054,2,3.2713373783710207,1.1174106382525564,wide_4,wide,4.699366293494701e-17,1.7126791263269587e-16,1.7126791263269587e-16,False,1.0,1680,136.19950648983212,42482.900050212964
CKT_0054,2,3.2713373783710207,1.1174106382525564,wide_5,wide,2.3132209984335914e-18,7.391084317268401e-18,1.182573490762944e-16,False,1.0,1680,9.405482937104228e-05,0.02933810861695606
CKT_0054,2,3.2713373783710207,1.1174106382525564,wide_6,wide,1.2038910690455197e-18,0.0,0.0,True,1.0,1680,118.23864894024585,11561.605222727652
CKT_0054,2,3.2713373783710207,1.1174106382525564,wide_7,wide,7.500866146658716e-18,0.0,0.0,True,1.0,1680,931350.2863071183,290503477.3631566
CKT_0054,2,3.2713373783710207,1.1174106382525564,wide_8,wide,4.677930053700691e-17,1.7048670145822581e-16,1.7048670145822581e-16,False,1.0,1680,1120859.8617818728,349614628.38786566
CKT_0054,2,3.2713373783710207,1.1174106382525564,wide_9,wide,5.738495174084086e-17,1.7803965542758035e-17,6.139298463020012e-19,False,1.0,1680,0.00011442145852908533,0.011037521011319358
CKT_0054,2,3.2713373783710207,1.1174106382525564,adversarial_minsv,adversarial,0.0,0.0,1.3161712242312027e-17,False,1.0,1680,220.22268615841324,69101.54887364135
CKT_0031,3,55.9783829798341,1.810781925676535,identity_e0,identity,5.289440409056832e-17,1.9909058392916403e-16,1.9909058392916403e-16,False,1.0,2208,1.0,1142.0614222726426
CKT_0031,3,55.9783829798341,1.810781925676535,identity_e1,identity,6.288842567006315e-17,2.406288863239202e-16,2.406288863239202e-16,False,1.0,2208,1.0,944.9142990137734
CKT_0031,3,55.9783829798341,1.810781925676535,identity_e2,identity,5.819140834827398e-18,2.0522167621203927e-17,2.0522167621203927e-17,False,1.0,2208,1.0,5539.709051209213
CKT_0031,3,55.9783829798341,1.810781925676535,source,source,1.1917537351768018e-16,1.517937394159653e-16,1.517937394159653e-16,False,1.0,2208,50.0,47933.186455370764
CKT_0031,3,55.9783829798341,1.810781925676535,ones,ones,1.8796888007414693e-17,0.0,6.606426320545608e-17,False,1.0,2208,1.0,6883.409105346803
CKT_0031,3,55.9783829798341,1.810781925676535,gaussian_0,gaussian,1.291562007085763e-16,1.3473293162568863e-16,1.3473293162568863e-16,False,1.0,2208,1.8399306145011187,3375.175952897921
CKT_0031,3,55.9783829798341,1.810781925676535,gaussian_1,gaussian,2.7204126718664735e-17,5.222348082173264e-17,5.222348082173264e-17,False,1.0,2208,1.3872961785236373,8707.71813236207
CKT_0031,3,55.9783829798341,1.810781925676535,gaussian_2,gaussian,3.7359278818433726e-17,1.2877604245815743e-16,2.5755208491631486e-16,False,1.0,2208,2.2232304547262465,14125.215908361926
CKT_0031,3,55.9783829798341,1.810781925676535,gaussian_3,gaussian,8.38202785657192e-17,1.7100137320414668e-16,1.710013732041467e-16,False,1.0,2208,0.5990681219850538,332.4149847203075
CKT_0031,3,55.9783829798341,1.810781925676535,gaussian_4,gaussian,3.0439755017699576e-17,8.080806588025709e-17,8.080806588025709e-17,False,1.0,2208,1.2288296973769643,5627.499506798211
CKT_0031,3,55.9783829798341,1.810781925676535,gaussian_5,gaussian,1.175145410416004e-16,1.7271902603950317e-16,1.727190260395032e-16,False,1.0,2208,1.614956800002477,2632.8735247873456
CKT_0031,3,55.9783829798341,1.810781925676535,gaussian_6,gaussian,2.8644126441344744e-17,1.767924140589089e-16,1.767924140589089e-16,False,1.0,2208,1.6559254043733116,10288.843066194868
CKT_0031,3,55.9783829798341,1.810781925676535,gaussian_7,gaussian,2.9649676028283708e-18,0.0,3.925638262321204e-18,False,1.0,2208,0.6960941143718679,3620.011260741895
CKT_0031,3,55.9783829798341,1.810781925676535,gaussian_8,gaussian,5.705287274134544e-18,1.2056001573381683e-16,0.0,True,1.0,2208,0.15700026730156258,942.9895727006536
CKT_0031,3,55.9783829798341,1.810781925676535,gaussian_9,gaussian,7.25965444087837e-18,1.5472997474581894e-16,3.868249368645474e-17,False,1.0,2208,1.5021490005894274,5877.9477167691075
CKT_0031,3,55.9783829798341,1.810781925676535,wide_0,wide,5.194613125258817e-18,1.3930552397239432e-16,1.7413190496549293e-17,False,1.0,2208,18.88380454443122,104460.43210210782
CKT_0031,3,55.9783829798341,1.810781925676535,wide_1,wide,2.781957662518897e-17,1.570662094534111e-16,1.570662094534111e-16,False,1.0,2208,1329131.0927880644,1517949531.8009956
CKT_0031,3,55.9783829798341,1.810781925676535,wide_2,wide,2.8225798643803295e-17,1.3433109260295323e-16,2.6866218520590646e-16,False,1.0,2208,0.00022258337439012306,0.8264825388614079
CKT_0031,3,55.9783829798341,1.810781925676535,wide_3,wide,1.2537774951080182e-17,9.952522773658887e-17,9.952522773658887e-17,False,1.0,2208,65549.2113921305,74861226.30779713
CKT_0031,3,55.9783829798341,1.810781925676535,wide_4,wide,4.889406597597985e-17,1.1042016791195027e-16,2.208403358239005e-16,False,1.0,2208,115.39377442634682,131786.75149245054
CKT_0031,3,55.9783829798341,1.810781925676535,wide_5,wide,3.737152111098885e-17,1.0549294368244663e-16,2.109858873648933e-16,False,1.0,2208,31644633.164698903,36160686511.01393
CKT_0031,3,55.9783829798341,1.810781925676535,wide_6,wide,2.901626286033138e-17,2.1833907774550205e-16,2.1833907774550205e-16,False,1.0,2208,14.512904827024038,16662.05996954962
CKT_0031,3,55.9783829798341,1.810781925676535,wide_7,wide,5.575650835836597e-18,1.6118169296871566e-16,2.014771162108946e-17,False,1.0,2208,133507.64531211698,739595715.5873712
CKT_0031,3,55.9783829798341,1.810781925676535,wide_8,wide,6.254858696440303e-17,1.1318306025543704e-16,1.1318306025543707e-16,False,1.0,2208,35668613.223840885,33703782677.512035
CKT_0031,3,55.9783829798341,1.810781925676535,wide_9,wide,4.3495125549161594e-17,1.2278438427849716e-16,1.2278438427849719e-16,False,1.0,2208,13283.154255475136,15170049.189692896
CKT_0031,3,55.9783829798341,1.810781925676535,adversarial_minsv,adversarial,1.1663233780118305e-17,2.0767621167790697e-16,2.5959526459738377e-17,False,1.0,2208,48.500392404223135,280280.82967799844
CKT_0034,3,17.893301867996268,1.3181394794931887,identity_e0,identity,4.750870354112713e-17,1.304203001150226e-16,1.304203001150226e-16,False,1.0,2208,1.0,217.92396893227377
CKT_0034,3,17.893301867996268,1.3181394794931887,identity_e1,identity,1.5957438866786867e-17,1.68228390538671e-16,1.6822839053867102e-16,False,1.0,2208,1.0,675.7886546830073
CKT_0034,3,17.893301867996268,1.3181394794931887,identity_e2,identity,1.1626026562244959e-17,5.537367645892569e-17,1.3843419114731423e-17,False,1.0,2208,1.0,2053.0845158158327
CKT_0034,3,17.893301867996268,1.3181394794931887,source,source,4.2811042934980476e-17,0.0,0.0,True,1.0,2208,227.27272727272728,49528.17475733495
CKT_0034,3,17.893301867996268,1.3181394794931887,ones,ones,3.337738102305242e-17,3.9133018242163754e-17,1.5653207296865504e-16,False,1.0,2208,1.0,2905.138495019648
CKT_0034,3,17.893301867996268,1.3181394794931887,gaussian_0,gaussian,5.345972678652436e-18,0.0,0.0,True,1.0,2208,1.2348314798228404,2215.719941064565
CKT_0034,3,17.893301867996268,1.3181394794931887,gaussian_1,gaussian,1.3831225541877997e-17,1.77963326720814e-16,1.77963326720814e-16,False,1.0,2208,1.5547158826838272,2555.286863117953
CKT_0034,3,17.893301867996268,1.3181394794931887,gaussian_2,gaussian,1.462144485608119e-17,6.712034399144178e-17,4.4746895994294526e-17,False,1.0,2208,0.5701120019013829,635.166055630494
CKT_0034,3,17.893301867996268,1.3181394794931887,gaussian_3,gaussian,8.624513731267208e-18,0.0,2.075027188118425e-17,False,1.0,2208,1.5965760778875058,2739.4059791742775
CKT_0034,3,17.893301867996268,1.3181394794931887,gaussian_4,gaussian,3.280054937974613e-17,1.405560789941342e-16,0.0,True,1.0,2208,0.9709060944507169,1617.67229898837
CKT_0034,3,17.893301867996268,1.3181394794931887,gaussian_5,gaussian,2.0685224913527366e-17,2.0039538189433617e-16,1.0019769094716811e-16,False,1.0,2208,0.7321880789981369,1134.6253256630478
CKT_0034,3,17.893301867996268,1.3181394794931887,gaussian_6,gaussian,2.2408954222787086e-17,1.4277764356720659e-16,1.4277764356720659e-16,False,1.0,2208,0.8244485578046762,1592.501947520975
CKT_0034,3,17.893301867996268,1.3181394794931887,gaussian_7,gaussian,2.974359619803479e-17,1.6017186310081585e-16,1.6017186310081585e-16,False,1.0,2208,1.2082371356892365,709.7803292083763
CKT_0034,3,17.893301867996268,1.3181394794931887,gaussian_8,gaussian,3.106899516047892e-17,3.565420862255446e-16,3.713980064849424e-18,False,1.0,2208,1.465236755343498,239.14463841801333
CKT_0034,3,17.893301867996268,1.3181394794931887,gaussian_9,gaussian,2.431628172236707e-17,7.529762303126901e-17,1.5059524606253804e-16,False,1.0,2208,1.3351286296496028,754.9165109395622
CKT_0034,3,17.893301867996268,1.3181394794931887,wide_0,wide,4.9341009866983674e-17,2.600717726027766e-16,0.0,True,1.0,2208,5424383.597688078,3666965879.6952734
CKT_0034,3,17.893301867996268,1.3181394794931887,wide_1,wide,1.0106118023512533e-17,1.1844545696088157e-16,1.1844545696088157e-16,False,1.0,2208,36946787.182158604,8051590503.139479
CKT_0034,3,17.893301867996268,1.3181394794931887,wide_2,wide,3.559054642022681e-17,1.8666474700506432e-16,0.0,True,1.0,2208,111.34202120768538,77957.49043054202
CKT_0034,3,17.893301867996268,1.3181394794931887,wide_3,wide,1.5922616031166865e-17,7.583712069785127e-17,7.583712069785127e-17,False,1.0,2208,2.920068176693553,5996.368885077525
CKT_0034,3,17.893301867996268,1.3181394794931887,wide_4,wide,8.127203534781794e-18,3.782404653266138e-17,1.5129618613064555e-16,False,1.0,2208,0.022890926785288108,46.96369114992367
CKT_0034,3,17.893301867996268,1.3181394794931887,wide_5,wide,3.978972083653347e-17,1.3653779805937964e-16,1.3653779805937966e-16,False,1.0,2208,500797.48672159755,109135795.4034619
CKT_0034,3,17.893301867996268,1.3181394794931887,wide_6,wide,1.1235351691368145e-17,0.0,2.371902140502062e-17,False,1.0,2208,4.427287109558992,9586.132225299301
CKT_0034,3,17.893301867996268,1.3181394794931887,wide_7,wide,2.88829395212651e-17,1.5227827683083108e-16,0.0,True,1.0,2208,72505.37920523513,48927402.85734139
CKT_0034,3,17.893301867996268,1.3181394794931887,wide_8,wide,7.628257574531344e-18,2.0665672205096306e-16,0.0,True,1.0,2208,1559.6193744793165,2253308.204476909
CKT_0034,3,17.893301867996268,1.3181394794931887,wide_9,wide,3.0209159965948855e-17,1.7958919551860852e-16,0.0,True,1.0,2208,927834.9998615145,331894380.4122924
CKT_0034,3,17.893301867996268,1.3181394794931887,adversarial_minsv,adversarial,2.1983054413442194e-17,5.94422666865375e-17,1.1888453337307503e-16,False,1.0,2208,208.92930117485508,489615.0850069307
CKT_0037,3,19.241775366728465,1.3689333633216205,identity_e0,identity,9.279456231131975e-17,0.0,1.7031440735823437e-16,False,1.0,2208,1.0,667.5115715988164
CKT_0037,3,19.241775366728465,1.3689333633216205,identity_e1,identity,2.545070338064523e-17,2.456853664582643e-16,2.456853664582643e-16,False,1.0,2208,1.0,3701.8676158208555
CKT_0037,3,19.241775366728465,1.3689333633216205,identity_e2,identity,1.1510257891657638e-17,5.187781103052932e-17,5.187781103052932e-17,False,1.0,2208,1.0,8765.738990391326
CKT_0037,3,19.241775366728465,1.3689333633216205,source,source,6.11881719967975e-17,1.1230428800349031e-16,1.1230428800349031e-16,False,1.0,2208,48.52941176470588,32393.94391582491
CKT_0037,3,19.241775366728465,1.3689333633216205,ones,ones,8.167706039749687e-18,7.247458920807809e-17,0.0,True,1.0,2208,1.0,12549.152906016818
CKT_0037,3,19.241775366728465,1.3689333633216205,gaussian_0,gaussian,1.3428863179318797e-17,1.2338951971987422e-16,3.084737992996855e-17,False,1.0,2208,1.1543484658082046,7370.923428810762
CKT_0037,3,19.241775366728465,1.3689333633216205,gaussian_1,gaussian,3.657236144989616e-17,1.0440816213653048e-16,1.0440816213653048e-16,False,1.0,2208,1.527201756156188,2177.738510001779
CKT_0037,3,19.241775366728465,1.3689333633216205,gaussian_2,gaussian,9.247751733422328e-18,4.345280918782919e-17,4.345280918782919e-17,False,1.0,2208,1.0866099702760317,5232.6576737625
CKT_0037,3,19.241775366728465,1.3689333633216205,gaussian_3,gaussian,1.1891355803310854e-17,3.922427028541872e-17,1.225758446419335e-18,False,1.0,2208,1.4834603989941597,11593.51971566218
CKT_0037,3,19.241775366728465,1.3689333633216205,gaussian_4,gaussian,1.9474492684463133e-17,0.0,1.45039729825512e-17,False,1.0,2208,1.4937926213900024,15676.64775139686
CKT_0037,3,19.241775366728465,1.3689333633216205,gaussian_5,gaussian,3.22712580295845e-17,1.4405084683836083e-16,1.4405084683836083e-16,False,1.0,2208,0.5866498217870322,6313.706040155879
CKT_0037,3,19.241775366728465,1.3689333633216205,gaussian_6,gaussian,1.1883751154394604e-17,1.4152871319432553e-16,7.076435659716278e-17,False,1.0,2208,1.2085546676280168,12852.440769727757
CKT_0037,3,19.241775366728465,1.3689333633216205,gaussian_7,gaussian,2.9672894437740326e-17,8.790849970510678e-17,8.790849970510678e-17,False,1.0,2208,1.7218495346234581,20691.849020831232
CKT_0037,3,19.241775366728465,1.3689333633216205,gaussian_8,gaussian,3.618942677742967e-17,1.7268628465505413e-16,1.7268628465505413e-16,False,1.0,2208,2.5627872517481305,10533.490874387277
CKT_0037,3,19.241775366728465,1.3689333633216205,gaussian_9,gaussian,9.898929187211729e-18,8.82384512632591e-17,1.1029806407907388e-17,False,1.0,2208,0.923588344872735,10307.237816985864
CKT_0037,3,19.241775366728465,1.3689333633216205,wide_0,wide,1.1647325763965755e-17,1.0562450198883764e-16,7.041633465922509e-17,False,1.0,2208,53900.7763277486,423230242.41351897
CKT_0037,3,19.241775366728465,1.3689333633216205,wide_1,wide,1.013446010848049e-17,1.550863250719027e-16,7.754316253595136e-17,False,1.0,2208,685.0347726501216,6005188.234253982
CKT_0037,3,19.241775366728465,1.3689333633216205,wide_2,wide,2.4912401468404865e-17,3.095113976050853e-16,0.0,True,1.0,2208,0.13758029648365522,91.82766660718615
CKT_0037,3,19.241775366728465,1.3689333633216205,wide_3,wide,1.233295334547111e-17,1.1117148869967824e-16,1.3896436087459776e-17,False,1.0,2208,30581.818049103407,268075229.86585295
CKT_0037,3,19.241775366728465,1.3689333633216205,wide_4,wide,1.603543611859495e-17,0.0,1.4789474421020842e-16,False,1.0,2208,436241.9921095009,1612082838.8782306
CKT_0037,3,19.241775366728465,1.3689333633216205,wide_5,wide,2.7823937442783605e-18,2.2416619575250743e-16,0.0,True,1.0,2208,287309.18133067415,1063579538.8381864
CKT_0037,3,19.241775366728465,1.3689333633216205,wide_6,wide,5.8245980277852064e-18,2.1001563343858245e-16,0.0,True,1.0,2208,1011.7481383309614,8869078.547791418
CKT_0037,3,19.241775366728465,1.3689333633216205,wide_7,wide,5.325962726854604e-17,1.6966404530739488e-16,0.0,True,1.0,2208,1.0083638357713115e-05,0.04089784545296818
CKT_0037,3,19.241775366728465,1.3689333633216205,wide_8,wide,7.474420164364197e-18,1.0132094754526505e-16,1.0132094754526505e-16,False,1.0,2208,0.04258036846967805,35.063960265603804
CKT_0037,3,19.241775366728465,1.3689333633216205,wide_9,wide,1.0665876807695197e-17,0.0,4.807210635287379e-17,False,1.0,2208,9052705.484229159,79353653397.73497
CKT_0037,3,19.241775366728465,1.3689333633216205,adversarial_minsv,adversarial,1.2160538788276969e-17,6.442878492346477e-17,1.6107196230866192e-17,False,1.0,2208,43.426706758272736,451720.92708726804
CKT_0044,4,16.376734226914213,1.4783645844188877,identity_e0,identity,5.907662029220321e-17,2.277155272530692e-16,1.138577636265346e-16,False,1.0,3136,1.0,249.62469422489443
CKT_0044,4,16.376734226914213,1.4783645844188877,identity_e1,identity,1.569700067219903e-17,2.908951438349891e-16,3.636189297937365e-17,False,1.0,3136,1.0,390.81724164534387
CKT_0044,4,16.376734226914213,1.4783645844188877,identity_e2,identity,1.2465036406922149e-17,2.770732932459718e-16,9.235776441532396e-17,False,1.0,3136,1.0,153.86746101061044
CKT_0044,4,16.376734226914213,1.4783645844188877,identity_e3,identity,3.085187445244528e-17,3.0853142822686975e-16,1.542657141134349e-16,False,1.0,3136,1.0,184.23866634101802
CKT_0044,4,16.376734226914213,1.4783645844188877,source,source,3.1418524962396524e-17,2.8731166510920707e-16,1.4365583255460356e-16,False,1.0,3136,3.3,1582.7667516166275
CKT_0044,4,16.376734226914213,1.4783645844188877,ones,ones,3.3903775815304143e-17,1.5176435376402285e-16,0.0,True,1.0,3136,1.0,749.1010563546876
CKT_0044,4,16.376734226914213,1.4783645844188877,gaussian_0,gaussian,1.8235752416689973e-17,1.376894388545935e-16,1.376894388545935e-16,False,1.0,3136,1.3340512587552922,412.8379005221841
CKT_0044,4,16.376734226914213,1.4783645844188877,gaussian_1,gaussian,2.0051801103125026e-17,3.6358725454922664e-16,1.8179362727461337e-16,False,1.0,3136,1.1121925440892046,625.3620626089562
CKT_0044,4,16.376734226914213,1.4783645844188877,gaussian_2,gaussian,4.539476485036892e-17,2.561462419858827e-16,3.2018280248235338e-16,False,1.0,3136,2.318319815640599,221.91783264163945
CKT_0044,4,16.376734226914213,1.4783645844188877,gaussian_3,gaussian,4.1895480066416265e-17,1.624679804860074e-16,8.12339902430037e-17,False,1.0,3136,1.4814050040505928,349.8745949248977
CKT_0044,4,16.376734226914213,1.4783645844188877,gaussian_4,gaussian,1.577481769792575e-17,1.522846922400906e-16,7.61423461200453e-17,False,1.0,3136,0.7602101246755408,186.6353670373816
CKT_0044,4,16.376734226914213,1.4783645844188877,gaussian_5,gaussian,3.783169622403249e-17,2.4021341317003004e-16,1.2010670658501502e-16,False,1.0,3136,0.8442981311643997,236.63715573023634
CKT_0044,4,16.376734226914213,1.4783645844188877,gaussian_6,gaussian,6.706217216352707e-17,1.6576502670701842e-16,1.6576502670701842e-16,False,1.0,3136,0.8548348329847426,171.45781589163548
CKT_0044,4,16.376734226914213,1.4783645844188877,gaussian_7,gaussian,2.0292236538513748e-17,1.921632134937906e-16,1.2810880899586043e-16,False,1.0,3136,2.9773099478479317,887.4240468919636
CKT_0044,4,16.376734226914213,1.4783645844188877,gaussian_8,gaussian,2.3843445871094258e-17,1.1689116540258015e-16,1.1689116540258015e-16,False,1.0,3136,1.134032282612419,243.1467710371262
CKT_0044,4,16.376734226914213,1.4783645844188877,gaussian_9,gaussian,2.812386822298433e-17,1.5204378137204268e-16,1.520437813720427e-16,False,1.0,3136,2.1010072695976048,186.93108770333504
CKT_0044,4,16.376734226914213,1.4783645844188877,wide_0,wide,2.162022044115405e-17,2.0033230096557455e-16,5.008307524139364e-17,False,1.0,3136,6090604.939082384,2380231025.675013
CKT_0044,4,16.376734226914213,1.4783645844188877,wide_1,wide,2.2717067531464315e-17,8.802893858248434e-17,4.401446929124217e-17,False,1.0,3136,6930123.5323402565,2708411380.8570004
CKT_0044,4,16.376734226914213,1.4783645844188877,wide_2,wide,1.3303033577954929e-17,1.5666745969422566e-16,0.0,True,1.0,3136,123144.29795785886,23778328.35058867
CKT_0044,4,16.376734226914213,1.4783645844188877,wide_3,wide,1.9833130713264082e-17,1.6626943945016567e-16,1.6626943945016567e-16,False,1.0,3136,22600882.14835419,5735716193.907574
CKT_0044,4,16.376734226914213,1.4783645844188877,wide_4,wide,1.016199626914839e-17,1.574176881257669e-16,1.574176881257669e-16,False,1.0,3136,118.15866961560027,46220.7119213337
CKT_0044,4,16.376734226914213,1.4783645844188877,wide_5,wide,7.163912279183849e-17,2.451403461557872e-16,2.451403461557872e-16,False,1.0,3136,6286533.3930342,972579923.4616685
CKT_0044,4,16.376734226914213,1.4783645844188877,wide_6,wide,4.497849018092735e-17,2.7023110852484796e-16,1.801540723498987e-16,False,1.0,3136,3591577.4379516197,661707437.3942027
CKT_0044,4,16.376734226914213,1.4783645844188877,wide_7,wide,5.594611397784059e-17,2.708863383468717e-16,0.0,True,1.0,3136,56419165.99450126,14082280003.136425
CKT_0044,4,16.376734226914213,1.4783645844188877,wide_8,wide,4.6696559619506596e-17,2.390741197540427e-16,1.1953705987702137e-16,False,1.0,3136,810159.9226717312,124657250.30528468
CKT_0044,4,16.376734226914213,1.4783645844188877,wide_9,wide,2.008687066433955e-17,1.9352276180656852e-16,1.9352276180656852e-16,False,1.0,3136,150.29895924727225,37597.42547213103
CKT_0044,4,16.376734226914213,1.4783645844188877,adversarial_minsv,adversarial,2.5617895790695778e-17,2.312677401645632e-16,2.312677401645632e-16,False,1.0,3136,3.200470944926893,1966.324185824099
CKT_0047,4,51.99589964240473,2.1913633291741195,identity_e0,identity,1.6222785314366364e-17,4.420842180929913e-16,2.947228120619941e-16,False,1.0,3136,1.0,771.4831229128089
CKT_0047,4,51.99589964240473,2.1913633291741195,identity_e1,identity,3.5864625143519096e-17,4.913211545331688e-16,1.6377371817772292e-16,False,1.0,3136,1.0,694.170218436673
CKT_0047,4,51.99589964240473,2.1913633291741195,identity_e2,identity,2.893780970851543e-17,2.4232312487090054e-16,1.9385849989672044e-16,False,1.0,3136,1.0,1172.8847358478845
CKT_0047,4,51.99589964240473,2.1913633291741195,identity_e3,identity,6.198779901478824e-17,5.39846083508979e-16,3.2390765010538733e-16,False,1.0,3136,1.0,526.4780147271605
CKT_0047,4,51.99589964240473,2.1913633291741195,source,source,5.348319039019464e-17,3.6061752801815365e-16,1.4424701120726144e-16,False,1.0,3136,68.18181818181817,50440.95924960941
CKT_0047,4,51.99589964240473,2.1913633291741195,ones,ones,1.024456276620059e-16,6.736501446607095e-16,3.3682507233035467e-16,False,1.0,3136,1.0,2700.198935549861
CKT_0047,4,51.99589964240473,2.1913633291741195,gaussian_0,gaussian,8.256169003893861e-17,4.234457091078287e-16,1.0586142727695713e-16,False,1.0,3136,2.1035920838653333,2147.842526705896
CKT_0047,4,51.99589964240473,2.1913633291741195,gaussian_1,gaussian,4.3591104160643493e-17,4.2161023895828114e-16,1.0540255973957025e-16,False,1.0,3136,1.628581570831168,539.2982770177246
CKT_0047,4,51.99589964240473,2.1913633291741195,gaussian_2,gaussian,1.9996464313542004e-17,4.279297579789157e-16,1.0698243949472888e-16,False,1.0,3136,0.8580542496011617,1062.668212265037
CKT_0047,4,51.99589964240473,2.1913633291741195,gaussian_3,gaussian,1.3849667250817888e-17,5.234614634000841e-16,1.9941389081907961e-16,False,1.0,3136,0.799876715008608,285.0524536045476
CKT_0047,4,51.99589964240473,2.1913633291741195,gaussian_4,gaussian,7.347024898583154e-17,1.4247786495801023e-16,4.559291678656325e-16,False,1.0,3136,0.9749208103472975,498.70394672850045
CKT_0047,4,51.99589964240473,2.1913633291741195,gaussian_5,gaussian,5.637719821820163e-18,5.968477797296414e-16,2.984238898648206e-16,False,1.0,3136,0.8083612011766805,1523.8302506292462
CKT_0047,4,51.99589964240473,2.1913633291741195,gaussian_6,gaussian,6.084242973219724e-17,6.459726727873535e-16,2.1532422426245104e-16,False,1.0,3136,1.2317136025136124,527.9797854190674
CKT_0047,4,51.99589964240473,2.1913633291741195,gaussian_7,gaussian,6.487561718330595e-17,3.8684646080223936e-16,1.9342323040111963e-16,False,1.0,3136,1.0441017178980356,1175.5241341575481
CKT_0047,4,51.99589964240473,2.1913633291741195,gaussian_8,gaussian,3.260894517437074e-17,3.918023937284629e-16,1.3060079790948759e-16,False,1.0,3136,1.7953165807811489,870.4911420250762
CKT_0047,4,51.99589964240473,2.1913633291741195,gaussian_9,gaussian,4.8062902853319564e-17,3.499751936040338e-16,2.333167957360225e-16,False,1.0,3136,1.5240901808774765,487.26383954905134
CKT_0047,4,51.99589964240473,2.1913633291741195,wide_0,wide,2.3230465263419915e-17,2.9734727056065837e-16,1.4867363528032911e-16,False,1.0,3136,4157306.628589329,3207274492.9121594
CKT_0047,4,51.99589964240473,2.1913633291741195,wide_1,wide,4.67164653867465e-17,5.722050109818089e-16,1.430512527454522e-16,False,1.0,3136,202604069.61733377,106666588160.90027
CKT_0047,4,51.99589964240473,2.1913633291741195,wide_2,wide,3.2597171432257684e-17,3.472250763351676e-16,4.9603582333595367e-17,False,1.0,3136,2048998.887844361,2403239523.0866933
CKT_0047,4,51.99589964240473,2.1913633291741195,wide_3,wide,2.3913771930764323e-17,4.0726140615090416e-16,0.0,True,1.0,3136,1893969.1691157138,1463547585.7809396
CKT_0047,4,51.99589964240473,2.1913633291741195,wide_4,wide,4.514401293841707e-17,4.605274669359709e-16,1.5350915564532363e-16,False,1.0,3136,491.4953539508872,379180.3861390114
CKT_0047,4,51.99589964240473,2.1913633291741195,wide_5,wide,2.0657608372893603e-17,2.0860525668761148e-16,5.215131417190286e-17,False,1.0,3136,260682.734765046,285729351.7998408
CKT_0047,4,51.99589964240473,2.1913633291741195,wide_6,wide,1.1375975674161394e-17,2.996809520461108e-16,7.492023801152767e-17,False,1.0,3136,1356562.3345950954,1591149370.5137322
CKT_0047,4,51.99589964240473,2.1913633291741195,wide_7,wide,3.0935615954655836e-17,5.760220154462442e-16,1.4400550386156097e-16,False,1.0,3136,6289950.756994473,3311242594.3214655
CKT_0047,4,51.99589964240473,2.1913633291741195,wide_8,wide,2.416482788535299e-17,5.465072337670335e-16,1.8216907792234442e-16,False,1.0,3136,13283.416507029464,10224815.157844579
CKT_0047,4,51.99589964240473,2.1913633291741195,wide_9,wide,4.180629926237021e-17,5.254458157007334e-16,2.6272290785036663e-16,False,1.0,3136,110316941.76307023,58079400792.833115
CKT_0047,4,51.99589964240473,2.1913633291741195,adversarial_minsv,adversarial,5.4801158479451875e-17,4.560661127923604e-16,1.5202203759745342e-16,False,1.0,3136,40.20722602935362,95722.4061612671
CKT_0098,4,11330.496684089178,1.7283197897314215,identity_e0,identity,6.407422614220663e-22,1.9551454551664275e-21,1.2813241254978697e-16,False,1.0,5472,1.0,27.726892892304377
CKT_0098,4,11330.496684089178,1.7283197897314215,identity_e1,identity,0.0,0.0,1.6218916451944944e-16,False,1.0,5472,1.0,43.80950711876274
CKT_0098,4,11330.496684089178,1.7283197897314215,identity_e2,identity,6.678601469348859e-17,0.0,9.725029286296375e-17,False,1.0,5472,1.0,36.531650180289546
CKT_0098,4,11330.496684089178,1.7283197897314215,identity_e3,identity,3.743764450625661e-20,0.0,4.6320237827801794e-20,False,1.0,5472,1.0,76698.95159018663
CKT_0098,4,11330.496684089178,1.7283197897314215,source,source,4.979203117214325e-18,6.077364435977528e-17,1.2154728871955058e-16,False,1.0,5472,8635.794743429286,239444.5056185974
CKT_0098,4,11330.496684089178,1.7283197897314215,ones,ones,0.0,0.0,1.8517336450494503e-19,False,1.0,5472,1.0,76743.51412901236
CKT_0098,4,11330.496684089178,1.7283197897314215,gaussian_0,gaussian,8.650659792941057e-20,1.070782824831142e-19,2.1929632252541784e-16,False,1.0,5472,0.6692004153701628,8294.664418437858
CKT_0098,4,11330.496684089178,1.7283197897314215,gaussian_1,gaussian,1.6762757949935062e-20,2.765326888575585e-20,2.765326888575585e-20,False,1.0,5472,1.6751030122687,128473.55202301228
CKT_0098,4,11330.496684089178,1.7283197897314215,gaussian_2,gaussian,1.7564922835322153e-20,8.692985539054158e-20,8.692985539054158e-20,False,1.0,5472,2.1578792454861357,163474.96094820628
CKT_0098,4,11330.496684089178,1.7283197897314215,gaussian_3,gaussian,4.2805599797337556e-20,7.061668659730226e-20,7.061668659730226e-20,False,1.0,5472,1.5178511102169212,100619.6651241981
CKT_0098,4,11330.496684089178,1.7283197897314215,gaussian_4,gaussian,7.669819043155452e-21,2.3723971679513703e-20,1.8979177343610963e-20,False,1.0,5472,0.6102479722789081,46797.51938769445
CKT_0098,4,11330.496684089178,1.7283197897314215,gaussian_5,gaussian,3.0209790145793515e-20,2.0413085339868178e-16,2.0413085339868178e-16,False,1.0,5472,1.858563103392588,142574.38291257172
CKT_0098,4,11330.496684089178,1.7283197897314215,gaussian_6,gaussian,1.378755415505731e-20,6.823712854351799e-20,1.3974963925712485e-16,False,1.0,5472,0.887511735996132,52064.23181383973
CKT_0098,4,11330.496684089178,1.7283197897314215,gaussian_7,gaussian,5.420314817127814e-20,0.0,8.942167716388003e-20,False,1.0,5472,1.5254946578190653,79459.78629520815
CKT_0098,4,11330.496684089178,1.7283197897314215,gaussian_8,gaussian,2.8067711226217194e-20,1.587527266198579e-19,1.6256279205873447e-16,False,1.0,5472,1.166807285950523,89515.65757500766
CKT_0098,4,11330.496684089178,1.7283197897314215,gaussian_9,gaussian,1.7374555748685386e-20,2.1496906944513582e-20,2.1496906944513582e-20,False,1.0,5472,1.0774609965078064,82633.13619886187
CKT_0098,4,11330.496684089178,1.7283197897314215,wide_0,wide,9.795537166044506e-17,1.2584011281880124e-16,1.2584011281880127e-16,False,1.0,5472,5405873.419024246,236826888.66155142
CKT_0098,4,11330.496684089178,1.7283197897314215,wide_1,wide,9.26357855034906e-21,5.178259802801161e-20,0.0,True,1.0,5472,60029790.88279535,4604222039469.53
CKT_0098,4,11330.496684089178,1.7283197897314215,wide_2,wide,3.416890317567102e-19,8.906826705251573e-19,2.850184545680503e-17,False,1.0,5472,8448.928281847691,1021120.9130595066
CKT_0098,4,11330.496684089178,1.7283197897314215,wide_3,wide,5.406507136862103e-17,1.392930240206199e-16,1.3929302402061988e-16,False,1.0,5472,732084.9091059876,26744270.394405752
CKT_0098,4,11330.496684089178,1.7283197897314215,wide_4,wide,1.3749884673302537e-20,3.4024465836633843e-20,0.0,True,1.0,5472,11152.444395124658,855379496.5209377
CKT_0098,4,11330.496684089178,1.7283197897314215,wide_5,wide,2.1124076028647317e-17,2.3993032205268197e-16,5.998258051317048e-17,False,1.0,5472,22150.65865014331,970409.4157917505
CKT_0098,4,11330.496684089178,1.7283197897314215,wide_6,wide,1.5552476020855843e-17,1.766800477693994e-16,2.695923580465689e-21,False,1.0,5472,15423400.310270278,674718458.9081148
CKT_0098,4,11330.496684089178,1.7283197897314215,wide_7,wide,5.909632286186153e-17,1.1187076865727972e-16,2.2374153731455934e-16,False,1.0,5472,48646892.81547514,2131196397.0853438
CKT_0098,4,11330.496684089178,1.7283197897314215,wide_8,wide,3.956667876161966e-17,2.1954196928842634e-16,1.097709846442132e-16,False,1.0,5472,81451417.89290589,4343927129.27407
CKT_0098,4,11330.496684089178,1.7283197897314215,wide_9,wide,6.716537465097389e-17,1.3038489606534277e-16,1.3038489606534277e-16,False,1.0,5472,6250852.10300205,228571892.04461068
CKT_0098,4,11330.496684089178,1.7283197897314215,adversarial_minsv,adversarial,1.733274062427886e-20,1.7567883637663137e-16,0.0,True,1.0,5472,8847.104405372582,678563747.4010406
CKT_0096,5,192.06888037247316,1.9934146710579927,identity_e0,identity,4.561053518903579e-17,7.235445168658866e-16,1.447089033731773e-16,False,1.0,6396,1.0,392.8121735137432
CKT_0096,5,192.06888037247316,1.9934146710579927,identity_e1,identity,8.648792260504525e-17,1.617229336620798e-15,1.6172293366207956e-16,False,1.0,6396,1.0,702.9728879341561
CKT_0096,5,192.06888037247316,1.9934146710579927,identity_e2,identity,4.4887345745099e-17,1.2430837694119507e-15,1.2430837694119498e-16,False,1.0,6396,1.0,914.554919942334
CKT_0096,5,192.06888037247316,1.9934146710579927,identity_e3,identity,5.913499026251032e-17,1.3510896046870797e-15,1.5012106718745308e-16,False,1.0,6396,1.0,757.3010227782195
CKT_0096,5,192.06888037247316,1.9934146710579927,identity_e4,identity,6.980402530364375e-17,1.2994331376682945e-15,0.0,True,1.0,6396,1.0,787.4060694885345
CKT_0096,5,192.06888037247316,1.9934146710579927,source,source,4.7299587213834815e-17,1.6518270458952804e-15,1.270636189150214e-16,False,1.0,6396,191.7572188449848,114524.64011826232
CKT_0096,5,192.06888037247316,1.9934146710579927,ones,ones,3.0975515605786405e-17,1.4615463856161516e-15,1.46154638561615e-16,False,1.0,6396,1.0,3111.41237364666
CKT_0096,5,192.06888037247316,1.9934146710579927,gaussian_0,gaussian,6.537616765675274e-17,1.2896643835296376e-15,1.4329604261440401e-16,False,1.0,6396,0.9418324483378809,793.370393539314
CKT_0096,5,192.06888037247316,1.9934146710579927,gaussian_1,gaussian,8.066825638312319e-17,1.5594204360131937e-15,1.4176549418301744e-16,False,1.0,6396,1.4978761937293166,1603.8717796144072
CKT_0096,5,192.06888037247316,1.9934146710579927,gaussian_2,gaussian,4.189239733951473e-17,1.255880525209787e-15,1.395422805788652e-16,False,1.0,6396,1.3488371783527244,407.3562408827178
CKT_0096,5,192.06888037247316,1.9934146710579927,gaussian_3,gaussian,1.3120901706227338e-16,1.6517701416235438e-15,2.0647126770294268e-16,False,1.0,6396,1.0452820551504256,550.6181997447762
CKT_0096,5,192.06888037247316,1.9934146710579927,gaussian_4,gaussian,5.967249006423198e-17,1.3458975672900116e-15,1.6823719591125128e-16,False,1.0,6396,2.477818669380745,1351.50656911315
CKT_0096,5,192.06888037247316,1.9934146710579927,gaussian_5,gaussian,2.2833874018013972e-17,5.050754780712584e-16,5.050754780712584e-16,False,1.0,6396,1.4169252836873896,168.8166066125714
CKT_0096,5,192.06888037247316,1.9934146710579927,gaussian_6,gaussian,2.8241849924001076e-17,1.4343886644536989e-15,1.1953238870447474e-16,False,1.0,6396,1.6007798218265805,951.0965099399886
CKT_0096,5,192.06888037247316,1.9934146710579927,gaussian_7,gaussian,4.7979554828679495e-17,1.3979209334960997e-15,9.319472889973985e-17,False,1.0,6396,1.9881026911855015,152.48560603132643
CKT_0096,5,192.06888037247316,1.9934146710579927,gaussian_8,gaussian,1.6381735222617197e-17,1.7039494592031458e-16,1.7039494592031458e-16,False,1.0,6396,2.1687776654177977,667.1960668057714
CKT_0096,5,192.06888037247316,1.9934146710579927,gaussian_9,gaussian,2.424656469107091e-17,1.133672065546605e-15,2.8341801638665096e-16,False,1.0,6396,1.8941608526467264,1604.5110917228292
CKT_0096,5,192.06888037247316,1.9934146710579927,wide_0,wide,8.449992259189943e-17,1.334747596486099e-15,1.906782280694425e-16,False,1.0,6396,825567.8778186049,625185637.3836598
CKT_0096,5,192.06888037247316,1.9934146710579927,wide_1,wide,7.756963032775436e-18,1.2592121218536707e-15,2.0986868697561158e-16,False,1.0,6396,11387054.798251325,9088295449.402367
CKT_0096,5,192.06888037247316,1.9934146710579927,wide_2,wide,5.514419886933757e-17,9.700744579266653e-16,1.2125930724083306e-16,False,1.0,6396,8599536.462262208,7864751482.640074
CKT_0096,5,192.06888037247316,1.9934146710579927,wide_3,wide,6.722898452793292e-17,1.338109025806995e-15,1.3381090258069932e-16,False,1.0,6396,3974816.70002339,3563514997.707692
CKT_0096,5,192.06888037247316,1.9934146710579927,wide_4,wide,6.469695239159638e-17,1.2028018339366094e-15,2.6728929643035735e-16,False,1.0,6396,18125072.442994375,14271792086.590067
CKT_0096,5,192.06888037247316,1.9934146710579927,wide_5,wide,6.235246243330291e-17,1.5181879876115963e-15,1.897734984514493e-16,False,1.0,6396,53088283.492491685,40202634158.646065
CKT_0096,5,192.06888037247316,1.9934146710579927,wide_6,wide,5.880107703874413e-17,1.3389927956982797e-15,2.434532355815051e-16,False,1.0,6396,6518621.595475896,7834558568.329002
CKT_0096,5,192.06888037247316,1.9934146710579927,wide_7,wide,2.0543221922973374e-17,7.148967973335653e-16,1.7872419933339132e-16,False,1.0,6396,40752804.580358915,16008033382.66359
CKT_0096,5,192.06888037247316,1.9934146710579927,wide_8,wide,7.813083780947968e-17,1.3255976718799545e-15,1.3255976718799528e-16,False,1.0,6396,43701843.49881333,28777187426.823288
CKT_0096,5,192.06888037247316,1.9934146710579927,wide_9,wide,2.613723796618542e-17,7.539928907383581e-16,6.283274089486313e-17,False,1.0,6396,0.001079775560652419,0.2208687319726495
CKT_0096,5,192.06888037247316,1.9934146710579927,adversarial_minsv,adversarial,2.881090578994167e-17,1.3484783663787118e-15,1.9263976662553e-16,False,1.0,6396,104.05146445355662,302158.0742807716
CKT_0067,6,60.384245119005115,2.0600123231815664,identity_e0,identity,6.729561566190891e-18,7.432225447924493e-16,1.4864450895848986e-16,False,1.0,8096,1.0,11.950369723353266
CKT_0067,6,60.384245119005115,2.0600123231815664,identity_e1,identity,1.426110921612142e-17,8.381830483309121e-16,5.238644052068197e-18,False,1.0,8096,1.0,339.0871419673859
CKT_0067,6,60.384245119005115,2.0600123231815664,identity_e2,identity,1.170962359842575e-17,8.209928438642069e-16,1.3683214064403436e-16,False,1.0,8096,1.0,415.42446528469395
CKT_0067,6,60.384245119005115,2.0600123231815664,identity_e3,identity,1.2851111753492938e-17,2.0601787425221068e-16,1.287611714076317e-17,False,1.0,8096,1.0,137.95749292903415
CKT_0067,6,60.384245119005115,2.0600123231815664,identity_e4,identity,1.6907829492040787e-17,3.2534544678387918e-18,2.0822108594168272e-16,False,1.0,8096,1.0,136.49774854389238
CKT_0067,6,60.384245119005115,2.0600123231815664,identity_e5,identity,3.640227372737272e-17,1.5405063194741405e-16,9.62816449671338e-18,False,1.0,8096,1.0,23.061987048603843
CKT_0067,6,60.384245119005115,2.0600123231815664,source,source,8.760858270510359e-18,8.518180077973467e-16,1.216882868281924e-16,False,1.0,8096,20003.333333333332,239167.06542039194
CKT_0067,6,60.384245119005115,2.0600123231815664,ones,ones,1.2990590351530742e-17,7.499598025334043e-16,1.4999196050668074e-16,False,1.0,8096,1.0,757.9528751912829
CKT_0067,6,60.384245119005115,2.0600123231815664,gaussian_0,gaussian,1.9309712693526946e-17,7.126520959966697e-16,8.908151199958365e-18,False,1.0,8096,1.9232199903924385,398.81605049733616
CKT_0067,6,60.384245119005115,2.0600123231815664,gaussian_1,gaussian,2.3685229210981953e-17,7.527006149633709e-16,0.0,True,1.0,8096,0.6371027342405235,151.038587536093
CKT_0067,6,60.384245119005115,2.0600123231815664,gaussian_2,gaussian,1.2299540238836112e-17,7.175599330132065e-16,1.435119866026412e-16,False,1.0,8096,1.7994340109341842,792.1766008047424
CKT_0067,6,60.384245119005115,2.0600123231815664,gaussian_3,gaussian,1.696289981531234e-17,6.320974475738107e-16,1.580243618934526e-16,False,1.0,8096,1.503640485122611,719.426019883371
CKT_0067,6,60.384245119005115,2.0600123231815664,gaussian_4,gaussian,7.322238236684214e-18,1.0015134804136531e-16,6.009080882481919e-17,False,1.0,8096,2.5845782254845084,354.73448418618693
CKT_0067,6,60.384245119005115,2.0600123231815664,gaussian_5,gaussian,1.2012911437236411e-17,7.45737052872601e-16,1.4565176813917977e-18,False,1.0,8096,1.2495727935526857,609.7958377349822
CKT_0067,6,60.384245119005115,2.0600123231815664,gaussian_6,gaussian,1.5220436992481408e-17,7.069091811471144e-16,1.1045455955423655e-17,False,1.0,8096,2.350615624636795,1286.5792750025898
CKT_0067,6,60.384245119005115,2.0600123231815664,gaussian_7,gaussian,1.5518522689465748e-17,8.4768559110611e-16,1.8837457580135768e-16,False,1.0,8096,1.7949095138538735,301.757382167909
CKT_0067,6,60.384245119005115,2.0600123231815664,gaussian_8,gaussian,1.1781505751317834e-17,8.968828461341421e-16,3.363310673003031e-16,False,1.0,8096,1.0247871695174018,253.51546907523877
CKT_0067,6,60.384245119005115,2.0600123231815664,gaussian_9,gaussian,1.3540298773910039e-17,6.286559068097374e-16,1.5716397670243423e-16,False,1.0,8096,1.2986830230956077,723.3644764338364
CKT_0067,6,60.384245119005115,2.0600123231815664,wide_0,wide,1.7479734982181796e-17,8.239131149863284e-17,2.059782787465821e-17,False,1.0,8096,10522229.835002944,1446867241.0046458
CKT_0067,6,60.384245119005115,2.0600123231815664,wide_1,wide,5.780011560931311e-17,7.979410803921618e-16,1.5958821607843236e-16,False,1.0,8096,976670.2608992473,11671570.714942565
CKT_0067,6,60.384245119005115,2.0600123231815664,wide_2,wide,1.672331449972756e-17,9.235677714931087e-16,1.154459714366386e-16,False,1.0,8096,84383.8591422131,1008396.5718182574
CKT_0067,6,60.384245119005115,2.0600123231815664,wide_3,wide,4.108972328103218e-18,1.7509116101543412e-16,1.750911610154341e-16,False,1.0,8096,3691444.143064091,85105159.54905418
CKT_0067,6,60.384245119005115,2.0600123231815664,wide_4,wide,2.4198981907478863e-17,9.632711234505105e-16,2.408177808626274e-17,False,1.0,8096,50991.93270640911,19336665.492045708
CKT_0067,6,60.384245119005115,2.0600123231815664,wide_5,wide,1.8968969140965782e-17,3.321698193990715e-16,3.321698193990715e-16,False,1.0,8096,364724.10197567474,8411263.036783421
CKT_0067,6,60.384245119005115,2.0600123231815664,wide_6,wide,1.8941164957805863e-17,8.89386479442358e-16,1.4823107990705956e-16,False,1.0,8096,141946.37295214695,50263282.17803797
CKT_0067,6,60.384245119005115,2.0600123231815664,wide_7,wide,1.9875481280386484e-17,3.2953891068689223e-16,8.238472767172306e-17,False,1.0,8096,7179.672285243151,176633.65091587856
CKT_0067,6,60.384245119005115,2.0600123231815664,wide_8,wide,7.884037834878193e-17,9.795651517517606e-16,2.176811448337246e-16,False,1.0,8096,179006.16150852462,2139189.812068629
CKT_0067,6,60.384245119005115,2.0600123231815664,wide_9,wide,2.1104147607822975e-17,6.201882139458305e-16,1.2403764278916603e-16,False,1.0,8096,5535.78333519166,1877096.649197255
CKT_0067,6,60.384245119005115,2.0600123231815664,adversarial_minsv,adversarial,3.073992240475451e-17,8.883923255414087e-16,5.552452034633799e-18,False,1.0,8096,14970.30143698722,10483235.253612844
CKT_0055,7,33671.98691872837,1.9999753577910377,identity_e0,identity,0.0,0.0,0.0,True,1.0,9800,1.0,9.287054409005629
CKT_0055,7,33671.98691872837,1.9999753577910377,identity_e1,identity,0.0,0.0,0.0,True,1.0,9800,1.0,79.53245461328028
CKT_0055,7,33671.98691872837,1.9999753577910377,identity_e2,identity,0.0,0.0,0.0,True,1.0,9800,1.0,220.81784386617096
CKT_0055,7,33671.98691872837,1.9999753577910377,identity_e3,identity,2.5233996054415722e-21,1.1082986511080368e-19,2.770746627770092e-20,False,1.0,9800,1.0,15.652130174863007
CKT_0055,7,33671.98691872837,1.9999753577910377,identity_e4,identity,1.2783009768294296e-17,3.549209727377762e-16,3.5492097273777646e-16,False,1.0,9800,1.0,1281.263677879193
CKT_0055,7,33671.98691872837,1.9999753577910377,identity_e5,identity,1.3649644819769827e-17,3.7916946991611283e-16,1.8958473495805654e-16,False,1.0,9800,1.0,1199.3248058370098
CKT_0055,7,33671.98691872837,1.9999753577910377,identity_e6,identity,0.0,7.271180592528246e-19,7.271180592528246e-19,False,1.0,9800,1.0,312705.3063114369
CKT_0055,7,33671.98691872837,1.9999753577910377,source,source,8.135853032407116e-18,3.3944373885108255e-17,3.3944373885108255e-17,False,1.0,9800,2433.333333333333,107174.72118959106
CKT_0055,7,33671.98691872837,1.9999753577910377,ones,ones,2.0950074907754048e-19,5.775111329452798e-18,1.4437778323631995e-18,False,1.0,9800,1.0,314970.4481486089
CKT_0055,7,33671.98691872837,1.9999753577910377,gaussian_0,gaussian,1.6859843651351882e-20,3.485897331772498e-19,3.485897331772498e-19,False,1.0,9800,2.2930983758478156,244600.22822260423
CKT_0055,7,33671.98691872837,1.9999753577910377,gaussian_1,gaussian,3.17940016708586e-19,1.2470145979066081e-16,1.2470145979066081e-16,False,1.0,9800,1.4245925781784496,29173.506173856116
CKT_0055,7,33671.98691872837,1.9999753577910377,gaussian_2,gaussian,2.3454235470264276e-19,1.2492128787465936e-16,1.2492128787465936e-16,False,1.0,9800,0.8407581938346955,116488.67439605344
CKT_0055,7,33671.98691872837,1.9999753577910377,gaussian_3,gaussian,7.138854902697969e-20,1.9679127327957626e-18,9.839563663978813e-19,False,1.0,9800,1.753805383347428,462162.1104513271
CKT_0055,7,33671.98691872837,1.9999753577910377,gaussian_4,gaussian,2.116119537486767e-19,1.789824895240247e-16,1.3983006994064427e-18,False,1.0,9800,2.3940400109085442,325214.2769287732
CKT_0055,7,33671.98691872837,1.9999753577910377,gaussian_5,gaussian,1.3814239466670944e-20,1.114141528978133e-16,1.114141528978133e-16,False,1.0,9800,2.5252570820012936,522444.04682459193
CKT_0055,7,33671.98691872837,1.9999753577910377,gaussian_6,gaussian,1.3114402687204514e-19,1.3222895317160504e-16,0.0,True,1.0,9800,2.0232305475538825,110050.89943865445
CKT_0055,7,33671.98691872837,1.9999753577910377,gaussian_7,gaussian,1.093902395230471e-19,1.7155957737497622e-16,1.3403091982420015e-18,False,1.0,9800,1.9755762867009563,169642.70314750035
CKT_0055,7,33671.98691872837,1.9999753577910377,gaussian_8,gaussian,1.3603428483072306e-20,1.078148212396709e-18,1.9200413382508352e-16,False,1.0,9800,1.1374510624724194,151579.18674421567
CKT_0055,7,33671.98691872837,1.9999753577910377,gaussian_9,gaussian,6.102557557437539e-20,6.7300671593969865e-18,3.3650335796984932e-18,False,1.0,9800,1.4332981833676937,67569.51158377585
CKT_0055,7,33671.98691872837,1.9999753577910377,wide_0,wide,1.9037350183365608e-17,4.70073736013954e-16,1.1751843400348854e-16,False,1.0,9800,1691598.4696469787,2028776005.4263916
CKT_0055,7,33671.98691872837,1.9999753577910377,wide_1,wide,1.5896592460219386e-20,6.522144771022253e-19,6.522144771022253e-19,False,1.0,9800,146151.9975341464,45694052238.92972
CKT_0055,7,33671.98691872837,1.9999753577910377,wide_2,wide,1.9431942020935315e-17,4.465394848996723e-16,1.4884649496655746e-16,False,1.0,9800,7253829.077719583,1601774896.7157738
CKT_0055,7,33671.98691872837,1.9999753577910377,wide_3,wide,8.605321793825541e-19,2.6617388803617674e-17,6.6543472009044186e-18,False,1.0,9800,1267624.1474970358,279914031.0829885
CKT_0055,7,33671.98691872837,1.9999753577910377,wide_4,wide,4.012181659777455e-18,3.902729005322412e-16,1.3009096684408048e-16,False,1.0,9800,6112461.378510076,7330826571.142861
CKT_0055,7,33671.98691872837,1.9999753577910377,wide_5,wide,8.272998532638176e-20,1.5769609507982754e-16,1.2320007428111525e-18,False,1.0,9800,39607173.32726007,12385373265021.6
CKT_0055,7,33671.98691872837,1.9999753577910377,wide_6,wide,2.6521750821070367e-19,2.0943931919505006e-16,3.272489362422657e-18,False,1.0,9800,20273442.730650656,1165686681652.3252
CKT_0055,7,33671.98691872837,1.9999753577910377,wide_7,wide,2.378021258657651e-17,3.8999596166499227e-16,3.8999596166499247e-16,False,1.0,9800,983272.2166437723,1222672040.4164839
CKT_0055,7,33671.98691872837,1.9999753577910377,wide_8,wide,1.5306431123977342e-17,4.636190551453145e-16,1.5453968504843825e-16,False,1.0,9800,2351.927529466467,3013214.9367444646
CKT_0055,7,33671.98691872837,1.9999753577910377,wide_9,wide,1.8762889232979456e-20,9.901679799006158e-19,6.601119866004106e-19,False,1.0,9800,17323.600831289954,1377788.4968531528
CKT_0055,7,33671.98691872837,1.9999753577910377,adversarial_minsv,adversarial,5.341771465749236e-20,1.1132203177047326e-18,1.4249220066620578e-16,False,1.0,9800,2675.298659780818,836602206.9519036
CKT_0069,7,304.30704811772654,1.9932459276916963,identity_e0,identity,5.240231626341845e-18,1.630844263377851e-16,1.630844263377851e-16,False,1.0,9024,1.0,697.1041948919426
CKT_0069,7,304.30704811772654,1.9932459276916963,identity_e1,identity,9.63198196634704e-17,1.6153804581080365e-16,1.6153804581080363e-16,False,1.0,9024,1.0,21.99304604044489
CKT_0069,7,304.30704811772654,1.9932459276916963,identity_e2,identity,5.312216520901648e-23,6.388404729560549e-20,1.3083452886140002e-16,False,1.0,9024,1.0,3475.7441697076933
CKT_0069,7,304.30704811772654,1.9932459276916963,identity_e3,identity,7.290021459670544e-19,1.111262919375996e-17,1.111262919375996e-17,False,1.0,9024,1.0,5115.208819594837
CKT_0069,7,304.30704811772654,1.9932459276916963,identity_e4,identity,7.305119785865603e-19,1.823856482767609e-16,1.8238564827676087e-16,False,1.0,9024,1.0,623.3321469960295
CKT_0069,7,304.30704811772654,1.9932459276916963,identity_e5,identity,1.0986128617031798e-16,5.1622195415038187e-17,2.064887816601528e-16,False,1.0,9024,1.0,17.205359294761568
CKT_0069,7,304.30704811772654,1.9932459276916963,identity_e6,identity,2.5377735810025852e-17,1.9845974822153335e-16,1.984597482215333e-16,False,1.0,9024,1.0,572.8458225932626
CKT_0069,7,304.30704811772654,1.9932459276916963,source,source,1.8584302382990488e-18,6.632950057227844e-17,3.316475028613922e-17,False,1.0,9024,2272.727272727273,219388.28278240704
CKT_0069,7,304.30704811772654,1.9932459276916963,ones,ones,5.006258710959778e-18,7.627791285174907e-17,7.627791285174907e-17,False,1.0,9024,1.0,5961.717276799304
CKT_0069,7,304.30704811772654,1.9932459276916963,gaussian_0,gaussian,1.399299786012216e-18,8.150608291774153e-17,0.0,True,1.0,9024,2.2213525173914976,11158.611347950784
CKT_0069,7,304.30704811772654,1.9932459276916963,gaussian_1,gaussian,7.050865842168726e-18,3.7322645915735086e-16,2.4881763943823386e-16,False,1.0,9024,1.7515656831471185,1827.6330886876285
CKT_0069,7,304.30704811772654,1.9932459276916963,gaussian_2,gaussian,2.7715650753853747e-18,1.6898059854245491e-16,1.6898059854245491e-16,False,1.0,9024,1.0254591219730915,5382.243344015766
CKT_0069,7,304.30704811772654,1.9932459276916963,gaussian_3,gaussian,3.507170626277553e-18,1.7126360909999896e-16,1.7126360909999896e-16,False,1.0,9024,0.690361712525417,2655.2479728541875
CKT_0069,7,304.30704811772654,1.9932459276916963,gaussian_4,gaussian,1.4690366833998873e-18,1.1943244581823984e-16,3.582973374547194e-16,False,1.0,9024,1.4917959282139968,7615.139215662192
CKT_0069,7,304.30704811772654,1.9932459276916963,gaussian_5,gaussian,1.1872961463980988e-18,3.619760498077103e-17,1.9305389323077884e-16,False,1.0,9024,0.922783803292075,4711.092257982635
CKT_0069,7,304.30704811772654,1.9932459276916963,gaussian_6,gaussian,3.2356292568310612e-18,1.975969427505616e-17,3.951938855011232e-17,False,1.0,9024,1.6564472227993772,5753.471492984064
CKT_0069,7,304.30704811772654,1.9932459276916963,gaussian_7,gaussian,1.2145440647752377e-18,1.9791533575964894e-16,1.9791533575964894e-16,False,1.0,9024,1.497231086619216,4595.3725530265665
CKT_0069,7,304.30704811772654,1.9932459276916963,gaussian_8,gaussian,1.0582590742280442e-18,1.2925409787016564e-16,1.2925409787016564e-16,False,1.0,9024,2.026660325117318,7036.486399731062
CKT_0069,7,304.30704811772654,1.9932459276916963,gaussian_9,gaussian,5.441367504387956e-18,1.8993362175607611e-16,9.496681087803803e-17,False,1.0,9024,1.45121020180644,4788.487121784867
CKT_0069,7,304.30704811772654,1.9932459276916963,wide_0,wide,2.4384094218592426e-17,5.1268703059350224e-17,2.0507481223740084e-16,False,1.0,9024,57718.30615891891,9082759.25702032
CKT_0069,7,304.30704811772654,1.9932459276916963,wide_1,wide,2.2443727729573504e-17,2.3419896292326354e-16,1.1709948146163175e-16,False,1.0,9024,221962.80166161596,127252153.53519818
CKT_0069,7,304.30704811772654,1.9932459276916963,wide_2,wide,1.4159180447857862e-18,1.4678871001902712e-18,1.174309680152217e-17,False,1.0,9024,15150.001463585639,39654044.85530419
CKT_0069,7,304.30704811772654,1.9932459276916963,wide_3,wide,2.207590335854272e-17,3.4527545358496516e-16,3.4527545358496516e-16,False,1.0,9024,18831.06057406962,10789328.519541567
CKT_0069,7,304.30704811772654,1.9932459276916963,wide_4,wide,1.3068071747055948e-17,2.045770144418875e-16,5.1144253610471875e-17,False,1.0,9024,2099357.9499791684,1165422125.9998302
CKT_0069,7,304.30704811772654,1.9932459276916963,wide_5,wide,1.2550137377603266e-17,6.40516524244662e-17,1.2810330484893242e-16,False,1.0,9024,1334966.3366372092,930571539.0509281
CKT_0069,7,304.30704811772654,1.9932459276916963,wide_6,wide,1.760919728912914e-18,6.100029039985009e-18,6.100029039985009e-18,False,1.0,9024,109507.05414349122,76337552.53546852
CKT_0069,7,304.30704811772654,1.9932459276916963,wide_7,wide,2.9288855870948308e-18,5.4007795132200106e-17,5.4007795132200106e-17,False,1.0,9024,3915.0519112315005,67360.2541667676
CKT_0069,7,304.30704811772654,1.9932459276916963,wide_8,wide,4.416250939919262e-18,1.2307769671107889e-16,3.846178022221216e-18,False,1.0,9024,86837.15193017601,60535586.83677544
CKT_0069,7,304.30704811772654,1.9932459276916963,wide_9,wide,2.740622882077092e-17,9.617002624469786e-17,2.885100787340935e-16,False,1.0,9024,4329038.197675195,2479136051.132223
CKT_0069,7,304.30704811772654,1.9932459276916963,adversarial_minsv,adversarial,3.2605381810835844e-18,1.9395029098507676e-17,1.5516023278806138e-16,False,1.0,9024,2309.0049445439986,12004655.54711565
CKT_0117,7,16.95660424717395,1.4452699157656343,identity_e0,identity,8.456094207069278e-21,1.2601061797100553e-17,3.937831811593923e-19,False,1.0,10812,1.0,70.48441107593735
CKT_0117,7,16.95660424717395,1.4452699157656343,identity_e1,identity,3.402920590842026e-18,2.0509585139493285e-17,2.0509585139493285e-17,False,1.0,10812,1.0,43.30552830100145
CKT_0117,7,16.95660424717395,1.4452699157656343,identity_e2,identity,1.7921314511596337e-20,0.0,1.325806564234396e-19,False,1.0,10812,1.0,209.34860608158723
CKT_0117,7,16.95660424717395,1.4452699157656343,identity_e3,identity,0.0,0.0,0.0,True,1.0,10812,1.0,32.11053809477474
CKT_0117,7,16.95660424717395,1.4452699157656343,identity_e4,identity,1.4789534488629287e-19,1.0138824597019154e-19,0.0,True,1.0,10812,1.0,68.43883960619345
CKT_0117,7,16.95660424717395,1.4452699157656343,identity_e5,identity,6.0194256613157854e-18,7.238314361800836e-18,9.047892952251045e-19,False,1.0,10812,1.0,245.41029176277812
CKT_0117,7,16.95660424717395,1.4452699157656343,identity_e6,identity,1.0844852637216768e-16,1.2054352821903588e-16,4.708731571056089e-19,False,1.0,10812,1.0,14.736227366536742
CKT_0117,7,16.95660424717395,1.4452699157656343,source,source,2.19036289199852e-17,5.897444480688918e-17,1.1794888961377839e-16,False,1.0,10812,402.76045296167246,30843.688473916223
CKT_0117,7,16.95660424717395,1.4452699157656343,ones,ones,5.82432007450035e-18,1.1185139083960259e-16,1.1185139083960256e-16,False,1.0,10812,1.0,254.10242301914136
CKT_0117,7,16.95660424717395,1.4452699157656343,gaussian_0,gaussian,2.7583048371743482e-17,1.5120956158132365e-16,1.5120956158132365e-16,False,1.0,10812,1.3697640164481304,93.98119117989181
CKT_0117,7,16.95660424717395,1.4452699157656343,gaussian_1,gaussian,7.721315597951939e-18,3.7488131055330684e-17,1.4995252422132276e-16,False,1.0,10812,1.8122550495258098,379.0761052938986
CKT_0117,7,16.95660424717395,1.4452699157656343,gaussian_2,gaussian,3.93904690691854e-17,5.4638770820229945e-17,1.0927754164045989e-16,False,1.0,10812,2.0303948146521336,130.04368969021948
CKT_0117,7,16.95660424717395,1.4452699157656343,gaussian_3,gaussian,7.10673717121721e-18,6.959054289244683e-17,6.959054289244683e-17,False,1.0,10812,1.1069094808374698,204.2066942510433
CKT_0117,7,16.95660424717395,1.4452699157656343,gaussian_4,gaussian,1.173028265894268e-17,1.1970760514808757e-16,1.1970760514808757e-16,False,1.0,10812,2.0526994797376,237.42609665646688
CKT_0117,7,16.95660424717395,1.4452699157656343,gaussian_5,gaussian,4.6503199450815894e-17,1.38984676449311e-16,1.38984676449311e-16,False,1.0,10812,1.1408934510690718,51.12381838865824
CKT_0117,7,16.95660424717395,1.4452699157656343,gaussian_6,gaussian,2.222919909205953e-17,1.517789181446769e-17,1.214231345157415e-16,False,1.0,10812,1.6698518567308995,117.03580847157
CKT_0117,7,16.95660424717395,1.4452699157656343,gaussian_7,gaussian,1.0461856495054451e-17,5.079248947512436e-17,5.079248947512436e-17,False,1.0,10812,1.336987054308004,279.78259900337775
CKT_0117,7,16.95660424717395,1.4452699157656343,gaussian_8,gaussian,6.066991976634519e-18,1.4578593414605015e-17,1.1662874731684012e-16,False,1.0,10812,1.9548028772342825,487.3877167383444
CKT_0117,7,16.95660424717395,1.4452699157656343,gaussian_9,gaussian,5.921994066889147e-18,1.1500651193683701e-16,1.1500651193683704e-16,False,1.0,10812,1.1811185827787327,247.13130545176048
CKT_0117,7,16.95660424717395,1.4452699157656343,wide_0,wide,1.2797043467816495e-17,1.2425654123673472e-16,1.2425654123673476e-16,False,1.0,10812,4582693.017564506,959380394.4990114
CKT_0117,7,16.95660424717395,1.4452699157656343,wide_1,wide,7.558670522706661e-18,5.181906621119441e-18,5.181906621119441e-18,False,1.0,10812,82077.25137497611,5616432.827661885
CKT_0117,7,16.95660424717395,1.4452699157656343,wide_2,wide,1.872871473452853e-17,4.751604901338541e-17,9.503209802677082e-17,False,1.0,10812,41156940.22505363,5017643176.401289
CKT_0117,7,16.95660424717395,1.4452699157656343,wide_3,wide,2.914034608697377e-17,1.5902295500700652e-16,1.5902295500700652e-16,False,1.0,10812,40.569167143379346,2859.633383535276
CKT_0117,7,16.95660424717395,1.4452699157656343,wide_4,wide,2.90030297375444e-17,4.075096018622208e-17,9.715786024623414e-24,False,1.0,10812,24477839.259405717,1462656204.9829438
CKT_0117,7,16.95660424717395,1.4452699157656343,wide_5,wide,1.0767357082857073e-17,2.071628811657851e-16,2.071628811657851e-16,False,1.0,10812,293105.42330418463,71929686.96898352
CKT_0117,7,16.95660424717395,1.4452699157656343,wide_6,wide,2.3305137050583453e-18,1.883075598104405e-21,1.883075598104405e-21,False,1.0,10812,246008.24305722807,60372954.66844703
CKT_0117,7,16.95660424717395,1.4452699157656343,wide_7,wide,4.938377973896701e-20,2.3975305054983124e-19,2.4550712376302724e-16,False,1.0,10812,2265.056650086919,474183.07070919586
CKT_0117,7,16.95660424717395,1.4452699157656343,wide_8,wide,3.991878228875008e-17,1.3058027462834413e-16,1.3058027462834413e-16,False,1.0,10812,28430528.878843255,912919580.6186897
CKT_0117,7,16.95660424717395,1.4452699157656343,wide_9,wide,3.393862466008274e-18,1.3805673555862472e-17,6.902836777931236e-18,False,1.0,10812,7656661.430801401,539675269.5025153
CKT_0117,7,16.95660424717395,1.4452699157656343,adversarial_minsv,adversarial,1.0896673465341949e-17,2.0963887688858576e-16,6.5512149027683065e-18,False,1.0,10812,565.1110717059553,138828.4028644227
CKT_0068,8,6217.086121661925,2.029035454958682,identity_e0,identity,7.76144930557457e-23,7.881030724944626e-26,3.940515362472313e-26,False,1.0,11880,1.0,20.99168602235946
CKT_0068,8,6217.086121661925,2.029035454958682,identity_e1,identity,1.5393605651470134e-20,1.262311011660689e-16,1.262311011660689e-16,False,1.0,11880,1.0,57639.97578228538
CKT_0068,8,6217.086121661925,2.029035454958682,identity_e2,identity,2.5361645613995178e-17,1.315958217767679e-16,1.3159582177676793e-16,False,1.0,11880,1.0,26.997161694290973
CKT_0068,8,6217.086121661925,2.029035454958682,identity_e3,identity,3.77308592155644e-18,4.689491532805532e-22,1.2293220683757733e-16,False,1.0,11880,1.0,462.39647300818154
CKT_0068,8,6217.086121661925,2.029035454958682,identity_e4,identity,1.5411476036975036e-17,1.4847696807839472e-16,1.4847696807839472e-16,False,1.0,11880,1.0,11.963854477836236
CKT_0068,8,6217.086121661925,2.029035454958682,identity_e5,identity,8.308543495156132e-18,1.8194101223299666e-16,1.8194101223299666e-16,False,1.0,11880,1.0,312.4277377769746
CKT_0068,8,6217.086121661925,2.029035454958682,identity_e6,identity,2.1178037827746024e-17,2.0912161912189897e-16,2.0912161912189897e-16,False,1.0,11880,1.0,67.95497651019218
CKT_0068,8,6217.086121661925,2.029035454958682,identity_e7,identity,1.2633191239270744e-18,2.557932442470795e-18,2.557932442470795e-18,False,1.0,11880,1.0,694.4502559592255
CKT_0068,8,6217.086121661925,2.029035454958682,source,source,3.2791446007775133e-18,3.637979244702149e-16,2.4253194964681e-16,False,1.0,11880,20000.0,239999.97113053768
CKT_0068,8,6217.086121661925,2.029035454958682,ones,ones,1.538854040077969e-19,3.943423724663786e-18,1.971711862331893e-18,False,1.0,11880,1.0,57658.95103311979
CKT_0068,8,6217.086121661925,2.029035454958682,gaussian_0,gaussian,7.849907397342072e-18,2.6051347836780673e-16,1.302567391839034e-16,False,1.0,11880,1.9759093171969624,436.3952239012636
CKT_0068,8,6217.086121661925,2.029035454958682,gaussian_1,gaussian,2.713603012245668e-20,1.264604135039115e-18,1.264604135039115e-18,False,1.0,11880,2.0094734759243194,44949.5753539109
CKT_0068,8,6217.086121661925,2.029035454958682,gaussian_2,gaussian,3.3947843795555394e-20,1.0874223206713911e-18,1.3919005704593806e-16,False,1.0,11880,1.8137734816344224,104547.08861541857
CKT_0068,8,6217.086121661925,2.029035454958682,gaussian_3,gaussian,8.60323622801602e-20,1.5749743251217264e-18,1.5749743251217264e-18,False,1.0,11880,1.2878629363719367,36091.647942524214
CKT_0068,8,6217.086121661925,2.029035454958682,gaussian_4,gaussian,5.1349572463887297e-20,5.482813622399184e-19,5.482813622399184e-19,False,1.0,11880,0.927074574126772,51837.817930362486
CKT_0068,8,6217.086121661925,2.029035454958682,gaussian_5,gaussian,1.3031069667202558e-19,4.772678630019264e-18,3.579508972514448e-18,False,1.0,11880,1.814518330211589,23820.342104441497
CKT_0068,8,6217.086121661925,2.029035454958682,gaussian_6,gaussian,1.2334391180738804e-19,1.5804688782680731e-18,1.9755860978350914e-19,False,1.0,11880,1.7078609993632707,71932.34823212565
CKT_0068,8,6217.086121661925,2.029035454958682,gaussian_7,gaussian,1.7749066895514646e-20,9.096651481949253e-19,1.1643713896895046e-16,False,1.0,11880,2.1681695366401583,124976.57841152657
CKT_0068,8,6217.086121661925,2.029035454958682,gaussian_8,gaussian,6.861959782898658e-20,1.4072838672091036e-16,1.4072838672091036e-16,False,1.0,11880,0.848204043218409,12925.532978312607
CKT_0068,8,6217.086121661925,2.029035454958682,gaussian_9,gaussian,7.249843396173311e-20,1.5481988304244943e-18,1.5481988304244943e-18,False,1.0,11880,1.3442095111237637,73431.6778229607
CKT_0068,8,6217.086121661925,2.029035454958682,wide_0,wide,1.643911384251163e-20,1.3491999458212545e-16,1.3491999458212545e-16,False,1.0,11880,7042621.247210554,56547545490.7909
CKT_0068,8,6217.086121661925,2.029035454958682,wide_1,wide,2.671087165334692e-18,1.3279242749148185e-16,5.06562910047462e-22,False,1.0,11880,2078257.1513373016,56106968.88120186
CKT_0068,8,6217.086121661925,2.029035454958682,wide_2,wide,3.156550036882514e-17,2.824726316625279e-16,2.824726316625279e-16,False,1.0,11880,1552658.303899626,105505167.74772133
CKT_0068,8,6217.086121661925,2.029035454958682,wide_3,wide,2.1126919108061565e-17,1.880782731079958e-16,1.880782731079958e-16,False,1.0,11880,4433718.389186923,316914036.85509825
CKT_0068,8,6217.086121661925,2.029035454958682,wide_4,wide,6.749806679099494e-18,2.198982509446515e-16,6.871820342020361e-18,False,1.0,11880,2332543.6051041507,1084222262.2387867
CKT_0068,8,6217.086121661925,2.029035454958682,wide_5,wide,7.173814360505769e-18,3.225455338216499e-16,4.83818300732475e-16,False,1.0,11880,295739.62144019327,92397256.39535397
CKT_0068,8,6217.086121661925,2.029035454958682,wide_6,wide,2.1870182858609374e-20,1.793440174176934e-16,1.793440174176934e-16,False,1.0,11880,3367201.2451707153,170162231026.2202
CKT_0068,8,6217.086121661925,2.029035454958682,wide_7,wide,5.640292693122398e-18,1.1603432256594322e-17,4.641372902637729e-17,False,1.0,11880,8910406.518813308,2568405772.417762
CKT_0068,8,6217.086121661925,2.029035454958682,wide_8,wide,3.283114455054994e-17,6.268028817418981e-19,1.6046153772592593e-16,False,1.0,11880,10021.191638639808,362751.48386579833
CKT_0068,8,6217.086121661925,2.029035454958682,wide_9,wide,9.578198158988593e-21,1.7850778258947863e-19,3.5701556517895725e-19,False,1.0,11880,176.78655188367458,10189972.544385126
CKT_0068,8,6217.086121661925,2.029035454958682,adversarial_minsv,adversarial,2.0595266462364633e-20,1.6888591426697606e-16,1.6888591426697606e-16,False,1.0,11880,24491.91984187975,1411713819.5709367
CKT_0118,8,24.727289678481938,1.2618968376385877,identity_e0,identity,0.0,1.3349150869142969e-20,0.0,True,1.0,12992,1.0,64.97504946126129
CKT_0118,8,24.727289678481938,1.2618968376385877,identity_e1,identity,1.1670352803384932e-20,7.23655489273572e-20,1.482046442032275e-16,False,1.0,12992,1.0,11.985837886189303
CKT_0118,8,24.727289678481938,1.2618968376385877,identity_e2,identity,5.1277245099230063e-23,1.7009444916209856e-22,1.783569571245966e-16,False,1.0,12992,1.0,159.35296210816807
CKT_0118,8,24.727289678481938,1.2618968376385877,identity_e3,identity,4.452862056565133e-18,1.3103961297895165e-16,1.3103961297895165e-16,False,1.0,12992,1.0,216.8940275714128
CKT_0118,8,24.727289678481938,1.2618968376385877,identity_e4,identity,8.240979556058163e-18,1.208814935388093e-16,1.2088149353880932e-16,False,1.0,12992,1.0,235.1204357123462
CKT_0118,8,24.727289678481938,1.2618968376385877,identity_e5,identity,5.221100020297972e-17,1.2051592653258955e-16,1.883061352071712e-18,False,1.0,12992,1.0,29.479204790744287
CKT_0118,8,24.727289678481938,1.2618968376385877,identity_e6,identity,5.892096852801738e-17,7.079931334515549e-17,7.079931334515549e-17,False,1.0,12992,1.0,25.090029203253557
CKT_0118,8,24.727289678481938,1.2618968376385877,identity_e7,identity,0.0,0.0,5.57388174336491e-21,False,1.0,12992,1.0,9.725737129031552
CKT_0118,8,24.727289678481938,1.2618968376385877,source,source,9.549725624255032e-17,1.1863730916275947e-16,1.1863730916275947e-16,False,1.0,12992,2756.489361702127,61329.42213146018
CKT_0118,8,24.727289678481938,1.2618968376385877,ones,ones,8.073742519353441e-18,1.1833584154604037e-16,1.1833584154604034e-16,False,1.0,12992,1.0,240.17836911521107
CKT_0118,8,24.727289678481938,1.2618968376385877,gaussian_0,gaussian,7.111706499124059e-18,5.317576116003255e-17,5.317576116003255e-17,False,1.0,12992,1.7339319858262214,267.2430898061696
CKT_0118,8,24.727289678481938,1.2618968376385877,gaussian_1,gaussian,1.602419188467656e-17,1.2336107910831236e-16,1.2336107910831236e-16,False,1.0,12992,2.2911944124517247,230.39446181764865
CKT_0118,8,24.727289678481938,1.2618968376385877,gaussian_2,gaussian,1.180129976008011e-17,1.8233153047937984e-16,1.4600767089169092e-17,False,1.0,12992,1.6150363668685184,155.87928953197843
CKT_0118,8,24.727289678481938,1.2618968376385877,gaussian_3,gaussian,2.032659578810437e-17,1.600782404355608e-16,1.600782404355608e-16,False,1.0,12992,2.256370236134775,177.54886206314288
CKT_0118,8,24.727289678481938,1.2618968376385877,gaussian_4,gaussian,7.18160098682815e-18,1.0719881590719675e-16,0.0,True,1.0,12992,1.6631371332078537,265.1308150176678
CKT_0118,8,24.727289678481938,1.2618968376385877,gaussian_5,gaussian,6.10250633006954e-18,1.1193909932238258e-17,8.955127945790606e-17,False,1.0,12992,1.3651510752619327,317.3791553002182
CKT_0118,8,24.727289678481938,1.2618968376385877,gaussian_6,gaussian,9.541021323699327e-18,7.005044852017792e-17,3.502522426008896e-17,False,1.0,12992,0.8877258205368099,202.86600607715724
CKT_0118,8,24.727289678481938,1.2618968376385877,gaussian_7,gaussian,2.1615988291009746e-17,1.629907737640654e-16,1.6299077376406543e-16,False,1.0,12992,2.6064801800677744,348.75237136484026
CKT_0118,8,24.727289678481938,1.2618968376385877,gaussian_8,gaussian,1.0916233016841139e-17,4.114557862520166e-17,4.114557862520166e-17,False,1.0,12992,1.2855995194728054,172.6899364406782
CKT_0118,8,24.727289678481938,1.2618968376385877,gaussian_9,gaussian,9.143872902916413e-18,1.377123753958522e-16,3.4428093848963054e-17,False,1.0,12992,1.51028241227217,206.3845703678135
CKT_0118,8,24.727289678481938,1.2618968376385877,wide_0,wide,2.1703276456507643e-17,1.6610580452241083e-16,2.0763225565301357e-17,False,1.0,12992,3316539.0539620235,358835411.8434724
CKT_0118,8,24.727289678481938,1.2618968376385877,wide_1,wide,1.508108459992274e-17,6.752229821784059e-18,5.401783857427247e-17,False,1.0,12992,10994660.591718473,275856302.0502778
CKT_0118,8,24.727289678481938,1.2618968376385877,wide_2,wide,5.068977766112082e-19,1.4870659570693652e-17,1.4870659570693652e-17,False,1.0,12992,4261564.166756364,1002051127.793559
CKT_0118,8,24.727289678481938,1.2618968376385877,wide_3,wide,5.1642308930836667e-23,8.722621034486703e-23,8.931963939314384e-20,False,1.0,12992,1022382.0127949725,162919547.4504329
CKT_0118,8,24.727289678481938,1.2618968376385877,wide_4,wide,8.25452551802838e-18,1.2321684394193226e-16,1.2321684394193226e-16,False,1.0,12992,94863.64860640647,15116806.190140333
CKT_0118,8,24.727289678481938,1.2618968376385877,wide_5,wide,3.1493601634140906e-18,5.876385971207948e-18,5.876385971207948e-18,False,1.0,12992,121.40588314437717,19346.38709551044
CKT_0118,8,24.727289678481938,1.2618968376385877,wide_6,wide,2.9154500481041556e-17,1.3446380911008093e-16,6.723190455504048e-17,False,1.0,12992,1872024.010761717,55409560.73038427
CKT_0118,8,24.727289678481938,1.2618968376385877,wide_7,wide,4.2997842839127186e-18,5.9128780050791914e-18,1.2318495843914984e-19,False,1.0,12992,502425.7975041041,118130617.67240942
CKT_0118,8,24.727289678481938,1.2618968376385877,wide_8,wide,8.420021666476485e-21,6.890100121958917e-20,1.3780200243917834e-19,False,1.0,12992,17620824.426762566,211200344.99919012
CKT_0118,8,24.727289678481938,1.2618968376385877,wide_9,wide,2.0107700791754217e-19,7.730070673037627e-19,5.153380448691751e-19,False,1.0,12992,130190.29720767819,28237610.968662392
CKT_0118,8,24.727289678481938,1.2618968376385877,adversarial_minsv,adversarial,5.3361954179214195e-18,2.446004401660179e-18,2.446004401660179e-18,False,1.0,12992,3161.8008752600376,743657.453073777
CKT_0101,9,116.31689120341456,2.140836012941628,identity_e0,identity,6.137203330939705e-17,1.3619039344357913e-15,2.7238078688715833e-16,False,1.0,14160,1.0,417.3820004738957
CKT_0101,9,116.31689120341456,2.140836012941628,identity_e1,identity,5.780483362871943e-17,9.272458818092428e-16,2.649273948026406e-16,False,1.0,14160,1.0,214.5622535682045
CKT_0101,9,116.31689120341456,2.140836012941628,identity_e2,identity,9.095360877943079e-17,7.188204049626543e-16,1.0268862928037913e-16,False,1.0,14160,1.0,276.7756238405121
CKT_0101,9,116.31689120341456,2.140836012941628,identity_e3,identity,8.355943264475123e-17,6.57498522201638e-16,1.8785672062903937e-16,False,1.0,14160,1.0,302.5892215645386
CKT_0101,9,116.31689120341456,2.140836012941628,identity_e4,identity,5.670744098487063e-17,1.6050088735137553e-15,1.2346222103951981e-16,False,1.0,14160,1.0,920.822878159832
CKT_0101,9,116.31689120341456,2.140836012941628,identity_e5,identity,1.478471660704744e-17,1.546145742357573e-15,1.2884547852979795e-16,False,1.0,14160,1.0,882.3502308257081
CKT_0101,9,116.31689120341456,2.140836012941628,identity_e6,identity,3.863898264248472e-20,1.3170531173416834e-16,5.144738739615952e-19,False,1.0,14160,1.0,26.974718270825967
CKT_0101,9,116.31689120341456,2.140836012941628,identity_e7,identity,2.35911249342176e-17,1.2835966507668225e-16,2.0056197668231605e-18,False,1.0,14160,1.0,55.35560842540535
CKT_0101,9,116.31689120341456,2.140836012941628,source,source,2.92729705878414e-17,4.3797056233072607e-16,1.5926202266571858e-16,False,1.0,14160,1649.9999999999998,91370.90553540467
CKT_0101,9,116.31689120341456,2.140836012941628,ones,ones,7.546682234502783e-17,1.4629081814671319e-15,1.6254535349634823e-16,False,1.0,14160,1.0,2797.6644124538484
CKT_0101,9,116.31689120341456,2.140836012941628,gaussian_0,gaussian,1.698684945709165e-17,1.7660293724341273e-15,1.177352914956087e-16,False,1.0,14160,1.4182569205337134,1931.2278634118188
CKT_0101,9,116.31689120341456,2.140836012941628,gaussian_1,gaussian,5.400629958805824e-17,1.9340092636804327e-15,2.417511579600545e-16,False,1.0,14160,1.5169295556768816,1881.055523058151
CKT_0101,9,116.31689120341456,2.140836012941628,gaussian_2,gaussian,4.825994624749182e-17,2.000966536365144e-15,7.146309058446958e-17,False,1.0,14160,1.9578761529134714,795.423461200841
CKT_0101,9,116.31689120341456,2.140836012941628,gaussian_3,gaussian,6.211139337430119e-17,9.88136264242487e-16,2.4703406606062176e-16,False,1.0,14160,1.3632195427983187,460.20712663053297
CKT_0101,9,116.31689120341456,2.140836012941628,gaussian_4,gaussian,1.831068835462403e-17,2.0765724617249636e-15,3.460954102874945e-16,False,1.0,14160,2.8756068896407756,3941.8091431092466
CKT_0101,9,116.31689120341456,2.140836012941628,gaussian_5,gaussian,3.690925471976784e-17,1.4570316937393445e-15,1.6189241041548295e-16,False,1.0,14160,2.2246465264493596,1404.473964280951
CKT_0101,9,116.31689120341456,2.140836012941628,gaussian_6,gaussian,6.480982730048574e-17,1.5942606095561443e-15,3.5428013545692163e-16,False,1.0,14160,1.57080656387772,641.7906416062084
CKT_0101,9,116.31689120341456,2.140836012941628,gaussian_7,gaussian,6.340846934352827e-17,1.7193651899918764e-15,4.584973839978343e-16,False,1.0,14160,1.882099983201594,991.8210370609485
CKT_0101,9,116.31689120341456,2.140836012941628,gaussian_8,gaussian,7.010633469689445e-17,1.5501765870850817e-15,3.1003531741701677e-16,False,1.0,14160,1.5677100356951432,1466.7598345733002
CKT_0101,9,116.31689120341456,2.140836012941628,gaussian_9,gaussian,6.548394308325408e-17,1.3553662257587545e-15,1.5059624730652852e-16,False,1.0,14160,2.0158301054284933,754.9114918528757
CKT_0101,9,116.31689120341456,2.140836012941628,wide_0,wide,7.047171083472968e-17,6.363087061635838e-16,1.2726174123271668e-16,False,1.0,14160,189033.31178877864,58545329.6863144
CKT_0101,9,116.31689120341456,2.140836012941628,wide_1,wide,7.781391130593856e-17,7.521787730868641e-16,3.7608938654343183e-16,False,1.0,14160,214985.3123160921,59431993.006243065
CKT_0101,9,116.31689120341456,2.140836012941628,wide_2,wide,1.0110149056379917e-16,1.2085201855649689e-15,4.028400618549894e-16,False,1.0,14160,345233.67814156046,73980532.74657491
CKT_0101,9,116.31689120341456,2.140836012941628,wide_3,wide,2.1061920932787428e-17,1.8071695680185138e-15,3.6143391360370335e-16,False,1.0,14160,754369.0199691989,659646397.6620028
CKT_0101,9,116.31689120341456,2.140836012941628,wide_4,wide,6.002185043317508e-17,1.9978973411951567e-16,1.9978973411951567e-16,False,1.0,14160,11058879.324705364,298336874.204631
CKT_0101,9,116.31689120341456,2.140836012941628,wide_5,wide,8.717802922614767e-17,1.9502260484041636e-15,2.4377825605052085e-16,False,1.0,14160,1259.6263284555628,955091.9242182843
CKT_0101,9,116.31689120341456,2.140836012941628,wide_6,wide,3.4050602352996296e-17,9.261757482726849e-16,1.5436262471211407e-16,False,1.0,14160,5996570.000749107,1544535664.2918751
CKT_0101,9,116.31689120341456,2.140836012941628,wide_7,wide,3.741711799833638e-17,1.6970397428728398e-15,1.885599714303158e-16,False,1.0,14160,23279.230562544635,19756527.69887394
CKT_0101,9,116.31689120341456,2.140836012941628,wide_8,wide,4.600222868197998e-17,1.7405884616641348e-15,5.439338942700431e-17,False,1.0,14160,39827896.6205545,35065816874.16544
CKT_0101,9,116.31689120341456,2.140836012941628,wide_9,wide,4.481458963657158e-17,1.2852124972899835e-15,2.5704249945799677e-16,False,1.0,14160,34271.66218119353,14492896.335497476
CKT_0101,9,116.31689120341456,2.140836012941628,adversarial_minsv,adversarial,5.401896626578775e-17,1.6123747279977607e-15,5.03867102499301e-17,False,1.0,14160,1052.6671194771127,2310437.042813215
CKT_0141,9,305.71049323332574,1.9272420361868103,identity_e0,identity,2.5468766699866122e-17,1.398767562489182e-16,1.3987675624891819e-16,False,1.0,15128,1.0,25.398885233499815
CKT_0141,9,305.71049323332574,1.9272420361868103,identity_e1,identity,2.5471968910856166e-17,1.313842100345465e-16,1.313842100345465e-16,False,1.0,15128,1.0,54.081288426765155
CKT_0141,9,305.71049323332574,1.9272420361868103,identity_e2,identity,7.09430293624074e-17,2.573660752090116e-16,1.2868303760450578e-16,False,1.0,15128,1.0,27.608251599712816
CKT_0141,9,305.71049323332574,1.9272420361868103,identity_e3,identity,4.3766179999861584e-17,2.360618663015827e-16,1.1803093315079134e-16,False,1.0,15128,1.0,30.099852504442236
CKT_0141,9,305.71049323332574,1.9272420361868103,identity_e4,identity,1.41810555101991e-18,1.4532565337161434e-17,1.162605226972915e-16,False,1.0,15128,1.0,61.116423638499064
CKT_0141,9,305.71049323332574,1.9272420361868103,identity_e5,identity,3.6972729765915535e-20,7.209873292867616e-19,1.8457275629741101e-16,False,1.0,15128,1.0,1231.891856655453
CKT_0141,9,305.71049323332574,1.9272420361868103,identity_e6,identity,3.365465399809668e-18,1.3292159197602967e-16,4.153799749250927e-18,False,1.0,15128,1.0,213.8231193885296
CKT_0141,9,305.71049323332574,1.9272420361868103,identity_e7,identity,3.3574128840164064e-17,8.061438319137443e-15,5.591263038730626e-21,False,1.0,15128,1.0,620.5122041157406
CKT_0141,9,305.71049323332574,1.9272420361868103,source,source,5.3968638322072397e-17,2.406417991087075e-15,1.2665357847826707e-16,False,1.0,15128,3529.411764705882,114895.41316721552
CKT_0141,9,305.71049323332574,1.9272420361868103,ones,ones,4.995606278408849e-17,7.792511906985194e-15,1.7710254334057256e-16,False,1.0,15128,1.0,1283.8532476972218
CKT_0141,9,305.71049323332574,1.9272420361868103,gaussian_0,gaussian,2.5144311887258174e-18,1.8044200832989275e-16,1.2552487535992538e-16,False,1.0,15128,1.4754436782583282,1811.3833994359218
CKT_0141,9,305.71049323332574,1.9272420361868103,gaussian_1,gaussian,1.6239643009623487e-17,5.098926442452534e-15,9.997894985201047e-17,False,1.0,15128,3.112812243448946,1137.1077400782472
CKT_0141,9,305.71049323332574,1.9272420361868103,gaussian_2,gaussian,2.2723967597273252e-17,8.1206593003036e-15,3.561692675571784e-17,False,1.0,15128,2.1166289794101365,398.99160342127595
CKT_0141,9,305.71049323332574,1.9272420361868103,gaussian_3,gaussian,1.995439011775048e-17,5.7053826417821685e-15,1.7829320755569281e-16,False,1.0,15128,0.9647168310825491,637.6397580154819
CKT_0141,9,305.71049323332574,1.9272420361868103,gaussian_4,gaussian,3.798654963322786e-17,7.860446792542465e-15,3.3306977934502233e-17,False,1.0,15128,1.612078902925463,1706.6519506089658
CKT_0141,9,305.71049323332574,1.9272420361868103,gaussian_5,gaussian,3.0011926914986155e-17,8.054360281588375e-15,1.202143325610215e-16,False,1.0,15128,2.3199773931829784,1891.4023860492332
CKT_0141,9,305.71049323332574,1.9272420361868103,gaussian_6,gaussian,4.166786016307962e-18,1.3302160455709602e-15,2.1717812988913637e-16,False,1.0,15128,1.5852698541751695,1046.9455444675768
CKT_0141,9,305.71049323332574,1.9272420361868103,gaussian_7,gaussian,5.917591100698791e-17,8.002287458676732e-15,1.2702043585201263e-16,False,1.0,15128,1.9319627746523769,895.0279296322748
CKT_0141,9,305.71049323332574,1.9272420361868103,gaussian_8,gaussian,6.885998661283731e-17,8.295994321070131e-15,2.0234132490415114e-16,False,1.0,15128,1.6941028500995106,280.9283713434943
CKT_0141,9,305.71049323332574,1.9272420361868103,gaussian_9,gaussian,4.222013164197668e-18,6.257508418788277e-16,8.233563708931942e-18,False,1.0,15128,1.4278938123338192,1725.9664487426958
CKT_0141,9,305.71049323332574,1.9272420361868103,wide_0,wide,3.868750004097593e-17,2.8584312893982405e-16,1.4292156446991197e-16,False,1.0,15128,47204902.03253099,834088893.3935322
CKT_0141,9,305.71049323332574,1.9272420361868103,wide_1,wide,2.396405505679203e-17,1.9348179675740518e-16,6.070017153173495e-17,False,1.0,15128,16311019.539741106,490975917.12923276
CKT_0141,9,305.71049323332574,1.9272420361868103,wide_2,wide,3.0947738101992664e-19,6.034970448374388e-18,1.8859282651169963e-19,False,1.0,15128,8018202.500227309,9876542940.064611
CKT_0141,9,305.71049323332574,1.9272420361868103,wide_3,wide,4.849018648490361e-18,4.8546792189606036e-17,2.4273396094803018e-17,False,1.0,15128,21536.433981561837,2398002.3514686427
CKT_0141,9,305.71049323332574,1.9272420361868103,wide_4,wide,6.072733061693835e-17,8.115005383759859e-15,1.8443194053999823e-16,False,1.0,15128,8083.083463018419,5049681.589255414
CKT_0141,9,305.71049323332574,1.9272420361868103,wide_5,wide,2.330901826985063e-17,3.757464221907668e-15,2.1782401286421262e-16,False,1.0,15128,628717.9588435751,34204587.91000411
CKT_0141,9,305.71049323332574,1.9272420361868103,wide_6,wide,2.5785447566385737e-18,1.1731213700357689e-17,8.342196409143245e-18,False,1.0,15128,261062.0300879066,55819986.0647447
CKT_0141,9,305.71049323332574,1.9272420361868103,wide_7,wide,2.460940430953429e-17,1.7662846036927807e-16,4.415711509231953e-17,False,1.0,15128,3119914.5828231564,168728880.5291482
CKT_0141,9,305.71049323332574,1.9272420361868103,wide_8,wide,4.0707580328424924e-18,1.607776536539106e-16,1.607776536539106e-16,False,1.0,15128,27090.64638785359,5792612.054286103
CKT_0141,9,305.71049323332574,1.9272420361868103,wide_9,wide,1.9284980408597944e-17,8.046073921656377e-15,1.4367989145815073e-16,False,1.0,15128,11000.02506356024,6481927.047437549
CKT_0141,9,305.71049323332574,1.9272420361868103,adversarial_minsv,adversarial,3.375428205541716e-17,8.158187325467434e-15,1.4833067864486361e-16,False,1.0,15128,2535.9690929901926,3139345.7615240547
CKT_0099,10,648.0877460490906,2.038958153766831,identity_e0,identity,1.53771941443039e-19,4.649341160997451e-19,1.1902313372153473e-16,False,1.0,15376,1.0,119.39573653345045
CKT_0099,10,648.0877460490906,2.038958153766831,identity_e1,identity,1.3763033386271236e-17,8.078906969745421e-17,8.078906969745421e-17,False,1.0,15376,1.0,351.80141988068493
CKT_0099,10,648.0877460490906,2.038958153766831,identity_e2,identity,3.3792368403728423e-18,1.663570447875452e-16,1.6635704478754518e-16,False,1.0,15376,1.0,85.42382279843157
CKT_0099,10,648.0877460490906,2.038958153766831,identity_e3,identity,3.837475893789221e-17,2.427456312247152e-16,2.427456312247152e-16,False,1.0,15376,1.0,58.542164666381524
CKT_0099,10,648.0877460490906,2.038958153766831,identity_e4,identity,4.2769825045202214e-19,1.1995100598260336e-17,1.9192160957216543e-16,False,1.0,15376,1.0,4738.886380748827
CKT_0099,10,648.0877460490906,2.038958153766831,identity_e5,identity,1.2107084535378979e-17,5.701006832042054e-16,1.9003356106806837e-16,False,1.0,15376,1.0,299.12305248254125
CKT_0099,10,648.0877460490906,2.038958153766831,identity_e6,identity,6.021430131161142e-17,1.8664414656549814e-16,1.8664414656549814e-16,False,1.0,15376,1.0,76.13876447078964
CKT_0099,10,648.0877460490906,2.038958153766831,identity_e7,identity,2.7470245966875427e-18,1.0210641417742883e-16,5.1053207088714413e-17,False,1.0,15376,1.0,1113.4152407317338
CKT_0099,10,648.0877460490906,2.038958153766831,source,source,6.216286949714612e-17,3.2294442743095314e-16,1.0764814247698439e-16,False,1.0,15376,297.7614379084967,33795.09133536166
CKT_0099,10,648.0877460490906,2.038958153766831,ones,ones,3.6752649358723116e-18,1.7009210824183857e-16,1.7009210824183857e-16,False,1.0,15376,1.0,5347.071719987149
CKT_0099,10,648.0877460490906,2.038958153766831,gaussian_0,gaussian,7.628051850679071e-18,3.5582473452787165e-16,3.335856886198796e-17,False,1.0,15376,2.0693522762198415,1278.0093870929145
CKT_0099,10,648.0877460490906,2.038958153766831,gaussian_1,gaussian,7.322026907609866e-18,1.3076323983322634e-16,1.6345404979153294e-16,False,1.0,15376,2.198046274691544,869.4097658226476
CKT_0099,10,648.0877460490906,2.038958153766831,gaussian_2,gaussian,2.2155659960213542e-18,9.00004024101329e-17,2.2500100602533225e-17,False,1.0,15376,1.006109055649048,2526.3628756579055
CKT_0099,10,648.0877460490906,2.038958153766831,gaussian_3,gaussian,5.344573453186507e-18,1.8651955287148698e-16,4.6629888217871745e-17,False,1.0,15376,2.139030153677276,1828.550990575453
CKT_0099,10,648.0877460490906,2.038958153766831,gaussian_4,gaussian,1.6466436361955134e-18,8.011248508966391e-17,2.6704161696554638e-17,False,1.0,15376,2.3127538010019935,4257.270421497031
CKT_0099,10,648.0877460490906,2.038958153766831,gaussian_5,gaussian,4.420438722888799e-19,8.191127871319477e-17,1.6382255742638957e-16,False,1.0,15376,2.015893909648438,5551.706163429855
CKT_0099,10,648.0877460490906,2.038958153766831,gaussian_6,gaussian,2.7462051480584093e-18,1.676020439380027e-16,8.380102196900135e-17,False,1.0,15376,2.709639977566009,2713.2565940226764
CKT_0099,10,648.0877460490906,2.038958153766831,gaussian_7,gaussian,1.0720469810807579e-18,1.5904241437666124e-16,1.5904241437666124e-16,False,1.0,15376,1.4325294359881533,2859.2834978566343
CKT_0099,10,648.0877460490906,2.038958153766831,gaussian_8,gaussian,4.695771646490546e-19,1.7444880590008857e-16,3.488976118001771e-16,False,1.0,15376,2.0913491192054936,2606.7667734390216
CKT_0099,10,648.0877460490906,2.038958153766831,gaussian_9,gaussian,1.5198077544964377e-18,4.938151751651287e-17,1.5802085605284122e-16,False,1.0,15376,1.5439879393095346,5755.535848184488
CKT_0099,10,648.0877460490906,2.038958153766831,wide_0,wide,4.418471254880569e-17,4.565889117892868e-16,4.565889117892869e-16,False,1.0,15376,8590155.289983356,652716735.2992777
CKT_0099,10,648.0877460490906,2.038958153766831,wide_1,wide,3.660874570353157e-19,1.0485746860619907e-17,2.621436715154977e-18,False,1.0,15376,9594868.193667907,45474792071.69558
CKT_0099,10,648.0877460490906,2.038958153766831,wide_2,wide,1.280542527056055e-17,4.0409389746806756e-16,4.040938974680674e-16,False,1.0,15376,325193765.33753985,75521007162.47905
CKT_0099,10,648.0877460490906,2.038958153766831,wide_3,wide,2.4304835231509674e-18,1.1597122977428408e-16,1.1597122977428406e-16,False,1.0,15376,7385492.248358747,8223369867.357581
CKT_0099,10,648.0877460490906,2.038958153766831,wide_4,wide,1.4520578000784955e-17,6.837449898805189e-16,1.7093624747012962e-16,False,1.0,15376,9323750.52728338,2789561402.337736
CKT_0099,10,648.0877460490906,2.038958153766831,wide_5,wide,1.8401147432892869e-19,7.069209685333023e-18,1.4138419370666046e-17,False,1.0,15376,14233840.816534845,67452682750.72558
CKT_0099,10,648.0877460490906,2.038958153766831,wide_6,wide,6.022738381258706e-17,2.847206117517069e-16,1.1388824470068276e-16,False,1.0,15376,46843.34669037146,4088756.381587709
CKT_0099,10,648.0877460490906,2.038958153766831,wide_7,wide,1.9577121749251397e-18,9.149674968133746e-17,1.829934993626749e-16,False,1.0,15376,2566139.1707742885,1302880047.2799342
CKT_0099,10,648.0877460490906,2.038958153766831,wide_8,wide,2.6337762615307647e-17,3.4303591413291535e-16,2.7442873130633225e-16,False,1.0,15376,178805.34244969755,27149418.94552245
CKT_0099,10,648.0877460490906,2.038958153766831,wide_9,wide,1.6901534349696316e-18,3.624458698823361e-17,9.665223196862296e-17,False,1.0,15376,8897592.982425267,9867069771.506668
CKT_0099,10,648.0877460490906,2.038958153766831,adversarial_minsv,adversarial,3.897875662315067e-19,2.099398341906805e-16,2.099398341906805e-16,False,1.0,15376,464.74681108722234,2218070.187122261
CKT_0081,11,156683.03378479372,1.9999862354580533,identity_e0,identity,4.8511062187770055e-18,0.0,0.0,True,1.0,20448,1.0,131.31495467591196
CKT_0081,11,156683.03378479372,1.9999862354580533,identity_e1,identity,0.0,0.0,0.0,True,1.0,20448,1.0,17.44871543245846
CKT_0081,11,156683.03378479372,1.9999862354580533,identity_e2,identity,2.5950848531487486e-18,4.441953824023442e-16,3.331465368017581e-16,False,1.0,20448,1.0,2047.5104825586068
CKT_0081,11,156683.03378479372,1.9999862354580533,identity_e3,identity,0.0,3.1933503009895396e-16,0.0,True,1.0,20448,1.0,2136.0670206407485
CKT_0081,11,156683.03378479372,1.9999862354580533,identity_e4,identity,0.0,4.302578497190725e-12,1.2383302625333755e-16,False,1.0,20448,1.0,470049.5713832124
CKT_0081,11,156683.03378479372,1.9999862354580533,identity_e5,identity,9.287313075992123e-17,4.302710935520401e-12,0.0,True,1.0,20448,1.0,470048.6312970097
CKT_0081,11,156683.03378479372,1.9999862354580533,identity_e6,identity,1.8893906759325347e-17,2.0207372286136987e-15,2.0207372286137027e-16,False,1.0,20448,1.0,2250.403191702649
CKT_0081,11,156683.03378479372,1.9999862354580533,identity_e7,identity,0.0,2.095046465028079e-15,0.0,True,1.0,20448,1.0,2170.583605077076
CKT_0081,11,156683.03378479372,1.9999862354580533,source,source,2.2390754593523732e-17,1.5369165359603963e-12,1.4572763817004656e-16,False,1.0,20448,1833.3333333333333,49928.46728012747
CKT_0081,11,156683.03378479372,1.9999862354580533,ones,ones,9.287417693422683e-17,4.302731942729213e-12,1.2383387851006445e-16,False,1.0,20448,1.0,940092.6727613824
CKT_0081,11,156683.03378479372,1.9999862354580533,gaussian_0,gaussian,1.1967645783679559e-16,4.3027262660271495e-12,1.322247707817411e-16,False,1.0,20448,3.1222652040290098,220108.7608975659
CKT_0081,11,156683.03378479372,1.9999862354580533,gaussian_1,gaussian,8.291618878979401e-17,4.3026048678040354e-12,1.6714987249079376e-16,False,1.0,20448,1.5531664657178963,348236.3464960067
CKT_0081,11,156683.03378479372,1.9999862354580533,gaussian_2,gaussian,1.2333870796765665e-16,4.302630637174753e-12,8.538591948379533e-18,False,1.0,20448,3.059723157872977,213031.5413293719
CKT_0081,11,156683.03378479372,1.9999862354580533,gaussian_3,gaussian,4.981933909898981e-17,4.302561233964849e-12,1.8129023865277616e-16,False,1.0,20448,2.379248840433685,321074.4348180384
CKT_0081,11,156683.03378479372,1.9999862354580533,gaussian_4,gaussian,7.827995439150064e-17,4.302721569279198e-12,4.923833639936882e-19,False,1.0,20448,2.0323135480984336,230890.89931777905
CKT_0081,11,156683.03378479372,1.9999862354580533,gaussian_5,gaussian,5.057126301105464e-17,4.302689728413005e-12,1.176530510074784e-16,False,1.0,20448,1.261114459942137,989479.8377947301
CKT_0081,11,156683.03378479372,1.9999862354580533,gaussian_6,gaussian,2.2797144604278023e-17,4.302862582856472e-12,4.733163987246512e-18,False,1.0,20448,1.787540126224063,192153.64272684348
CKT_0081,11,156683.03378479372,1.9999862354580533,gaussian_7,gaussian,7.757781215543056e-17,4.302540873435762e-12,8.992402507643733e-19,False,1.0,20448,1.195897775773064,252850.86521645315
CKT_0081,11,156683.03378479372,1.9999862354580533,gaussian_8,gaussian,1.098024386545415e-16,4.30183444080461e-12,6.149413397125738e-18,False,1.0,20448,2.4116786392443528,73949.71219515262
CKT_0081,11,156683.03378479372,1.9999862354580533,gaussian_9,gaussian,2.9500285657988335e-17,4.302851942190747e-12,1.6925648657278371e-18,False,1.0,20448,1.8434185857308436,268673.5144362775
CKT_0081,11,156683.03378479372,1.9999862354580533,wide_0,wide,9.288507826057053e-18,1.990851119215277e-15,1.5314239378579084e-16,False,1.0,20448,18870509.654819,49818958308.31584
CKT_0081,11,156683.03378479372,1.9999862354580533,wide_1,wide,1.0030701066114004e-16,4.302663484886821e-12,2.2966427859613653e-28,False,1.0,20448,171359.75884165545,472081326.3224398
CKT_0081,11,156683.03378479372,1.9999862354580533,wide_2,wide,4.6547715973316076e-17,4.302470285666584e-12,2.1749420107411147e-16,False,1.0,20448,108234979.02732497,17960248966219.29
CKT_0081,11,156683.03378479372,1.9999862354580533,wide_3,wide,3.004744159513471e-17,4.302740248885307e-12,1.2199087774281403e-16,False,1.0,20448,164675.78185816397,3908793567.4043746
CKT_0081,11,156683.03378479372,1.9999862354580533,wide_4,wide,3.1447102696441926e-18,1.1310826467612862e-14,1.7997772170860506e-16,False,1.0,20448,85099290.8938921,84781543613.51962
CKT_0081,11,156683.03378479372,1.9999862354580533,wide_5,wide,8.025859020295866e-17,4.30265734962325e-12,1.6558234941715361e-16,False,1.0,20448,100376564.85483761,47181961286935.69
CKT_0081,11,156683.03378479372,1.9999862354580533,wide_6,wide,1.0186319539856125e-17,1.0943650802703919e-16,2.1887301605407843e-16,False,1.0,20448,2612236.2668360495,2178601852.342135
CKT_0081,11,156683.03378479372,1.9999862354580533,wide_7,wide,4.4590931342833175e-17,4.302546930228535e-12,1.4545504021587874e-23,False,1.0,20448,1065349.734698103,500220384483.393
CKT_0081,11,156683.03378479372,1.9999862354580533,wide_8,wide,4.25242349821213e-17,4.302717836304973e-12,1.286518666719277e-20,False,1.0,20448,154006.97022966194,72390910346.47975
CKT_0081,11,156683.03378479372,1.9999862354580533,wide_9,wide,2.3110825777461336e-17,2.110860582076327e-15,1.1109792537243846e-16,False,1.0,20448,1907231.852293839,4292043767.735561
CKT_0081,11,156683.03378479372,1.9999862354580533,adversarial_minsv,adversarial,2.865280714847621e-17,4.302734274892365e-12,1.9245579795472787e-16,False,1.0,20448,1317.7670545071808,1238822532.9415464
CKT_0080,12,8804.268269944418,1.998668959508416,identity_e0,identity,8.474028313334122e-18,1.189324389507791e-16,1.1893243895077912e-16,False,1.0,21904,1.0,119.48678460283868
CKT_0080,12,8804.268269944418,1.998668959508416,identity_e1,identity,7.953578689871334e-18,2.452535386428022e-17,2.452535386428022e-17,False,1.0,21904,1.0,579.4352568302512
CKT_0080,12,8804.268269944418,1.998668959508416,identity_e2,identity,1.2608978653552206e-20,0.0,0.0,True,1.0,21904,1.0,189517.81008879957
CKT_0080,12,8804.268269944418,1.998668959508416,identity_e3,identity,4.851223100371846e-19,0.0,0.0,True,1.0,21904,1.0,9831.236193551003
CKT_0080,12,8804.268269944418,1.998668959508416,identity_e4,identity,8.767036770303399e-17,2.1535650004227489e-16,2.1535650004227489e-16,False,1.0,21904,1.0,32.99379102189251
CKT_0080,12,8804.268269944418,1.998668959508416,identity_e5,identity,5.551106336681573e-17,0.0,0.0,True,1.0,21904,1.0,21.52635064213533
CKT_0080,12,8804.268269944418,1.998668959508416,identity_e6,identity,3.305266015873498e-17,9.838359954423401e-16,1.9676719908846785e-16,False,1.0,21904,1.0,18488.746213519327
CKT_0080,12,8804.268269944418,1.998668959508416,identity_e7,identity,1.2934273162282227e-19,9.8559657917635e-16,2.4639914479408734e-17,False,1.0,21904,1.0,18455.719530459035
CKT_0080,12,8804.268269944418,1.998668959508416,source,source,4.114230119408506e-19,1.2166687968895228e-16,6.083343984447614e-17,False,1.0,21904,4090.909090909091,119604.57328707355
CKT_0080,12,8804.268269944418,1.998668959508416,ones,ones,6.4207523431187255e-18,1.9091757792904453e-16,9.545878896452226e-18,False,1.0,21904,1.0,190552.32349761875
CKT_0080,12,8804.268269944418,1.998668959508416,gaussian_0,gaussian,1.5080083461244406e-18,7.425763216888152e-17,1.9802035245035067e-16,False,1.0,21904,1.5444081513279881,293947.87047488824
CKT_0080,12,8804.268269944418,1.998668959508416,gaussian_1,gaussian,1.5364143299841866e-18,6.800936174952562e-17,6.800936174952562e-18,False,1.0,21904,1.97282811020375,133730.80975565428
CKT_0080,12,8804.268269944418,1.998668959508416,gaussian_2,gaussian,3.524970802724555e-18,1.3869424415344614e-16,8.465224862881234e-21,False,1.0,21904,1.8658188378492828,131151.03764027831
CKT_0080,12,8804.268269944418,1.998668959508416,gaussian_3,gaussian,1.0664186557976272e-17,4.861685775845064e-16,1.3890530788128752e-16,False,1.0,21904,2.781049121381654,52380.70254595072
CKT_0080,12,8804.268269944418,1.998668959508416,gaussian_4,gaussian,5.748009057203948e-18,1.8523553784834492e-16,1.8523553784834492e-16,False,1.0,21904,2.14782991990375,157117.96340376892
CKT_0080,12,8804.268269944418,1.998668959508416,gaussian_5,gaussian,2.8798554151658136e-18,2.9331961231605447e-16,1.173278449264218e-16,False,1.0,21904,3.468754282522555,248055.61267221087
CKT_0080,12,8804.268269944418,1.998668959508416,gaussian_6,gaussian,4.4783863610518825e-18,1.3185544770610746e-16,1.5069194023555136e-16,False,1.0,21904,2.1932115836149806,193134.61895334665
CKT_0080,12,8804.268269944418,1.998668959508416,gaussian_7,gaussian,1.1775806873527221e-18,3.454687305885637e-17,1.3818749223542549e-16,False,1.0,21904,2.6513897482209106,26326.39718863852
CKT_0080,12,8804.268269944418,1.998668959508416,gaussian_8,gaussian,1.7595174042556277e-18,2.114807451215866e-17,1.1278973073151284e-16,False,1.0,21904,1.6204964697071813,258036.172867662
CKT_0080,12,8804.268269944418,1.998668959508416,gaussian_9,gaussian,5.2678215651883684e-18,2.506571612911474e-16,1.5666072580696713e-17,False,1.0,21904,1.467479766121874,116110.10954890911
CKT_0080,12,8804.268269944418,1.998668959508416,wide_0,wide,2.598296291516625e-17,9.353133992681282e-16,1.1691417490851592e-16,False,1.0,21904,7079038.620869492,130512737864.67583
CKT_0080,12,8804.268269944418,1.998668959508416,wide_1,wide,1.457913285665231e-18,4.82543408513549e-17,3.860347268108392e-17,False,1.0,21904,1332386.782875856,772011436.2223879
CKT_0080,12,8804.268269944418,1.998668959508416,wide_2,wide,2.476070384763876e-17,2.605073418832709e-16,1.3025367094163546e-16,False,1.0,21904,62340864.67391101,58573355177.59502
CKT_0080,12,8804.268269944418,1.998668959508416,wide_3,wide,3.622691725009018e-17,5.670245613889907e-16,1.8900818712966357e-16,False,1.0,21904,1238548.7934458188,2522838642.307091
CKT_0080,12,8804.268269944418,1.998668959508416,wide_4,wide,4.643061952416991e-17,1.0576370466630311e-15,1.7627284111050502e-16,False,1.0,21904,2610078.0925038,21640867881.81723
CKT_0080,12,8804.268269944418,1.998668959508416,wide_5,wide,1.0471151707495163e-18,2.1299321974595757e-16,5.324830493648938e-17,False,1.0,21904,228151.19158164322,2238743368.3187704
CKT_0080,12,8804.268269944418,1.998668959508416,wide_6,wide,2.993958563189769e-17,6.989096206985947e-16,1.1648493678309903e-16,False,1.0,21904,14205592.31512012,261987334738.6135
CKT_0080,12,8804.268269944418,1.998668959508416,wide_7,wide,1.970859616883326e-19,1.095047126352367e-18,1.095047126352367e-18,False,1.0,21904,14817.500617742387,212621574.04077676
CKT_0080,12,8804.268269944418,1.998668959508416,wide_8,wide,7.979640951898492e-17,6.864368272846343e-16,1.9612480779560974e-16,False,1.0,21904,9224293.921500318,303911807.20751673
CKT_0080,12,8804.268269944418,1.998668959508416,wide_9,wide,1.4819402170976257e-17,1.5219901051470356e-16,7.609950525735177e-17,False,1.0,21904,135241.9845616691,391623076.7455113
CKT_0080,12,8804.268269944418,1.998668959508416,adversarial_minsv,adversarial,6.706547193768323e-22,0.0,0.0,True,1.0,21904,4211.291427742335,798139810.7633885
CKT_0091,12,4389.5114738131515,1.5421316305241335,identity_e0,identity,3.778324274049994e-17,8.451591357525667e-16,2.1128978393814154e-16,False,1.0,21904,1.0,269.0306071657958
CKT_0091,12,4389.5114738131515,1.5421316305241335,identity_e1,identity,2.45602060483814e-17,4.501376146196346e-16,1.1253440365490866e-16,False,1.0,21904,1.0,63.14004541571204
CKT_0091,12,4389.5114738131515,1.5421316305241335,identity_e2,identity,5.678332552079518e-17,8.366507559886637e-16,1.19521536569809e-16,False,1.0,21904,1.0,237.7957165385313
CKT_0091,12,4389.5114738131515,1.5421316305241335,identity_e3,identity,5.684331122962615e-17,8.375638085834464e-16,2.3930394530955596e-16,False,1.0,21904,1.0,237.53648853251116
CKT_0091,12,4389.5114738131515,1.5421316305241335,identity_e4,identity,2.772461220070694e-17,6.997376810414342e-16,2.3324589368047793e-16,False,1.0,21904,1.0,243.70597897289227
CKT_0091,12,4389.5114738131515,1.5421316305241335,identity_e5,identity,2.245423430505495e-20,3.5726215014230266e-19,1.6331984006505264e-18,False,1.0,21904,1.0,67.97845406797721
CKT_0091,12,4389.5114738131515,1.5421316305241335,identity_e6,identity,1.1649997979361435e-18,1.947876601005105e-16,1.2174228756281908e-17,False,1.0,21904,1.0,4669.1597470991155
CKT_0091,12,4389.5114738131515,1.5421316305241335,identity_e7,identity,2.1589117745977334e-20,5.925664879973095e-18,2.9628324399865473e-18,False,1.0,21904,1.0,149.8867110595289
CKT_0091,12,4389.5114738131515,1.5421316305241335,source,source,5.950818113893338e-17,9.702510772836888e-16,3.881004309134755e-16,False,1.0,21904,2205.952565707134,149980.92317615703
CKT_0091,12,4389.5114738131515,1.5421316305241335,ones,ones,2.062302183396277e-18,1.3448727348987032e-16,1.3448727348987032e-16,False,1.0,21904,1.0,54101.45826721259
CKT_0091,12,4389.5114738131515,1.5421316305241335,gaussian_0,gaussian,1.8603802621346274e-19,1.294208170280071e-16,1.2942081702800708e-16,False,1.0,21904,1.7778830965772277,56219.37630488675
CKT_0091,12,4389.5114738131515,1.5421316305241335,gaussian_1,gaussian,4.931993978571665e-19,1.144001117011774e-16,1.144001117011774e-16,False,1.0,21904,2.1507540984291844,31800.48299773007
CKT_0091,12,4389.5114738131515,1.5421316305241335,gaussian_2,gaussian,2.6808203927781965e-19,1.2100842568372582e-16,1.210084256837258e-16,False,1.0,21904,2.149812089904092,30063.84709607025
CKT_0091,12,4389.5114738131515,1.5421316305241335,gaussian_3,gaussian,8.832900180822054e-18,1.5074005145155147e-16,2.323909126544752e-16,False,1.0,21904,1.9086954573571853,4525.147893749611
CKT_0091,12,4389.5114738131515,1.5421316305241335,gaussian_4,gaussian,2.269469639348202e-19,1.457573016949668e-16,1.457573016949668e-16,False,1.0,21904,1.2698355635513552,24959.153090697877
CKT_0091,12,4389.5114738131515,1.5421316305241335,gaussian_5,gaussian,7.913893130502203e-19,2.756889069485644e-16,1.378444534742822e-16,False,1.0,21904,2.9609183092020572,13195.956440026275
CKT_0091,12,4389.5114738131515,1.5421316305241335,gaussian_6,gaussian,4.995326993624279e-19,1.0560461294269413e-16,5.280230647134707e-17,False,1.0,21904,2.4274254580579595,34449.0520415604
CKT_0091,12,4389.5114738131515,1.5421316305241335,gaussian_7,gaussian,1.6140096228772673e-18,3.369634128221802e-16,2.246422752147868e-16,False,1.0,21904,2.477628093102859,32389.084410878055
CKT_0091,12,4389.5114738131515,1.5421316305241335,gaussian_8,gaussian,7.690585853376556e-19,1.1465410945850992e-16,1.1465410945850992e-16,False,1.0,21904,2.650301397997668,63460.06827445108
CKT_0091,12,4389.5114738131515,1.5421316305241335,gaussian_9,gaussian,4.347454346232008e-19,3.0242966710106616e-16,3.0242966710106616e-16,False,1.0,21904,1.3374361912488846,48116.69228040345
CKT_0091,12,4389.5114738131515,1.5421316305241335,wide_0,wide,1.200230253462059e-17,1.123187651728241e-16,2.807969129320603e-17,False,1.0,21904,20163537.141772695,33963133940.756485
CKT_0091,12,4389.5114738131515,1.5421316305241335,wide_1,wide,1.7586024285052005e-19,1.749794435000877e-16,2.1872430437510962e-17,False,1.0,21904,977153.0692435142,10900415469.726557
CKT_0091,12,4389.5114738131515,1.5421316305241335,wide_2,wide,4.947386781029704e-17,7.189741712320476e-16,1.7974354280801177e-16,False,1.0,21904,19324723.02671187,1326437519.6844923
CKT_0091,12,4389.5114738131515,1.5421316305241335,wide_3,wide,5.0282682383554447e-17,7.476496552136776e-16,1.8691241380341924e-16,False,1.0,21904,16616.42749227744,4982668.382823279
CKT_0091,12,4389.5114738131515,1.5421316305241335,wide_4,wide,3.283894130960408e-18,1.2598696754546894e-16,1.2598696754546894e-16,False,1.0,21904,68.52375828197297,115503.33746317877
CKT_0091,12,4389.5114738131515,1.5421316305241335,wide_5,wide,1.903685719118823e-19,4.0934787809550096e-16,2.0467393904775038e-16,False,1.0,21904,35423537.54585493,596413559381.0066
CKT_0091,12,4389.5114738131515,1.5421316305241335,wide_6,wide,2.2379766683770994e-17,5.660396881792015e-16,1.8867989605973374e-16,False,1.0,21904,5537833.769291633,1263614110.8858895
CKT_0091,12,4389.5114738131515,1.5421316305241335,wide_7,wide,1.884909103179283e-20,1.2510954935787683e-17,1.2510954935787683e-17,False,1.0,21904,195791.51509248925,4764196264.898299
CKT_0091,12,4389.5114738131515,1.5421316305241335,wide_8,wide,2.330678443062249e-18,6.706671921104307e-17,1.6766679802760768e-17,False,1.0,21904,48876350.846564084,28439569659.140858
CKT_0091,12,4389.5114738131515,1.5421316305241335,wide_9,wide,3.256305416691945e-17,6.133403927357172e-16,1.2266807854714336e-16,False,1.0,21904,130030405.43961653,31097717603.516132
CKT_0091,12,4389.5114738131515,1.5421316305241335,adversarial_minsv,adversarial,1.5960157594623178e-19,8.326628908278329e-17,1.6653257816556655e-16,False,1.0,21904,1999.2615658680231,89478955.75743103
CKT_0092,13,2737.353073414059,2.1996672801984576,identity_e0,identity,9.439749389782045e-22,1.156709640290652e-19,7.229435251816575e-21,False,1.0,26568,1.0,14.997052117080264
CKT_0092,13,2737.353073414059,2.1996672801984576,identity_e1,identity,2.070388230068365e-23,1.220302835528881e-16,1.220302835528881e-16,False,1.0,26568,1.0,14906.049142772861
CKT_0092,13,2737.353073414059,2.1996672801984576,identity_e2,identity,1.1418851141576783e-18,6.374190321918202e-18,1.2748380643836403e-17,False,1.0,26568,1.0,557.3592094644852
CKT_0092,13,2737.353073414059,2.1996672801984576,identity_e3,identity,7.859571977566787e-17,1.318992010724893e-16,2.637984021449786e-16,False,1.0,26568,1.0,26.935065943636737
CKT_0092,13,2737.353073414059,2.1996672801984576,identity_e4,identity,7.845277352670828e-20,2.2199562739485799e-16,2.2199562739485799e-16,False,1.0,26568,1.0,16387.61470117126
CKT_0092,13,2737.353073414059,2.1996672801984576,identity_e5,identity,6.15373575846253e-17,5.094188519256478e-16,1.6980628397521596e-16,False,1.0,26568,1.0,41.844313362620156
CKT_0092,13,2737.353073414059,2.1996672801984576,identity_e6,identity,1.5353175218319455e-19,2.60993252563238e-18,1.1135712109364824e-16,False,1.0,26568,1.0,16334.738054301326
CKT_0092,13,2737.353073414059,2.1996672801984576,identity_e7,identity,1.3055157666188057e-17,4.597925448562308e-16,1.5326418161874365e-16,False,1.0,26568,1.0,92.72130360212009
CKT_0092,13,2737.353073414059,2.1996672801984576,source,source,3.762764883136102e-17,2.434722902513908e-16,1.217361451256954e-16,False,1.0,26568,5555.555555555556,239073.0413443215
CKT_0092,13,2737.353073414059,2.1996672801984576,ones,ones,8.663878994217439e-19,2.1317906944821967e-16,2.1317906944821972e-16,False,1.0,26568,1.0,17065.365828399787
CKT_0092,13,2737.353073414059,2.1996672801984576,gaussian_0,gaussian,2.927157160190068e-19,1.578293306881988e-16,1.578293306881988e-16,False,1.0,26568,1.459012782256012,11525.040343352772
CKT_0092,13,2737.353073414059,2.1996672801984576,gaussian_1,gaussian,3.093749813650954e-19,2.1886527413268509e-16,2.1886527413268509e-16,False,1.0,26568,2.2340951754955927,33244.00201455643
CKT_0092,13,2737.353073414059,2.1996672801984576,gaussian_2,gaussian,5.087669840371559e-20,3.5996237489212456e-17,7.199247497842491e-17,False,1.0,26568,2.165421978737505,25266.38241136981
CKT_0092,13,2737.353073414059,2.1996672801984576,gaussian_3,gaussian,6.882836706697124e-20,1.5580995027788862e-16,7.790497513894432e-17,False,1.0,26568,1.4398011706819236,23348.82207845738
CKT_0092,13,2737.353073414059,2.1996672801984576,gaussian_4,gaussian,7.975301207818377e-20,1.128562956531575e-16,1.1285629565315753e-16,False,1.0,26568,1.448746253888732,16117.748620211463
CKT_0092,13,2737.353073414059,2.1996672801984576,gaussian_5,gaussian,6.7517216970359715e-19,2.9877994719471524e-17,2.9877994719471524e-17,False,1.0,26568,1.6172288803472885,7610.071478292764
CKT_0092,13,2737.353073414059,2.1996672801984576,gaussian_6,gaussian,1.7869383515294694e-19,1.2648809066567572e-16,1.264880906656757e-16,False,1.0,26568,1.1937199238307872,7190.3583727644345
CKT_0092,13,2737.353073414059,2.1996672801984576,gaussian_7,gaussian,5.9796517593266115e-19,2.1210321247832952e-16,2.1210321247832952e-16,False,1.0,26568,2.3539043890386724,4287.981738446563
CKT_0092,13,2737.353073414059,2.1996672801984576,gaussian_8,gaussian,9.02825407164623e-19,1.4214244546484613e-16,1.4214244546484616e-16,False,1.0,26568,2.061933030247096,6398.473719785968
CKT_0092,13,2737.353073414059,2.1996672801984576,gaussian_9,gaussian,1.7688512762681503e-19,1.6688923164145842e-16,4.17223079103646e-17,False,1.0,26568,2.389095915904486,21798.762995730463
CKT_0092,13,2737.353073414059,2.1996672801984576,wide_0,wide,6.348009832489645e-20,2.1052004599893746e-18,2.8069339466524994e-18,False,1.0,26568,405138.88828475476,5308696776.288064
CKT_0092,13,2737.353073414059,2.1996672801984576,wide_1,wide,1.5654327231460076e-18,1.391615114616824e-16,1.391615114616824e-16,False,1.0,26568,13398222.924946303,13706006874.879925
CKT_0092,13,2737.353073414059,2.1996672801984576,wide_2,wide,7.641408769907332e-18,1.7839165104165964e-16,1.7839165104165964e-16,False,1.0,26568,3253477.602976906,334122389.8503592
CKT_0092,13,2737.353073414059,2.1996672801984576,wide_3,wide,2.4480879511332073e-19,2.2662396491912344e-18,7.554132163970781e-19,False,1.0,26568,9660505.056612667,157806730095.80978
CKT_0092,13,2737.353073414059,2.1996672801984576,wide_4,wide,4.8693672733364624e-17,1.9466129824148109e-16,1.946612982414811e-16,False,1.0,26568,564258.6079191623,38274585.982064284
CKT_0092,13,2737.353073414059,2.1996672801984576,wide_5,wide,3.8071107633101884e-21,5.18266933696934e-18,1.6584541878301892e-16,False,1.0,26568,15023066.724760018,184012186462.1848
CKT_0092,13,2737.353073414059,2.1996672801984576,wide_6,wide,1.4634140901381446e-19,1.3347765451857446e-17,1.3347765451857446e-17,False,1.0,26568,18800850.53495429,2232757422.595262
CKT_0092,13,2737.353073414059,2.1996672801984576,wide_7,wide,1.6991273429512224e-17,1.6329680616193664e-16,8.164840308096832e-17,False,1.0,26568,2494286.483902686,730016050.8501612
CKT_0092,13,2737.353073414059,2.1996672801984576,wide_8,wide,4.4941272886798496e-17,2.823364426012138e-16,1.4116822130060692e-16,False,1.0,26568,39984172.0118661,1688896955.0297613
CKT_0092,13,2737.353073414059,2.1996672801984576,wide_9,wide,4.2700080697745344e-20,1.2082722879542884e-16,1.2082722879542884e-16,False,1.0,26568,481638.4106104593,7892875851.857073
CKT_0092,13,2737.353073414059,2.1996672801984576,adversarial_minsv,adversarial,1.3238871619901237e-19,3.746137439785823e-16,1.8730687198929116e-16,False,1.0,26568,4747.558389729835,79554802.4244385
CKT_0125,13,6716.90745641366,3.0010056058196755,identity_e0,identity,8.22004640298526e-18,1.5780693554669794e-16,8.706589547404025e-17,False,1.0,24964,1.0,163.21953203179473
CKT_0125,13,6716.90745641366,3.0010056058196755,identity_e1,identity,6.541953624718847e-17,4.848835109746509e-15,3.3440242136182974e-16,False,1.0,24964,1.0,2719.7611131793733
CKT_0125,13,6716.90745641366,3.0010056058196755,identity_e2,identity,4.93661905316797e-19,1.6130721616031185e-16,1.6130721616031185e-16,False,1.0,24964,1.0,5638.276596807954
CKT_0125,13,6716.90745641366,3.0010056058196755,identity_e3,identity,9.613628863529266e-18,3.757350282152305e-16,2.1470573040870314e-16,False,1.0,24964,1.0,66.18758934915677
CKT_0125,13,6716.90745641366,3.0010056058196755,identity_e4,identity,2.057348029690982e-18,1.1292255044698087e-16,7.878317473045177e-18,False,1.0,24964,1.0,5411.379306745226
CKT_0125,13,6716.90745641366,3.0010056058196755,identity_e5,identity,1.3017525624445324e-16,4.82417792196808e-15,4.990528884794587e-16,False,1.0,24964,1.0,2733.6622713797697
CKT_0125,13,6716.90745641366,3.0010056058196755,identity_e6,identity,5.015819329211757e-17,3.843805659454705e-15,1.281268553151573e-16,False,1.0,24964,1.0,3549.196222508615
CKT_0125,13,6716.90745641366,3.0010056058196755,identity_e7,identity,3.751198282503856e-18,2.7743197364274287e-16,1.5306591649254782e-16,False,1.0,24964,1.0,47534.799261059954
CKT_0125,13,6716.90745641366,3.0010056058196755,source,source,4.043447722125563e-17,2.0172054926966594e-15,1.3014228985139735e-16,False,1.0,24964,12944.642857142859,223630.8465908033
CKT_0125,13,6716.90745641366,3.0010056058196755,ones,ones,4.4669418860713436e-17,1.366990133800139e-15,5.695792224167253e-17,False,1.0,24964,1.0,63871.33982268111
CKT_0125,13,6716.90745641366,3.0010056058196755,gaussian_0,gaussian,2.8272519873939114e-18,1.7370450114175598e-16,1.4627747464568923e-16,False,1.0,24964,2.494068124794678,24870.39659321138
CKT_0125,13,6716.90745641366,3.0010056058196755,gaussian_1,gaussian,1.0294604874314702e-17,7.052570844763012e-16,1.7631427111907536e-16,False,1.0,24964,1.7644943290036503,41266.98064769552
CKT_0125,13,6716.90745641366,3.0010056058196755,gaussian_2,gaussian,4.416547782877745e-17,1.4293014446821067e-15,4.234967243502546e-16,False,1.0,24964,2.2446184277871994,34361.34069441265
CKT_0125,13,6716.90745641366,3.0010056058196755,gaussian_3,gaussian,1.2582120314955858e-17,6.073408986899517e-16,1.868741226738314e-16,False,1.0,24964,3.0036155597026544,155740.29212985953
CKT_0125,13,6716.90745641366,3.0010056058196755,gaussian_4,gaussian,4.303309302632796e-18,5.816640856204041e-16,5.816640856204038e-17,False,1.0,24964,1.8142476568647015,31272.162894597826
CKT_0125,13,6716.90745641366,3.0010056058196755,gaussian_5,gaussian,2.093064113314565e-17,1.862717493581933e-15,1.7740166605542246e-16,False,1.0,24964,1.8602207147725622,20507.016016158286
CKT_0125,13,6716.90745641366,3.0010056058196755,gaussian_6,gaussian,5.066627385927562e-19,1.1635533217723118e-16,1.4544416522153898e-17,False,1.0,24964,2.1529595879199537,31266.111651422925
CKT_0125,13,6716.90745641366,3.0010056058196755,gaussian_7,gaussian,6.45768571192184e-17,2.0396470898490073e-15,2.0396470898490028e-16,False,1.0,24964,3.216827062949476,26754.472564376585
CKT_0125,13,6716.90745641366,3.0010056058196755,gaussian_8,gaussian,1.7296564015534813e-17,2.991416525572248e-15,8.798283898741906e-17,False,1.0,24964,2.1641388438434683,10337.182935219671
CKT_0125,13,6716.90745641366,3.0010056058196755,gaussian_9,gaussian,2.1459999958366237e-17,1.2827228082484595e-15,1.4252475647205123e-16,False,1.0,24964,1.839802020478489,51050.482697090054
CKT_0125,13,6716.90745641366,3.0010056058196755,wide_0,wide,9.640827063427094e-17,4.182567808670297e-15,3.136925856502734e-16,False,1.0,24964,52106458.90320691,145927475756.5827
CKT_0125,13,6716.90745641366,3.0010056058196755,wide_1,wide,3.192915258628287e-19,1.27797048612442e-16,1.27797048612442e-16,False,1.0,24964,10588609.526917933,59699301463.4238
CKT_0125,13,6716.90745641366,3.0010056058196755,wide_2,wide,7.067098403425167e-17,3.691707610428557e-15,2.546005248571419e-16,False,1.0,24964,15402572.020257039,234110455.22720426
CKT_0125,13,6716.90745641366,3.0010056058196755,wide_3,wide,2.3270148507680737e-17,6.863469724468871e-16,1.339213604774414e-16,False,1.0,24964,72900228.1628538,3560575822.2822614
CKT_0125,13,6716.90745641366,3.0010056058196755,wide_4,wide,1.3105029835920061e-17,1.3643835683614902e-15,4.134495661701491e-17,False,1.0,24964,38393645.98958094,369060468580.11383
CKT_0125,13,6716.90745641366,3.0010056058196755,wide_5,wide,8.221030544090774e-18,8.450961068149689e-16,1.877991348477709e-16,False,1.0,24964,57572940.79336443,325002329214.5345
CKT_0125,13,6716.90745641366,3.0010056058196755,wide_6,wide,5.645301535857248e-17,4.376936790618119e-15,3.366874454321645e-16,False,1.0,24964,83144571.05143721,2124390876.4896219
CKT_0125,13,6716.90745641366,3.0010056058196755,wide_7,wide,8.138105655819914e-17,3.919379303685229e-15,2.1774329464918018e-16,False,1.0,24964,3874238.119672163,17519241048.36889
CKT_0125,13,6716.90745641366,3.0010056058196755,wide_8,wide,8.581122486905932e-17,5.069409279468596e-15,4.055527423574896e-16,False,1.0,24964,107710.2711951074,293942752.9396404
CKT_0125,13,6716.90745641366,3.0010056058196755,wide_9,wide,1.0878697261634957e-16,4.114755699471991e-15,4.114755699472005e-16,False,1.0,24964,1164518.579956907,3476540477.9509377
CKT_0125,13,6716.90745641366,3.0010056058196755,adversarial_minsv,adversarial,7.933289815501849e-18,3.856074601541971e-16,4.674029820050876e-17,False,1.0,24964,13051.812418512473,637615152.9852867
CKT_0122,14,198.19353751557358,1.9196920089196494,identity_e0,identity,6.337258940448735e-17,4.552979639354714e-16,1.5176598797849054e-16,False,1.0,26568,1.0,93.63662375535735
CKT_0122,14,198.19353751557358,1.9196920089196494,identity_e1,identity,1.7628330635755784e-17,6.782945872902282e-16,1.6957364682255714e-16,False,1.0,26568,1.0,83.80343869158115
CKT_0122,14,198.19353751557358,1.9196920089196494,identity_e2,identity,5.81575948200401e-17,4.3115663945861393e-16,2.87437759639076e-16,False,1.0,26568,1.0,49.43976300485365
CKT_0122,14,198.19353751557358,1.9196920089196494,identity_e3,identity,7.824290038718666e-18,1.4583907363313436e-16,1.4583907363313434e-16,False,1.0,26568,1.0,389.7681015432156
CKT_0122,14,198.19353751557358,1.9196920089196494,identity_e4,identity,4.391242052840616e-18,1.6893903894281902e-16,1.055868993392619e-17,False,1.0,26568,1.0,84.11824054481549
CKT_0122,14,198.19353751557358,1.9196920089196494,identity_e5,identity,3.1566709278396354e-17,7.847802196514718e-16,1.5695604393029442e-16,False,1.0,26568,1.0,45.27017360832938
CKT_0122,14,198.19353751557358,1.9196920089196494,identity_e6,identity,3.8510457736072265e-17,1.8593271392684795e-16,9.296635696342397e-17,False,1.0,26568,1.0,76.43009352723708
CKT_0122,14,198.19353751557358,1.9196920089196494,identity_e7,identity,3.591894900285816e-17,5.079754362661996e-16,1.6932514542206654e-16,False,1.0,26568,1.0,167.8528570553354
CKT_0122,14,198.19353751557358,1.9196920089196494,source,source,5.1696457097638183e-17,3.3218095462104915e-16,1.6609047731052455e-16,False,1.0,26568,1097.560975609756,87614.38623094831
CKT_0122,14,198.19353751557358,1.9196920089196494,ones,ones,2.1416862583204734e-17,3.968743241661366e-16,3.968743241661366e-16,False,1.0,26568,1.0,1145.8220479289594
CKT_0122,14,198.19353751557358,1.9196920089196494,gaussian_0,gaussian,3.2421747615473303e-17,3.3638059790902137e-16,1.1212686596967382e-16,False,1.0,26568,1.3065725044592376,253.47814000340497
CKT_0122,14,198.19353751557358,1.9196920089196494,gaussian_1,gaussian,4.2291164432612465e-17,3.730131123165403e-16,1.865065561582701e-16,False,1.0,26568,2.5494930740388964,609.5594710629957
CKT_0122,14,198.19353751557358,1.9196920089196494,gaussian_2,gaussian,2.103207524906541e-17,5.4013397775398e-16,2.7006698887699e-16,False,1.0,26568,2.4761968564838894,631.43687901855
CKT_0122,14,198.19353751557358,1.9196920089196494,gaussian_3,gaussian,3.9273664543995565e-17,3.003160945756892e-16,4.504741418635337e-16,False,1.0,26568,1.8981556319920085,189.27862970887722
CKT_0122,14,198.19353751557358,1.9196920089196494,gaussian_4,gaussian,1.5129606744131734e-17,4.0439606162640123e-16,1.6175842465056043e-16,False,1.0,26568,2.5815390925472608,702.8186505105293
CKT_0122,14,198.19353751557358,1.9196920089196494,gaussian_5,gaussian,1.4524899229885495e-17,7.251976518184521e-16,3.625988259092259e-16,False,1.0,26568,1.2143961365024538,313.53338620593536
CKT_0122,14,198.19353751557358,1.9196920089196494,gaussian_6,gaussian,8.753108917462929e-18,3.320057900187477e-16,2.490043425140607e-16,False,1.0,26568,2.621411985592416,342.4242622852945
CKT_0122,14,198.19353751557358,1.9196920089196494,gaussian_7,gaussian,2.945781474774674e-17,4.702331458149284e-16,3.1348876387661885e-16,False,1.0,26568,1.7828295432602037,362.6504386178264
CKT_0122,14,198.19353751557358,1.9196920089196494,gaussian_8,gaussian,1.5234318993641726e-17,2.749920385286839e-16,4.124880577930258e-16,False,1.0,26568,1.8066638580059167,826.8373028534611
CKT_0122,14,198.19353751557358,1.9196920089196494,gaussian_9,gaussian,2.797077396042264e-17,5.335342644804277e-16,1.333835661201069e-16,False,1.0,26568,2.0082403069750803,426.1650855070304
CKT_0122,14,198.19353751557358,1.9196920089196494,wide_0,wide,9.754113162069725e-17,5.880020250276989e-16,2.9400101251384955e-16,False,1.0,26568,34630.08036086284,1583876.474866913
CKT_0122,14,198.19353751557358,1.9196920089196494,wide_1,wide,8.308633336695948e-18,3.1726636332617096e-16,1.5863318166308546e-16,False,1.0,26568,51081914.61838086,12023642297.381641
CKT_0122,14,198.19353751557358,1.9196920089196494,wide_2,wide,5.966629390250671e-17,8.20689659157684e-16,1.641379318315369e-16,False,1.0,26568,4433985.848671251,363137539.93541175
CKT_0122,14,198.19353751557358,1.9196920089196494,wide_3,wide,1.5956883797186647e-17,6.196487914315016e-16,3.098243957157509e-16,False,1.0,26568,20842.21991934057,2254476.8605066263
CKT_0122,14,198.19353751557358,1.9196920089196494,wide_4,wide,1.658320344931298e-17,3.0525638385377836e-16,1.5262819192688913e-16,False,1.0,26568,11208537.321021464,1562087423.637751
CKT_0122,14,198.19353751557358,1.9196920089196494,wide_5,wide,6.0781165275172985e-18,9.982649223031725e-17,4.9913246115158626e-17,False,1.0,26568,28269239.134803616,2388329728.660494
CKT_0122,14,198.19353751557358,1.9196920089196494,wide_6,wide,2.5471774973981878e-17,3.1521877188183035e-16,3.152187718818303e-16,False,1.0,26568,1260933.5446092298,189089769.05009738
CKT_0122,14,198.19353751557358,1.9196920089196494,wide_7,wide,4.902775912243011e-17,3.41014921589875e-16,1.705074607949376e-16,False,1.0,26568,395277.74356288643,43696507.83718104
CKT_0122,14,198.19353751557358,1.9196920089196494,wide_8,wide,2.812848814460064e-17,3.208061570960197e-16,2.1387077139734644e-16,False,1.0,26568,57185718.929842256,8918229547.453556
CKT_0122,14,198.19353751557358,1.9196920089196494,wide_9,wide,2.628133397809286e-18,2.0825680205340803e-16,3.9048150385013994e-17,False,1.0,26568,2354407.7855069805,572414866.5271914
CKT_0122,14,198.19353751557358,1.9196920089196494,adversarial_minsv,adversarial,3.5601342400403914e-17,3.445369637311285e-16,3.445369637311284e-16,False,1.0,26568,583.94496912489,506833.81210927316
CKT_0145,16,835.731936905413,3.342389241739774,identity_e0,identity,6.462008509244703e-17,4.919948602028607e-15,3.0749678762678795e-16,False,1.0,36864,1.0,138.64393340378436
CKT_0145,16,835.731936905413,3.342389241739774,identity_e1,identity,6.306932501564197e-17,6.183317076150576e-15,9.0575933732675e-18,False,1.0,36864,1.0,2353.415658481169
CKT_0145,16,835.731936905413,3.342389241739774,identity_e2,identity,6.285502857740013e-17,6.16226088573594e-15,6.017832896226541e-18,False,1.0,36864,1.0,2361.4571823875112
CKT_0145,16,835.731936905413,3.342389241739774,identity_e3,identity,4.755989880906006e-19,2.6957522487417842e-17,6.7393806218544604e-18,False,1.0,36864,1.0,32.947331124908594
CKT_0145,16,835.731936905413,3.342389241739774,identity_e4,identity,4.023724654441115e-18,1.9725211071197905e-16,1.9725211071197913e-16,False,1.0,36864,1.0,2305.411836887621
CKT_0145,16,835.731936905413,3.342389241739774,identity_e5,identity,4.018673865166927e-17,1.3562328147611452e-15,1.595568017366052e-16,False,1.0,36864,1.0,356.25819922515467
CKT_0145,16,835.731936905413,3.342389241739774,identity_e6,identity,2.6900333369923215e-17,1.4194568931569298e-15,2.5049239291004637e-16,False,1.0,36864,1.0,340.3900904960071
CKT_0145,16,835.731936905413,3.342389241739774,identity_e7,identity,7.300774591590253e-18,8.223319988837218e-16,2.5697874965116307e-17,False,1.0,36864,1.0,34.562329410730925
CKT_0145,16,835.731936905413,3.342389241739774,source,source,2.7412971473983892e-17,1.844449004314014e-15,1.9415252676989616e-16,False,1.0,36864,4545.454545454546,149901.88868995095
CKT_0145,16,835.731936905413,3.342389241739774,ones,ones,1.0879459735302768e-16,6.158620229526217e-15,3.3289839078520305e-16,False,1.0,36864,1.0,5464.097916650875
CKT_0145,16,835.731936905413,3.342389241739774,gaussian_0,gaussian,3.1370645454723695e-17,4.077058232548907e-15,3.39754852712409e-17,False,1.0,36864,2.5116174554816593,6692.28632433092
CKT_0145,16,835.731936905413,3.342389241739774,gaussian_1,gaussian,7.215966710802174e-17,3.517544103395356e-15,4.2636898222974044e-16,False,1.0,36864,2.090685567636838,2133.116478165537
CKT_0145,16,835.731936905413,3.342389241739774,gaussian_2,gaussian,1.0925086823306548e-16,5.183790377196382e-15,1.787513923171167e-16,False,1.0,36864,2.4856847287650146,2544.0213079835066
CKT_0145,16,835.731936905413,3.342389241739774,gaussian_3,gaussian,4.406578782760556e-17,1.8369534027567054e-15,3.673906805513414e-16,False,1.0,36864,1.5155458180156827,928.3319670847944
CKT_0145,16,835.731936905413,3.342389241739774,gaussian_4,gaussian,4.0038931393552915e-17,3.521292090157237e-15,2.7086862231978754e-16,False,1.0,36864,1.7834535326583538,3357.6967829783507
CKT_0145,16,835.731936905413,3.342389241739774,gaussian_5,gaussian,1.1355423453760782e-16,6.127101117285191e-15,1.4944149066549336e-16,False,1.0,36864,1.3209067065583513,3042.979221241582
CKT_0145,16,835.731936905413,3.342389241739774,gaussian_6,gaussian,9.721328185689284e-17,6.146479822166553e-15,3.23498938008768e-16,False,1.0,36864,2.0903488228718876,1405.7151274918215
CKT_0145,16,835.731936905413,3.342389241739774,gaussian_7,gaussian,1.6370649908322901e-16,6.0227765930004035e-15,2.1509916403573002e-16,False,1.0,36864,1.4915115933375398,1057.0644310150046
CKT_0145,16,835.731936905413,3.342389241739774,gaussian_8,gaussian,3.191855666062613e-17,6.196300002176057e-15,1.2645510208522646e-16,False,1.0,36864,1.6310805194036326,3596.1170675421213
CKT_0145,16,835.731936905413,3.342389241739774,gaussian_9,gaussian,1.8941507431059186e-17,3.668713643845907e-15,2.246151210517904e-16,False,1.0,36864,1.5185851200028544,3036.84374914553
CKT_0145,16,835.731936905413,3.342389241739774,wide_0,wide,8.393863802838749e-17,1.3614885818179229e-15,2.1783817309086753e-16,False,1.0,36864,12858287.712714799,4377902655.327727
CKT_0145,16,835.731936905413,3.342389241739774,wide_1,wide,4.780647373787932e-17,3.8890591616667435e-15,1.5873710863945891e-16,False,1.0,36864,21881582.15808496,3003942570.7707057
CKT_0145,16,835.731936905413,3.342389241739774,wide_2,wide,2.965110386602632e-17,2.9571002858686674e-16,1.1828401143474673e-16,False,1.0,36864,25154862.747293074,64500640777.294556
CKT_0145,16,835.731936905413,3.342389241739774,wide_3,wide,1.0380882899697384e-16,6.136813212665929e-15,1.8596403674745357e-16,False,1.0,36864,20761767.241895687,20513091307.033245
CKT_0145,16,835.731936905413,3.342389241739774,wide_4,wide,4.6745130161635544e-17,6.317290619684848e-15,3.23963621522302e-16,False,1.0,36864,41369902.92466268,94200632717.95209
CKT_0145,16,835.731936905413,3.342389241739774,wide_5,wide,2.941956876865228e-17,1.1906990459394156e-15,3.401997274112614e-16,False,1.0,36864,4953048.596520637,1051229145.2250749
CKT_0145,16,835.731936905413,3.342389241739774,wide_6,wide,4.461132766299387e-17,6.14545924837965e-15,2.560608020158203e-16,False,1.0,36864,24609603.377514377,59590491564.41078
CKT_0145,16,835.731936905413,3.342389241739774,wide_7,wide,2.128677372551814e-17,3.3789157582438213e-15,3.3789157582438224e-16,False,1.0,36864,13338396.578388792,4233640543.1808634
CKT_0145,16,835.731936905413,3.342389241739774,wide_8,wide,8.688341774179736e-18,3.705803465164718e-16,1.8529017325823594e-16,False,1.0,36864,1076070.7775652187,1286730833.6383405
CKT_0145,16,835.731936905413,3.342389241739774,wide_9,wide,1.7020354862369725e-17,4.469715859163257e-16,1.489905286387753e-16,False,1.0,36864,84599817.01844387,102414490383.44339
CKT_0145,16,835.731936905413,3.342389241739774,adversarial_minsv,adversarial,1.7937239957905155e-17,6.245648546497897e-15,5.576471916516015e-17,False,1.0,36864,3498.582909116579,16700928.267156709
CKT_0106,17,26070.34759856174,1.8386057460355936,identity_e0,identity,4.033351142152935e-21,1.2339068549739568e-16,1.2339068549739568e-16,False,1.0,38808,1.0,460.6783618363783
CKT_0106,17,26070.34759856174,1.8386057460355936,identity_e1,identity,1.2088015972697789e-21,1.0642923474176372e-16,8.314783964200291e-19,False,1.0,38808,1.0,66.76198861000334
CKT_0106,17,26070.34759856174,1.8386057460355936,identity_e2,identity,5.146783998970161e-20,1.8221548920158895e-16,1.8221548920158895e-16,False,1.0,38808,1.0,159722.04440060252
CKT_0106,17,26070.34759856174,1.8386057460355936,identity_e3,identity,0.0,1.313374780359999e-17,3.2064813973632788e-21,False,1.0,38808,1.0,17312.170055595892
CKT_0106,17,26070.34759856174,1.8386057460355936,identity_e4,identity,6.005751483990499e-19,6.276321630450271e-19,0.0,True,1.0,38808,1.0,176.89071561259485
CKT_0106,17,26070.34759856174,1.8386057460355936,identity_e5,identity,4.4332335764419495e-17,1.2755252582108021e-16,1.2755252582108024e-16,False,1.0,38808,1.0,55.705893018283994
CKT_0106,17,26070.34759856174,1.8386057460355936,identity_e6,identity,4.635780485763509e-17,3.1644096288424995e-18,3.1644096288424995e-18,False,1.0,38808,1.0,140.33872410270246
CKT_0106,17,26070.34759856174,1.8386057460355936,identity_e7,identity,1.71905337062208e-18,1.1777757692570101e-17,5.750858248325245e-21,False,1.0,38808,1.0,37.70575193020082
CKT_0106,17,26070.34759856174,1.8386057460355936,source,source,2.951946949038959e-17,1.2339750328208839e-16,1.2339750328208839e-16,False,1.0,38808,666.6666666666666,117927.14472594291
CKT_0106,17,26070.34759856174,1.8386057460355936,ones,ones,2.903245318000268e-20,2.569133141575124e-17,2.0553065132600994e-16,False,1.0,38808,1.0,1132826.8662203422
CKT_0106,17,26070.34759856174,1.8386057460355936,gaussian_0,gaussian,9.300682934127705e-21,1.1971456752971233e-17,3.7410802353035102e-19,False,1.0,38808,1.2232154490799334,1215550.916537803
CKT_0106,17,26070.34759856174,1.8386057460355936,gaussian_1,gaussian,2.850879834838411e-20,5.0458012425140125e-17,5.0458012425140125e-17,False,1.0,38808,1.1674846164049708,576793.0415394851
CKT_0106,17,26070.34759856174,1.8386057460355936,gaussian_2,gaussian,2.5181573508828934e-20,1.1885953720911674e-16,4.642950672231124e-19,False,1.0,38808,1.9417532151684977,489718.0510728319
CKT_0106,17,26070.34759856174,1.8386057460355936,gaussian_3,gaussian,2.1752039828536902e-20,1.539946995094973e-16,9.624668719343582e-18,False,1.0,38808,1.274624598003415,755969.6677725919
CKT_0106,17,26070.34759856174,1.8386057460355936,gaussian_4,gaussian,1.564781846533534e-20,1.1077965073310138e-16,1.1077965073310138e-16,False,1.0,38808,1.7986178545608202,1050872.8007042676
CKT_0106,17,26070.34759856174,1.8386057460355936,gaussian_5,gaussian,1.7559191116142232e-19,6.477249489008873e-18,1.0363599182414197e-16,False,1.0,38808,1.8224268850869019,140413.7208727614
CKT_0106,17,26070.34759856174,1.8386057460355936,gaussian_6,gaussian,1.9197324344582368e-19,6.798261048303776e-17,3.399130524151888e-17,False,1.0,38808,1.387646423662564,107026.74643538203
CKT_0106,17,26070.34759856174,1.8386057460355936,gaussian_7,gaussian,2.2463540131367834e-20,8.282876673832897e-19,8.282876673832897e-19,False,1.0,38808,1.7449424876820208,1098042.0662862048
CKT_0106,17,26070.34759856174,1.8386057460355936,gaussian_8,gaussian,6.18051641013304e-20,1.4587025755632777e-16,1.458702575563278e-16,False,1.0,38808,2.0986519535021544,399037.2121677411
CKT_0106,17,26070.34759856174,1.8386057460355936,gaussian_9,gaussian,4.3179114688425264e-20,4.3674708717716064e-17,1.364834647428627e-18,False,1.0,38808,3.135118041743007,666377.2080276776
CKT_0106,17,26070.34759856174,1.8386057460355936,wide_0,wide,2.1188034922815157e-18,3.58780042671051e-17,2.39186695114034e-17,False,1.0,38808,49637591.507584974,637944725781.0582
CKT_0106,17,26070.34759856174,1.8386057460355936,wide_1,wide,1.0353038031773646e-17,3.920240513336342e-17,7.840481026672684e-17,False,1.0,38808,1959718.5724837913,760216682.7854111
CKT_0106,17,26070.34759856174,1.8386057460355936,wide_2,wide,1.7415915735143438e-17,5.685603596846708e-17,1.08444282471594e-22,False,1.0,38808,9102564.730653822,4193373228.372653
CKT_0106,17,26070.34759856174,1.8386057460355936,wide_3,wide,1.8484623223157236e-20,1.3087143315877642e-16,1.996939592876838e-21,False,1.0,38808,25793890.73509949,7461998974330.864
CKT_0106,17,26070.34759856174,1.8386057460355936,wide_4,wide,6.902616943464166e-18,1.2450841196036685e-17,1.2450841196036685e-17,False,1.0,38808,2823222.232897057,2393599108.5631948
CKT_0106,17,26070.34759856174,1.8386057460355936,wide_5,wide,8.986106203603371e-21,1.6070651645185224e-17,8.035325822592612e-18,False,1.0,38808,2106553.992581842,7417825498.476063
CKT_0106,17,26070.34759856174,1.8386057460355936,wide_6,wide,2.379024638323011e-19,2.6354512477413024e-17,5.270902495482605e-17,False,1.0,38808,11841777.949084686,289491013646.6659
CKT_0106,17,26070.34759856174,1.8386057460355936,wide_7,wide,6.070719487387409e-21,5.246328118939525e-21,4.297791995035259e-17,False,1.0,38808,4690779.779918654,2840302942557.799
CKT_0106,17,26070.34759856174,1.8386057460355936,wide_8,wide,1.7580930836363488e-20,1.2447384050087434e-16,3.038912121603377e-20,False,1.0,38808,14039985.909555966,3922761987861.781
CKT_0106,17,26070.34759856174,1.8386057460355936,wide_9,wide,1.2967785649881777e-18,1.1223882435094895e-17,7.01492652193431e-19,False,1.0,38808,50109565.04353805,42484154744.1862
CKT_0106,17,26070.34759856174,1.8386057460355936,adversarial_minsv,adversarial,6.25527908817413e-21,2.7028491274696715e-21,2.7028491274696715e-21,False,1.0,38808,685.6490906548505,672989618.6431764
CKT_0146,17,6158.527386623071,3.7584909440283942,identity_e0,identity,9.371325746990302e-17,2.7629781281628207e-16,2.947176670040342e-16,False,1.0,38808,1.0,24.109268473218947
CKT_0146,17,6158.527386623071,3.7584909440283942,identity_e1,identity,1.2619875410983608e-17,2.076501887347327e-16,2.0765018873473273e-17,False,1.0,38808,1.0,684.3651239516074
CKT_0146,17,6158.527386623071,3.7584909440283942,identity_e2,identity,8.34447962972643e-18,1.643638432998005e-16,2.191517910664006e-16,False,1.0,38808,1.0,1037.5168477374673
CKT_0146,17,6158.527386623071,3.7584909440283942,identity_e3,identity,4.5231803825246544e-17,6.066197378181145e-16,1.5165493445452863e-16,False,1.0,38808,1.0,187.41038353042057
CKT_0146,17,6158.527386623071,3.7584909440283942,identity_e4,identity,6.119228001719131e-20,3.500862661849763e-18,8.752156654624408e-19,False,1.0,38808,1.0,32473.949624046927
CKT_0146,17,6158.527386623071,3.7584909440283942,identity_e5,identity,2.934868179847343e-17,1.0909008759374993e-15,1.9834561380681814e-16,False,1.0,38808,1.0,143.29386410372445
CKT_0146,17,6158.527386623071,3.7584909440283942,identity_e6,identity,5.270338587901764e-18,1.8772095942606703e-16,1.3408639959004788e-17,False,1.0,38808,1.0,16.55981558188634
CKT_0146,17,6158.527386623071,3.7584909440283942,identity_e7,identity,4.120001754338376e-17,7.15488730236259e-16,4.769924868241727e-16,False,1.0,38808,1.0,14.896308755110812
CKT_0146,17,6158.527386623071,3.7584909440283942,source,source,1.880342079835586e-16,6.933849339628007e-16,4.2669842090018496e-16,False,1.0,38808,6000.0,136414.05278854677
CKT_0146,17,6158.527386623071,3.7584909440283942,ones,ones,2.092035796195266e-18,2.18773085209835e-16,2.734663565122938e-17,False,1.0,38808,1.0,33258.010724695545
CKT_0146,17,6158.527386623071,3.7584909440283942,gaussian_0,gaussian,3.951930439335392e-18,1.4078280446176302e-16,1.759785055772038e-17,False,1.0,38808,2.1720278414331777,12920.536783594893
CKT_0146,17,6158.527386623071,3.7584909440283942,gaussian_1,gaussian,1.3032109936125659e-18,2.1809166758334904e-17,1.635687506875118e-17,False,1.0,38808,1.407359797807276,20851.202429027755
CKT_0146,17,6158.527386623071,3.7584909440283942,gaussian_2,gaussian,2.534733956006758e-19,1.8851224404823843e-16,4.418255719880589e-18,False,1.0,38808,1.976236494974385,38596.737580194414
CKT_0146,17,6158.527386623071,3.7584909440283942,gaussian_3,gaussian,5.989833166293707e-19,1.314480994562465e-16,1.314480994562465e-16,False,1.0,38808,2.5669012525255206,55352.32266028528
CKT_0146,17,6158.527386623071,3.7584909440283942,gaussian_4,gaussian,1.7195075408719258e-18,3.4110915537766506e-17,1.9846350858336882e-16,False,1.0,38808,2.82359148889651,36661.43799491989
CKT_0146,17,6158.527386623071,3.7584909440283942,gaussian_5,gaussian,2.5208700358640553e-19,3.1018007640547665e-18,6.203601528109533e-18,False,1.0,38808,2.0947717266248,36651.88268668849
CKT_0146,17,6158.527386623071,3.7584909440283942,gaussian_6,gaussian,1.008039275837603e-18,1.8256928855842708e-17,1.2982704964154816e-16,False,1.0,38808,2.308555838396772,14010.866060409426
CKT_0146,17,6158.527386623071,3.7584909440283942,gaussian_7,gaussian,1.3050216630529508e-18,4.553860856402731e-17,6.071814475203641e-17,False,1.0,38808,1.841041522141411,7489.48033151511
CKT_0146,17,6158.527386623071,3.7584909440283942,gaussian_8,gaussian,1.2592007103069815e-19,1.7512330508216395e-16,2.736301641908812e-18,False,1.0,38808,1.541833521479301,41547.62617556645
CKT_0146,17,6158.527386623071,3.7584909440283942,gaussian_9,gaussian,1.2675124989560087e-18,1.295703203618798e-16,1.295703203618798e-16,False,1.0,38808,1.6756869477622258,14038.62704410671
CKT_0146,17,6158.527386623071,3.7584909440283942,wide_0,wide,6.824721900517959e-19,1.5515150522530363e-17,1.985939266883887e-16,False,1.0,38808,4915771.099510438,153668234642.86884
CKT_0146,17,6158.527386623071,3.7584909440283942,wide_1,wide,2.173227042173319e-17,7.369690985589964e-16,3.2754182158177617e-16,False,1.0,38808,32151216.133910276,5823221668.614611
CKT_0146,17,6158.527386623071,3.7584909440283942,wide_2,wide,1.144672490748393e-18,3.677598164380745e-17,3.677598164380745e-17,False,1.0,38808,43328763.964737184,103727952188.25493
CKT_0146,17,6158.527386623071,3.7584909440283942,wide_3,wide,4.4125489468149337e-17,7.470753122123991e-16,1.8676882805309978e-16,False,1.0,38808,2406509.29116179,39891992.012744084
CKT_0146,17,6158.527386623071,3.7584909440283942,wide_4,wide,1.0120955596588739e-17,3.2500528463771616e-16,1.1818373986826045e-16,False,1.0,38808,2109288.270416111,2017355173.963254
CKT_0146,17,6158.527386623071,3.7584909440283942,wide_5,wide,9.11053182268726e-18,1.4271521152084982e-16,1.1417216921667987e-16,False,1.0,38808,32204232.44625146,33411796340.53669
CKT_0146,17,6158.527386623071,3.7584909440283942,wide_6,wide,1.7634765361803715e-18,3.866646803740757e-17,1.7676099674243462e-16,False,1.0,38808,163559478.0070645,43162205870.377
CKT_0146,17,6158.527386623071,3.7584909440283942,wide_7,wide,1.1713492075569267e-17,2.367667825339809e-16,4.7353356506796185e-17,False,1.0,38808,2702379.2398169735,2517441177.240989
CKT_0146,17,6158.527386623071,3.7584909440283942,wide_8,wide,2.5846844320925318e-17,5.646015265687242e-16,1.4115038164218106e-16,False,1.0,38808,1777148.7690110374,26392350.16668674
CKT_0146,17,6158.527386623071,3.7584909440283942,wide_9,wide,7.793669544503624e-18,1.0214140990862709e-16,2.7237709308967223e-17,False,1.0,38808,7774873.657637793,547078354.6743368
CKT_0146,17,6158.527386623071,3.7584909440283942,adversarial_minsv,adversarial,2.261396907009537e-19,4.381882741909615e-18,1.1217619819288616e-16,False,1.0,38808,8180.332454670436,265674206.0062549
CKT_0086,19,34827.468309445016,4.177014592384669,identity_e0,identity,1.9814370171458485e-19,1.2788684937448156e-16,1.354952237552707e-16,False,1.0,48840,1.0,6712.374625216628
CKT_0086,19,34827.468309445016,4.177014592384669,identity_e1,identity,5.110146521743183e-19,2.674412680305357e-16,1.747669805126155e-16,False,1.0,48840,1.0,5204.04197123081
CKT_0086,19,34827.468309445016,4.177014592384669,identity_e2,identity,1.5148289582517732e-19,2.7253472653989647e-16,3.1438757207197864e-18,False,1.0,48840,1.0,9040.341271472682
CKT_0086,19,34827.468309445016,4.177014592384669,identity_e3,identity,2.885628087284078e-17,7.147874821624887e-14,3.18390860651443e-16,False,1.0,48840,1.0,178.5334501891909
CKT_0086,19,34827.468309445016,4.177014592384669,identity_e4,identity,1.0511415035518109e-17,3.491517881697591e-14,1.8268242677292835e-16,False,1.0,48840,1.0,2489.2780270086323
CKT_0086,19,34827.468309445016,4.177014592384669,identity_e5,identity,1.575515377234186e-16,2.293934763868665e-13,1.0163645387101078e-16,False,1.0,48840,1.0,4474.254399544427
CKT_0086,19,34827.468309445016,4.177014592384669,identity_e6,identity,8.192297242844985e-17,2.3583645700211065e-13,4.1593731393671214e-16,False,1.0,48840,1.0,4373.229673312331
CKT_0086,19,34827.468309445016,4.177014592384669,identity_e7,identity,1.4429010524492738e-20,1.577396052184447e-16,1.577396052184447e-16,False,1.0,48840,1.0,92252.76815048906
CKT_0086,19,34827.468309445016,4.177014592384669,source,source,5.87230758830963e-17,1.4171003615619557e-13,3.2520949203946237e-16,False,1.0,48840,500.0,89492.56146927628
CKT_0086,19,34827.468309445016,4.177014592384669,ones,ones,3.6180188118355924e-17,6.361949118516279e-14,2.7451776131677577e-16,False,1.0,48840,1.0,212036.04690007484
CKT_0086,19,34827.468309445016,4.177014592384669,gaussian_0,gaussian,1.9358145327294692e-17,6.588508320175865e-14,1.2818109572326586e-16,False,1.0,48840,2.7322219843562294,227052.4393048322
CKT_0086,19,34827.468309445016,4.177014592384669,gaussian_1,gaussian,1.5251025165060626e-17,5.480224770395369e-14,2.3899802749216607e-17,False,1.0,48840,1.506854306586102,152217.94276988163
CKT_0086,19,34827.468309445016,4.177014592384669,gaussian_2,gaussian,4.756685554282816e-19,1.569921671448098e-15,1.1182524983047106e-16,False,1.0,48840,2.4810584792408252,520523.41489700385
CKT_0086,19,34827.468309445016,4.177014592384669,gaussian_3,gaussian,3.177096974912856e-17,1.3705081035804768e-13,1.9141174631012246e-16,False,1.0,48840,2.0262289488331673,38012.074778289876
CKT_0086,19,34827.468309445016,4.177014592384669,gaussian_4,gaussian,2.0138345794167167e-18,2.6391512852023036e-14,1.9441261769446066e-16,False,1.0,48840,3.616060332914235,149701.3455292977
CKT_0086,19,34827.468309445016,4.177014592384669,gaussian_5,gaussian,1.0082985556519623e-16,2.7211466809170434e-13,1.5720084811768015e-16,False,1.0,48840,2.7651779837399713,46284.4679358006
CKT_0086,19,34827.468309445016,4.177014592384669,gaussian_6,gaussian,2.000452220803103e-17,5.596981943381088e-14,1.2926055296492122e-16,False,1.0,48840,2.689951573085897,112578.16011599424
CKT_0086,19,34827.468309445016,4.177014592384669,gaussian_7,gaussian,5.881367383931343e-17,1.7020368783137518e-13,1.3551249031160445e-16,False,1.0,48840,1.263316220911871,53692.15485194547
CKT_0086,19,34827.468309445016,4.177014592384669,gaussian_8,gaussian,4.282810430426977e-18,1.94673675391327e-14,2.763778887543241e-16,False,1.0,48840,2.256489358093404,210608.96432713172
CKT_0086,19,34827.468309445016,4.177014592384669,gaussian_9,gaussian,2.863812461504565e-17,5.4782050729344365e-14,2.600928224538605e-16,False,1.0,48840,1.411475928264738,111897.8608565664
CKT_0086,19,34827.468309445016,4.177014592384669,wide_0,wide,1.779537194840227e-16,2.9631329831057944e-13,7.668563620876481e-17,False,1.0,48840,35346173.23805339,596935351268.1423
CKT_0086,19,34827.468309445016,4.177014592384669,wide_1,wide,2.469858691234849e-19,1.6885581250791561e-16,2.3085755616316593e-18,False,1.0,48840,2498979.4140662653,22591447750.406425
CKT_0086,19,34827.468309445016,4.177014592384669,wide_2,wide,1.2297138622734404e-17,2.432901049947792e-14,1.646633536343682e-16,False,1.0,48840,77383361.57772149,34749965746.131905
CKT_0086,19,34827.468309445016,4.177014592384669,wide_3,wide,3.230526789423054e-17,9.50999535770054e-14,1.2286815707623437e-16,False,1.0,48840,5967626.944205626,31047078074.575054
CKT_0086,19,34827.468309445016,4.177014592384669,wide_4,wide,1.7284210723699984e-20,9.554739358510532e-18,3.3784713753849396e-18,False,1.0,48840,86709106.83304563,2258238618458.241
CKT_0086,19,34827.468309445016,4.177014592384669,wide_5,wide,1.5309980857362796e-16,2.915008452965549e-13,2.7435373674977876e-16,False,1.0,48840,88433.5013660894,1738037775.0714548
CKT_0086,19,34827.468309445016,4.177014592384669,wide_6,wide,3.9125861702796853e-17,6.729592265224713e-14,1.9851304617182084e-16,False,1.0,48840,63907160.61946,38432710989.918816
CKT_0086,19,34827.468309445016,4.177014592384669,wide_7,wide,1.194362277965975e-16,2.955559602834053e-13,1.4091987934686555e-16,False,1.0,48840,88426159.14434369,324839670596.2564
CKT_0086,19,34827.468309445016,4.177014592384669,wide_8,wide,2.590819757316531e-18,4.326686387459733e-15,1.5662213167275051e-16,False,1.0,48840,11023005.3749468,97424220316.3345
CKT_0086,19,34827.468309445016,4.177014592384669,wide_9,wide,2.98074921365277e-19,1.0485737667199115e-15,2.374479294827929e-16,False,1.0,48840,29256009.391685963,514092975103.60516
CKT_0086,19,34827.468309445016,4.177014592384669,adversarial_minsv,adversarial,2.5195764299083183e-21,5.418318460918702e-18,1.4266569652662435e-16,False,1.0,48840,499.94773307112047,104448101.79766507
CKT_0087,20,57789.73634054631,1.741180824779028,identity_e0,identity,5.0855354332482e-19,1.6206172408145389e-16,1.6206172408145389e-16,False,1.0,51528,1.0,22448.106286116188
CKT_0087,20,57789.73634054631,1.741180824779028,identity_e1,identity,3.654777860599693e-17,3.5151919016606565e-14,2.846309232113897e-16,False,1.0,51528,1.0,99.85460859182811
CKT_0087,20,57789.73634054631,1.741180824779028,identity_e2,identity,6.0887326194455405e-18,1.6919047826375504e-14,2.0974026231043853e-16,False,1.0,51528,1.0,52035.4857052735
CKT_0087,20,57789.73634054631,1.741180824779028,identity_e3,identity,1.2540408396043469e-17,4.211888538579503e-14,1.6199571302228188e-16,False,1.0,51528,1.0,44914.507170832636
CKT_0087,20,57789.73634054631,1.741180824779028,identity_e4,identity,3.130183023205695e-17,1.1348958790201352e-14,1.1791126015793624e-16,False,1.0,51528,1.0,482.0864333454591
CKT_0087,20,57789.73634054631,1.741180824779028,identity_e5,identity,5.3218746643887984e-17,3.502781473359314e-14,3.0726153275081774e-16,False,1.0,51528,1.0,138.7500861690359
CKT_0087,20,57789.73634054631,1.741180824779028,identity_e6,identity,1.2718381911395594e-17,5.072170747296464e-14,5.699068255389e-16,False,1.0,51528,1.0,38300.77455540211
CKT_0087,20,57789.73634054631,1.741180824779028,identity_e7,identity,2.0690370926676605e-17,5.058798063341505e-14,1.901803783210996e-16,False,1.0,51528,1.0,38258.19297666311
CKT_0087,20,57789.73634054631,1.741180824779028,source,source,9.354347533580697e-17,3.6789359124045823e-14,2.4283405362406526e-16,False,1.0,51528,2400.0,239701.3929668179
CKT_0087,20,57789.73634054631,1.741180824779028,ones,ones,1.412400726549064e-17,5.012009871364464e-14,6.750181644934978e-16,False,1.0,51528,1.0,344925.0048383144
CKT_0087,20,57789.73634054631,1.741180824779028,gaussian_0,gaussian,1.2092402576786127e-17,4.871649944657242e-14,3.2262582414947196e-16,False,1.0,51528,1.3806681072526585,90209.24017306796
CKT_0087,20,57789.73634054631,1.741180824779028,gaussian_1,gaussian,2.0795990640333885e-17,4.5171012491910486e-14,1.6190327058031715e-16,False,1.0,51528,2.5048111540610045,179760.60861782182
CKT_0087,20,57789.73634054631,1.741180824779028,gaussian_2,gaussian,2.9098947766695764e-17,4.8060477603982335e-14,4.0960634321573935e-16,False,1.0,51528,1.9481930084391708,213159.51966157477
CKT_0087,20,57789.73634054631,1.741180824779028,gaussian_3,gaussian,1.6390502653451068e-17,4.960049191495885e-14,4.679291690090224e-16,False,1.0,51528,3.2028576158347013,124394.17067488913
CKT_0087,20,57789.73634054631,1.741180824779028,gaussian_4,gaussian,8.157851956411853e-18,1.6407105736006856e-14,1.9485873795732461e-16,False,1.0,51528,2.3396316112010873,46674.56596029652
CKT_0087,20,57789.73634054631,1.741180824779028,gaussian_5,gaussian,2.4293661504137105e-17,3.937454900029304e-14,5.215172053019037e-16,False,1.0,51528,1.7520022325100713,55806.079187522926
CKT_0087,20,57789.73634054631,1.741180824779028,gaussian_6,gaussian,3.293869668322487e-17,4.7489706329211e-14,4.551729041138238e-16,False,1.0,51528,2.6371899332904376,191820.49410473558
CKT_0087,20,57789.73634054631,1.741180824779028,gaussian_7,gaussian,1.4893522499817497e-17,4.437392310749611e-14,2.1967288667076423e-16,False,1.0,51528,1.9819299048336605,66243.56537079882
CKT_0087,20,57789.73634054631,1.741180824779028,gaussian_8,gaussian,1.3549038585610062e-17,4.7060937988732787e-14,6.171926293604011e-16,False,1.0,51528,2.651677612161948,188620.7259921045
CKT_0087,20,57789.73634054631,1.741180824779028,gaussian_9,gaussian,2.6647769956264075e-17,4.8060832917080105e-14,5.933436162602204e-16,False,1.0,51528,2.4255156142630185,122626.37390527583
CKT_0087,20,57789.73634054631,1.741180824779028,wide_0,wide,1.8806943470618818e-17,4.0058304860868234e-14,4.431228413812695e-16,False,1.0,51528,21616766.089809418,344346705643.43835
CKT_0087,20,57789.73634054631,1.741180824779028,wide_1,wide,9.80281915508323e-17,3.4446658609602756e-14,2.561089859450024e-16,False,1.0,51528,4661612.226464113,465463127.39054227
CKT_0087,20,57789.73634054631,1.741180824779028,wide_2,wide,1.2674464592630196e-17,2.176506112675073e-14,9.46307005510892e-17,False,1.0,51528,89815195.66175692,322491305118.5136
CKT_0087,20,57789.73634054631,1.741180824779028,wide_3,wide,1.2168130873221922e-17,4.666477283988822e-14,4.0934011263058196e-16,False,1.0,51528,49456703.323416665,1789274621275.61
CKT_0087,20,57789.73634054631,1.741180824779028,wide_4,wide,4.2481183641815475e-18,1.583344476373407e-14,1.287271932010891e-16,False,1.0,51528,4604491.1355191395,237071727939.62396
CKT_0087,20,57789.73634054631,1.741180824779028,wide_5,wide,2.4830667764005855e-17,1.3388333700111315e-14,1.7219721800786283e-16,False,1.0,51528,1277104.5442165397,1384566962.5781987
CKT_0087,20,57789.73634054631,1.741180824779028,wide_6,wide,2.162216398008513e-17,4.592149470023796e-14,4.1185197040570507e-16,False,1.0,51528,2206948.5642160266,74098414765.23201
CKT_0087,20,57789.73634054631,1.741180824779028,wide_7,wide,3.06883031746971e-17,5.033944945665639e-14,1.5780391679201835e-16,False,1.0,51528,57318194.18660128,1547113848395.6091
CKT_0087,20,57789.73634054631,1.741180824779028,wide_8,wide,2.3624973823014954e-17,4.217592379041025e-14,1.338918215568524e-16,False,1.0,51528,40660707.226959646,1823417010547.835
CKT_0087,20,57789.73634054631,1.741180824779028,wide_9,wide,2.1625853680598172e-17,4.634741137156832e-14,4.4035545246143905e-16,False,1.0,51528,74786.59100427455,541423020.3552215
CKT_0087,20,57789.73634054631,1.741180824779028,adversarial_minsv,adversarial,1.7796779109839754e-17,5.002542828538591e-14,3.387726520454863e-16,False,1.0,51528,802.7105093206811,263914358.5624541
CKT_0127,21,20231.26173490288,1.9998601305182617,identity_e0,identity,5.047843464719337e-18,1.1432540311968073e-16,1.1432540311968073e-16,False,1.0,58080,1.0,31.07545289021521
CKT_0127,21,20231.26173490288,1.9998601305182617,identity_e1,identity,3.7632705039278975e-17,3.8093595921942354e-16,1.9046797960971184e-16,False,1.0,58080,1.0,74.61020348050883
CKT_0127,21,20231.26173490288,1.9998601305182617,identity_e2,identity,3.01064969651484e-17,4.488176128427048e-16,1.4960587094756834e-16,False,1.0,58080,1.0,94.9886165910054
CKT_0127,21,20231.26173490288,1.9998601305182617,identity_e3,identity,3.4513168131617977e-22,4.0156397791790645e-21,2.0078198895895322e-21,False,1.0,58080,1.0,26.999487805331803
CKT_0127,21,20231.26173490288,1.9998601305182617,identity_e4,identity,5.085427744482254e-22,2.4236487640180394e-18,1.5147804775112747e-19,False,1.0,58080,1.0,1465.8533577739393
CKT_0127,21,20231.26173490288,1.9998601305182617,identity_e5,identity,1.1322331659799793e-19,1.3433764848747082e-16,1.3433764848747082e-16,False,1.0,58080,1.0,13540.429090624637
CKT_0127,21,20231.26173490288,1.9998601305182617,identity_e6,identity,6.189074302607787e-20,7.355895484909364e-17,1.4711790969818726e-16,False,1.0,58080,1.0,3091.0400495723416
CKT_0127,21,20231.26173490288,1.9998601305182617,identity_e7,identity,2.3000820992881738e-20,9.47567411953054e-17,9.253588007354042e-20,False,1.0,58080,1.0,9.37324783963897
CKT_0127,21,20231.26173490288,1.9998601305182617,source,source,6.431493377697224e-17,1.2937445618343e-16,1.2937445618343e-16,False,1.0,58080,24000.000000000004,224958.0892187067
CKT_0127,21,20231.26173490288,1.9998601305182617,ones,ones,8.246034368416911e-20,1.9558505118252808e-16,1.9558505118252808e-16,False,1.0,58080,1.0,148803.9616564192
CKT_0127,21,20231.26173490288,1.9998601305182617,gaussian_0,gaussian,8.267123307372476e-20,1.9613743142996236e-16,1.9613743142996236e-16,False,1.0,58080,1.6783428987774376,37096.22156840346
CKT_0127,21,20231.26173490288,1.9998601305182617,gaussian_1,gaussian,3.425661410205117e-20,1.3001679533464513e-16,1.3001679533464513e-16,False,1.0,58080,2.4132750936550136,111923.34952505365
CKT_0127,21,20231.26173490288,1.9998601305182617,gaussian_2,gaussian,5.652922691265962e-20,1.1919119148235496e-16,1.1919119148235496e-16,False,1.0,58080,2.1684035566172684,122088.8477360436
CKT_0127,21,20231.26173490288,1.9998601305182617,gaussian_3,gaussian,1.828861002314093e-20,1.7352100203638763e-16,1.7352100203638763e-16,False,1.0,58080,2.2922662382042915,167725.11750843035
CKT_0127,21,20231.26173490288,1.9998601305182617,gaussian_4,gaussian,1.2625753117144434e-19,1.5978568922502708e-16,1.5978568922502708e-16,False,1.0,58080,1.6055001553753068,22767.86378514991
CKT_0127,21,20231.26173490288,1.9998601305182617,gaussian_5,gaussian,2.476004538557177e-19,1.9589882876040693e-16,1.9589882876040693e-16,False,1.0,58080,2.0515543144728263,18570.702183937636
CKT_0127,21,20231.26173490288,1.9998601305182617,gaussian_6,gaussian,6.737035804344747e-20,4.261831045743745e-17,1.0654577614359362e-17,False,1.0,58080,2.5122230691058056,85361.87305512573
CKT_0127,21,20231.26173490288,1.9998601305182617,gaussian_7,gaussian,1.162797137544389e-19,9.850639927087213e-18,9.850639927087213e-18,False,1.0,58080,1.4823797719210345,92328.48916464877
CKT_0127,21,20231.26173490288,1.9998601305182617,gaussian_8,gaussian,1.6664465388898238e-19,1.9772633490890967e-16,1.9772633490890967e-16,False,1.0,58080,2.855844317389212,36798.12108758996
CKT_0127,21,20231.26173490288,1.9998601305182617,gaussian_9,gaussian,1.3498181969974128e-20,8.576151158379598e-19,4.573947284469119e-18,False,1.0,58080,2.887238433817282,198842.41011284193
CKT_0127,21,20231.26173490288,1.9998601305182617,wide_0,wide,1.5900595353172117e-19,2.9485308217153766e-18,1.4742654108576883e-18,False,1.0,58080,35795872.288220085,323440511248.0485
CKT_0127,21,20231.26173490288,1.9998601305182617,wide_1,wide,5.960711241463957e-17,5.729715439467329e-16,1.9099051464891093e-16,False,1.0,58080,2165034.2240482657,39010212.68317899
CKT_0127,21,20231.26173490288,1.9998601305182617,wide_2,wide,3.744660969864732e-18,1.6638855714335972e-16,8.319427857167986e-17,False,1.0,58080,49869275.5247359,11463219980.74144
CKT_0127,21,20231.26173490288,1.9998601305182617,wide_3,wide,1.8298209821138996e-18,2.512034385133851e-16,5.024068770267701e-17,False,1.0,58080,26908561.14685298,4745527778.451541
CKT_0127,21,20231.26173490288,1.9998601305182617,wide_4,wide,2.3296238192256236e-22,4.7950020017606924e-20,1.918000800704277e-19,False,1.0,58080,15440355.863220328,38845555195.74353
CKT_0127,21,20231.26173490288,1.9998601305182617,wide_5,wide,3.431886061001687e-20,1.6355922780070523e-16,5.1112258687720376e-18,False,1.0,58080,15910866.214787897,23323032988.839733
CKT_0127,21,20231.26173490288,1.9998601305182617,wide_6,wide,3.5896538823458467e-19,2.704714565341651e-18,9.015715217805503e-19,False,1.0,58080,49282.73379886999,4035152.7518381686
CKT_0127,21,20231.26173490288,1.9998601305182617,wide_7,wide,7.182801628805524e-22,1.0676651934051863e-19,4.170567161739009e-22,False,1.0,58080,55475275.30257663,139567734210.03116
CKT_0127,21,20231.26173490288,1.9998601305182617,wide_8,wide,1.6663652996401473e-19,2.3437451120123318e-18,1.4999968716878926e-16,False,1.0,58080,8286090.643751767,6357842035.584479
CKT_0127,21,20231.26173490288,1.9998601305182617,wide_9,wide,6.853460977659066e-21,1.0159693832818648e-18,2.0319387665637297e-18,False,1.0,58080,25409654.7628629,3754736440287.6616
CKT_0127,21,20231.26173490288,1.9998601305182617,adversarial_minsv,adversarial,8.671872886767258e-22,2.5198829342235404e-20,0.0,True,1.0,58080,31260.44010277968,4619870242.615308
CKT_0134,24,51770.31829790472,2.299299570616853,identity_e0,identity,8.514890663555629e-18,5.019692033160153e-15,1.8591451974667147e-16,False,1.0,70752,1.0,2446.00234293753
CKT_0134,24,51770.31829790472,2.299299570616853,identity_e1,identity,1.6097893638385986e-17,5.271886280975969e-15,3.5145908539839627e-16,False,1.0,70752,1.0,2587.7683621180863
CKT_0134,24,51770.31829790472,2.299299570616853,identity_e2,identity,1.6381458211070367e-17,5.364857787753801e-15,1.7882859292512577e-16,False,1.0,70752,1.0,2542.92304965383
CKT_0134,24,51770.31829790472,2.299299570616853,identity_e3,identity,3.3621640640075956e-19,2.347182130188674e-16,1.1735910650943368e-16,False,1.0,70752,1.0,7749.673023454898
CKT_0134,24,51770.31829790472,2.299299570616853,identity_e4,identity,8.606509993018554e-19,4.208328296763956e-15,1.5029743917014063e-16,False,1.0,70752,1.0,3025.649361674607
CKT_0134,24,51770.31829790472,2.299299570616853,identity_e5,identity,2.3804451027916586e-18,9.356782398520878e-16,3.118927466173623e-16,False,1.0,70752,1.0,2187.0371585349467
CKT_0134,24,51770.31829790472,2.299299570616853,identity_e6,identity,5.375748854726581e-19,1.8763069249250343e-16,4.690767312312585e-17,False,1.0,70752,1.0,9694.519480700272
CKT_0134,24,51770.31829790472,2.299299570616853,identity_e7,identity,3.485577130064554e-18,1.0034368852859405e-15,1.4334812646941995e-16,False,1.0,70752,1.0,1586.1642634843718
CKT_0134,24,51770.31829790472,2.299299570616853,source,source,4.380174563379155e-18,1.7474546798202906e-15,3.883232621822868e-16,False,1.0,70752,833.3333333333334,149894.8597268004
CKT_0134,24,51770.31829790472,2.299299570616853,ones,ones,1.6289415124588123e-18,8.614636068433484e-16,1.4209708978859365e-16,False,1.0,70752,1.0,204816.51313220567
CKT_0134,24,51770.31829790472,2.299299570616853,gaussian_0,gaussian,1.1865286031134614e-18,3.826441445953951e-16,2.3915259037212185e-17,False,1.0,70752,1.3846992082838183,76059.7826147526
CKT_0134,24,51770.31829790472,2.299299570616853,gaussian_1,gaussian,4.6737122170820495e-19,3.7592853139092e-16,1.7690754418396237e-16,False,1.0,70752,2.964123309582638,164514.35460812936
CKT_0134,24,51770.31829790472,2.299299570616853,gaussian_2,gaussian,2.0844679398296793e-18,8.117820424086188e-16,1.6074891928883528e-17,False,1.0,70752,1.6853868561039096,56578.588882376185
CKT_0134,24,51770.31829790472,2.299299570616853,gaussian_3,gaussian,4.542018339066709e-19,1.9707139709631304e-16,7.471901311708553e-18,False,1.0,70752,1.6516664022771155,243443.98134588313
CKT_0134,24,51770.31829790472,2.299299570616853,gaussian_4,gaussian,5.917262467025708e-19,2.5944253585176854e-16,1.7296169056784572e-17,False,1.0,70752,1.4872325368822592,210334.36913966128
CKT_0134,24,51770.31829790472,2.299299570616853,gaussian_5,gaussian,4.110654164514971e-18,1.9627074331149644e-15,5.451965091986002e-17,False,1.0,70752,1.8529407930586772,33363.922417985406
CKT_0134,24,51770.31829790472,2.299299570616853,gaussian_6,gaussian,3.1934911678889244e-19,1.8767864088875096e-16,1.8767864088875096e-16,False,1.0,70752,2.3473266943711577,155072.68338534803
CKT_0134,24,51770.31829790472,2.299299570616853,gaussian_7,gaussian,2.6776207568118033e-18,1.1085549606406043e-15,2.27395889362175e-16,False,1.0,70752,1.9045480202728697,31996.873974247424
CKT_0134,24,51770.31829790472,2.299299570616853,gaussian_8,gaussian,1.7918235362635295e-18,9.346666942408431e-16,1.168333367801055e-17,False,1.0,70752,2.282451581123948,155690.95719395697
CKT_0134,24,51770.31829790472,2.299299570616853,gaussian_9,gaussian,1.5019421665149143e-19,2.5156549117544277e-16,1.9166894565748025e-16,False,1.0,70752,2.7589980514035575,151844.26646110616
CKT_0134,24,51770.31829790472,2.299299570616853,wide_0,wide,6.111418346397716e-18,4.343255539280277e-15,3.193570249470778e-16,False,1.0,70752,8182363.43160769,14931162334.135096
CKT_0134,24,51770.31829790472,2.299299570616853,wide_1,wide,9.463924810333363e-18,4.759294303395324e-15,3.3994959309966594e-16,False,1.0,70752,32637309.76057143,89770891757.04027
CKT_0134,24,51770.31829790472,2.299299570616853,wide_2,wide,1.1876771864109096e-18,3.890698381339004e-16,6.791037174700806e-17,False,1.0,70752,1079529.656444982,10532349019.812275
CKT_0134,24,51770.31829790472,2.299299570616853,wide_3,wide,7.705271260198e-18,4.773839932159808e-15,3.079896730425684e-16,False,1.0,70752,1086164.2040699234,3096449004.231512
CKT_0134,24,51770.31829790472,2.299299570616853,wide_4,wide,7.899380537372192e-19,3.2752083071450943e-16,1.5526913456095258e-16,False,1.0,70752,52788904.0135933,393092654393.8454
CKT_0134,24,51770.31829790472,2.299299570616853,wide_5,wide,4.7042552691108443e-17,3.4844283662688376e-14,3.6296128815300644e-16,False,1.0,70752,4667946.310728403,985305817.2462336
CKT_0134,24,51770.31829790472,2.299299570616853,wide_6,wide,1.0485162965245189e-16,3.5203723202881024e-14,1.3859733544441834e-16,False,1.0,70752,845710.9653520102,860112419.6834775
CKT_0134,24,51770.31829790472,2.299299570616853,wide_7,wide,6.454762617814356e-19,4.1670199396036246e-16,1.126221605298277e-17,False,1.0,70752,21322243.352171034,677432797893.2151
CKT_0134,24,51770.31829790472,2.299299570616853,wide_8,wide,1.0266845776082957e-18,7.267969022406865e-16,1.4535938044813719e-16,False,1.0,70752,1644894.3275942812,3280401696.354614
CKT_0134,24,51770.31829790472,2.299299570616853,wide_9,wide,3.829790967890677e-18,1.0798450923868342e-15,2.159690184773666e-16,False,1.0,70752,23399642.563120946,35326337939.76128
CKT_0134,24,51770.31829790472,2.299299570616853,adversarial_minsv,adversarial,1.9820359157585816e-19,1.6948737841025674e-16,1.6948737841025674e-16,False,1.0,70752,874.0286756344981,175838004.38258347
CKT_0137,25,22418.98785681291,2.99794043699636,identity_e0,identity,3.3347499621651366e-18,2.7572532613335104e-16,3.446566576666889e-17,False,1.0,78396,1.0,824.638340742285
CKT_0137,25,22418.98785681291,2.99794043699636,identity_e1,identity,5.421104544203093e-19,1.8821030530712623e-16,1.1763144081695391e-17,False,1.0,78396,1.0,2416.1660550116853
CKT_0137,25,22418.98785681291,2.99794043699636,identity_e2,identity,8.287114497989839e-18,4.649624470891487e-16,1.5498748236304962e-16,False,1.0,78396,1.0,733.522707693973
CKT_0137,25,22418.98785681291,2.99794043699636,identity_e3,identity,1.522586424476156e-17,5.064327920679374e-15,1.7691975268748903e-16,False,1.0,78396,1.0,80.32373151857189
CKT_0137,25,22418.98785681291,2.99794043699636,identity_e4,identity,1.065878502686959e-17,2.2041848117001223e-14,2.3080469232461583e-16,False,1.0,78396,1.0,15762.15271210807
CKT_0137,25,22418.98785681291,2.99794043699636,identity_e5,identity,2.9005866257383465e-19,5.356327932186047e-15,2.0117663595064958e-16,False,1.0,78396,1.0,4520.876380476088
CKT_0137,25,22418.98785681291,2.99794043699636,identity_e6,identity,1.1323107517381693e-17,2.3416182189968232e-14,2.4519562502584044e-16,False,1.0,78396,1.0,14837.046161440758
CKT_0137,25,22418.98785681291,2.99794043699636,identity_e7,identity,2.1519719614271784e-17,2.6095349107231834e-14,1.164970942287105e-16,False,1.0,78396,1.0,15614.032397879068
CKT_0137,25,22418.98785681291,2.99794043699636,source,source,1.969151632688344e-17,1.6700797444426686e-14,2.4380726196243336e-16,False,1.0,78396,1463.4146341463415,119372.2870372012
CKT_0137,25,22418.98785681291,2.99794043699636,ones,ones,7.95111456034974e-18,9.165092239392084e-15,8.605720412574741e-17,False,1.0,78396,1.0,169095.84010077166
CKT_0137,25,22418.98785681291,2.99794043699636,gaussian_0,gaussian,6.038766146549789e-17,1.1361540698201355e-14,2.6733036936944393e-16,False,1.0,78396,1.8776164545322236,27217.100815538975
CKT_0137,25,22418.98785681291,2.99794043699636,gaussian_1,gaussian,1.1508647236017163e-17,2.3793440972746234e-15,1.7624771090923164e-16,False,1.0,78396,2.8159848096517592,165130.26073695964
CKT_0137,25,22418.98785681291,2.99794043699636,gaussian_2,gaussian,3.402085992326386e-17,1.4151648813907449e-14,3.479913642764175e-16,False,1.0,78396,3.659264060834946,125450.65816755092
CKT_0137,25,22418.98785681291,2.99794043699636,gaussian_3,gaussian,1.1865269909623678e-17,1.6031540971299005e-14,3.3832797504364327e-16,False,1.0,78396,1.9057601286038304,17473.327651257456
CKT_0137,25,22418.98785681291,2.99794043699636,gaussian_4,gaussian,1.42719814663396e-17,7.212963379899653e-15,2.4204575100334443e-16,False,1.0,78396,2.37759523695481,75150.64387644312
CKT_0137,25,22418.98785681291,2.99794043699636,gaussian_5,gaussian,2.2052544920149277e-17,1.9116116477987117e-14,5.201664347751602e-16,False,1.0,78396,1.4978014367849546,27975.49833190765
CKT_0137,25,22418.98785681291,2.99794043699636,gaussian_6,gaussian,4.632083556045612e-17,5.4793138466582e-15,8.057814480379719e-17,False,1.0,78396,2.5548057545707348,90296.91154965076
CKT_0137,25,22418.98785681291,2.99794043699636,gaussian_7,gaussian,5.88701450160125e-17,1.426008015641243e-14,2.21086514052909e-16,False,1.0,78396,1.7880462555336278,32910.00197525477
CKT_0137,25,22418.98785681291,2.99794043699636,gaussian_8,gaussian,3.4270203803080238e-18,5.145141920719864e-15,5.748761922592036e-17,False,1.0,78396,2.5045535245561563,126565.64512768689
CKT_0137,25,22418.98785681291,2.99794043699636,gaussian_9,gaussian,4.608638811079768e-17,9.293444398469647e-15,2.8376929460976028e-16,False,1.0,78396,2.833174204813681,51280.79571956033
CKT_0137,25,22418.98785681291,2.99794043699636,wide_0,wide,1.8196822875332072e-17,2.6168261529538308e-14,1.406895781157937e-16,False,1.0,78396,27786140.564568404,433828554093.505
CKT_0137,25,22418.98785681291,2.99794043699636,wide_1,wide,2.454185967067913e-17,2.1812087042511898e-14,1.7449669634009196e-16,False,1.0,78396,176962975.59400153,2798226328871.841
CKT_0137,25,22418.98785681291,2.99794043699636,wide_2,wide,6.826520397066331e-19,1.4667191664520204e-15,1.4667191664520225e-16,False,1.0,78396,3542563.3148551523,208066948486.27145
CKT_0137,25,22418.98785681291,2.99794043699636,wide_3,wide,5.975908129666271e-17,1.7172786536584444e-15,1.9814753696059005e-16,False,1.0,78396,16166788.099582572,7219425971.940758
CKT_0137,25,22418.98785681291,2.99794043699636,wide_4,wide,6.095704230325832e-17,1.3763432483330686e-14,1.8109779583330097e-16,False,1.0,78396,23637833.627990585,337028708544.75977
CKT_0137,25,22418.98785681291,2.99794043699636,wide_5,wide,4.0968189836774406e-18,4.070658274109898e-16,3.180201776648359e-18,False,1.0,78396,13104356.579694713,18742409746.78294
CKT_0137,25,22418.98785681291,2.99794043699636,wide_6,wide,2.2686225339758072e-17,2.6125881593781048e-14,1.3128583715467522e-16,False,1.0,78396,59542363.06796966,929805645038.3304
CKT_0137,25,22418.98785681291,2.99794043699636,wide_7,wide,5.9059805169864304e-18,2.346186910288239e-14,1.439378472569443e-16,False,1.0,78396,7100749.1799672125,106009568388.64934
CKT_0137,25,22418.98785681291,2.99794043699636,wide_8,wide,1.279509351439259e-17,2.3479170344814145e-15,1.9771932921948757e-16,False,1.0,78396,45848410.24630248,38586993802.617226
CKT_0137,25,22418.98785681291,2.99794043699636,wide_9,wide,1.5034107778966159e-18,1.4808956526635027e-15,1.942158233001315e-16,False,1.0,78396,4063868.9239500915,9820768464.704226
CKT_0137,25,22418.98785681291,2.99794043699636,adversarial_minsv,adversarial,5.257589773006798e-19,1.584537423887766e-15,1.1318124456341203e-16,False,1.0,78396,985.4630280789355,131657513.14475948
CKT_0109,30,197647.82323650707,3.299812966914151,identity_e0,identity,2.935052961589107e-17,3.0409659709182855e-13,1.2988642694792452e-16,False,1.0,108232,1.0,14004.461022514273
CKT_0109,30,197647.82323650707,3.299812966914151,identity_e1,identity,1.3056244727415814e-17,1.5999192041746856e-13,5.77901103187533e-17,False,1.0,108232,1.0,7868.947617130528
CKT_0109,30,197647.82323650707,3.299812966914151,identity_e2,identity,6.026341294947439e-19,8.737368829283428e-15,1.7069340814228917e-16,False,1.0,108232,1.0,10656.471291671414
CKT_0109,30,197647.82323650707,3.299812966914151,identity_e3,identity,2.5602711777482795e-19,3.79734967373957e-15,1.8292215800040077e-17,False,1.0,108232,1.0,388.43994818743795
CKT_0109,30,197647.82323650707,3.299812966914151,identity_e4,identity,4.35573939583352e-17,3.859224871788939e-13,1.449746383091263e-16,False,1.0,108232,1.0,1176.2764754674267
CKT_0109,30,197647.82323650707,3.299812966914151,identity_e5,identity,5.798470146547374e-17,9.371101750301369e-13,6.415047748015987e-16,False,1.0,108232,1.0,14177.520378616231
CKT_0109,30,197647.82323650707,3.299812966914151,identity_e6,identity,1.5539411686683874e-17,3.448048245603823e-13,2.750736534187331e-16,False,1.0,108232,1.0,13225.471657780943
CKT_0109,30,197647.82323650707,3.299812966914151,identity_e7,identity,1.3902753643991373e-17,3.7058664212184443e-13,1.230775961879254e-16,False,1.0,108232,1.0,7389.604037961823
CKT_0109,30,197647.82323650707,3.299812966914151,source,source,5.447145260690458e-17,5.069003239077467e-13,3.0404290061645075e-16,False,1.0,108232,307.69230769230774,119653.4699450527
CKT_0109,30,197647.82323650707,3.299812966914151,ones,ones,1.0059144905228578e-16,1.5669829890153973e-12,2.2251959514526305e-16,False,1.0,108232,1.0,1046337.7101772787
CKT_0109,30,197647.82323650707,3.299812966914151,gaussian_0,gaussian,4.2981881179465455e-17,1.633426637877807e-12,1.6275673952522355e-16,False,1.0,108232,1.774402033133306,223522.46780711098
CKT_0109,30,197647.82323650707,3.299812966914151,gaussian_1,gaussian,3.107133611847473e-17,8.703433957643059e-13,1.461043135410598e-16,False,1.0,108232,2.4326401722814803,199198.98154515907
CKT_0109,30,197647.82323650707,3.299812966914151,gaussian_2,gaussian,7.219626021354121e-17,1.6043744808402171e-12,5.152961236029049e-16,False,1.0,108232,2.656892522141863,451838.5312622545
CKT_0109,30,197647.82323650707,3.299812966914151,gaussian_3,gaussian,4.6778394141280813e-17,8.406822844913033e-13,2.888198177415164e-16,False,1.0,108232,2.0579882922740755,403072.48559765524
CKT_0109,30,197647.82323650707,3.299812966914151,gaussian_4,gaussian,8.133468809179097e-17,1.599976972792631e-12,4.813408462063995e-16,False,1.0,108232,2.3322387734688426,362784.46783949796
CKT_0109,30,197647.82323650707,3.299812966914151,gaussian_5,gaussian,4.338444953614962e-17,1.166875756546329e-12,2.1003973657563173e-16,False,1.0,108232,3.094068857649365,138563.4496178008
CKT_0109,30,197647.82323650707,3.299812966914151,gaussian_6,gaussian,4.172080035069459e-17,6.874721826791348e-13,7.291233542930096e-16,False,1.0,108232,1.871300284123715,159664.78256592987
CKT_0109,30,197647.82323650707,3.299812966914151,gaussian_7,gaussian,4.292671096221955e-17,1.0520275762909477e-12,3.969316240154774e-16,False,1.0,108232,1.961126233278404,733220.2499340007
CKT_0109,30,197647.82323650707,3.299812966914151,gaussian_8,gaussian,6.365334899264889e-17,1.3136746994438906e-12,3.108553477149455e-16,False,1.0,108232,2.493286248515322,374499.9810448419
CKT_0109,30,197647.82323650707,3.299812966914151,gaussian_9,gaussian,1.9504468488681507e-17,1.7231732686119133e-13,7.240223817697299e-16,False,1.0,108232,2.543201562869522,87931.8522840266
CKT_0109,30,197647.82323650707,3.299812966914151,wide_0,wide,4.377032266984181e-17,1.092115512735399e-12,4.407245814105981e-16,False,1.0,108232,60879835.092543736,830929230967.5417
CKT_0109,30,197647.82323650707,3.299812966914151,wide_1,wide,1.8327571288871137e-17,3.4540373694230387e-13,1.630608931628956e-16,False,1.0,108232,14150069.820415065,187154488933.85715
CKT_0109,30,197647.82323650707,3.299812966914151,wide_2,wide,4.209544826266694e-17,7.899617683320081e-13,4.120822995992896e-16,False,1.0,108232,44386311.13187927,2369823942813.3965
CKT_0109,30,197647.82323650707,3.299812966914151,wide_3,wide,1.7934002971118437e-17,3.1876009830087343e-13,2.062171103353581e-16,False,1.0,108232,41938778.81820339,1183900912019.2266
CKT_0109,30,197647.82323650707,3.299812966914151,wide_4,wide,2.812358633124602e-17,6.034238794157545e-13,2.863560941586202e-16,False,1.0,108232,14202015.786028797,106572127318.14783
CKT_0109,30,197647.82323650707,3.299812966914151,wide_5,wide,1.1383249410544205e-16,1.5957759031895539e-12,1.9092796161605735e-16,False,1.0,108232,1963335.4282530097,319676362400.6911
CKT_0109,30,197647.82323650707,3.299812966914151,wide_6,wide,4.4178025750666216e-17,3.5517046864697043e-13,9.774885610209471e-17,False,1.0,108232,39191730.899903096,9990526119098.725
CKT_0109,30,197647.82323650707,3.299812966914151,wide_7,wide,3.913509008919724e-17,5.796606767513523e-13,6.228126995026338e-16,False,1.0,108232,15478125.358462475,171498627954.75684
CKT_0109,30,197647.82323650707,3.299812966914151,wide_8,wide,3.6968584908007826e-17,4.698138777356612e-13,2.3117917467618245e-16,False,1.0,108232,62908288.76234849,2112133373103.117
CKT_0109,30,197647.82323650707,3.299812966914151,wide_9,wide,1.0217603018445934e-16,1.5742820924837392e-12,1.3937867131308198e-16,False,1.0,108232,116125489.51817563,7006541896258.848
CKT_0109,30,197647.82323650707,3.299812966914151,adversarial_minsv,adversarial,1.0560862324881001e-16,1.5887876536381223e-12,4.304102366720965e-16,False,1.0,108232,118.9296466768667,103862500.87169708
CKT_0129,37,98968.99245171943,3.307512631974638,identity_e0,identity,1.3025944035698887e-17,1.9664054397371977e-15,2.134859171215957e-16,False,1.0,158388,1.0,66.56577120779302
CKT_0129,37,98968.99245171943,3.307512631974638,identity_e1,identity,4.658811697865968e-18,2.036036365266043e-14,5.391093641481129e-17,False,1.0,158388,1.0,50610.95738209383
CKT_0129,37,98968.99245171943,3.307512631974638,identity_e2,identity,2.1328469597340835e-17,1.728264181050535e-16,1.728264181050535e-16,False,1.0,158388,1.0,82.22617161783599
CKT_0129,37,98968.99245171943,3.307512631974638,identity_e3,identity,6.221805713290831e-18,6.906616960694153e-17,1.0168764583394411e-16,False,1.0,158388,1.0,69.87503053423188
CKT_0129,37,98968.99245171943,3.307512631974638,identity_e4,identity,3.3497907209683563e-18,2.0322725245360063e-15,2.0711057574889235e-16,False,1.0,158388,1.0,2195.674215293644
CKT_0129,37,98968.99245171943,3.307512631974638,identity_e5,identity,3.258629342967976e-17,9.846733836709211e-14,2.668491554663743e-16,False,1.0,158388,1.0,9.985174037532728
CKT_0129,37,98968.99245171943,3.307512631974638,identity_e6,identity,6.903624042198865e-17,1.8343818723836699e-13,3.99647466750248e-16,False,1.0,158388,1.0,6827.227324886058
CKT_0129,37,98968.99245171943,3.307512631974638,identity_e7,identity,3.3899227226383377e-17,1.8014726783171114e-13,6.541295128239222e-16,False,1.0,158388,1.0,6951.946701247108
CKT_0129,37,98968.99245171943,3.307512631974638,source,source,2.835968460519027e-17,9.844063223420122e-14,2.141565603354632e-16,False,1.0,158388,15000.0,203849.67715542545
CKT_0129,37,98968.99245171943,3.307512631974638,ones,ones,6.16145653435487e-18,2.320216964370606e-13,2.0978453565742711e-16,False,1.0,158388,1.0,554928.0430138002
CKT_0129,37,98968.99245171943,3.307512631974638,gaussian_0,gaussian,8.726804184039844e-19,3.6836036513949574e-14,1.8890275135358722e-16,False,1.0,158388,2.7809711096825738,616271.1818264053
CKT_0129,37,98968.99245171943,3.307512631974638,gaussian_1,gaussian,1.7380551989300008e-18,2.2994159441915642e-14,1.9201803291787567e-16,False,1.0,158388,3.2551668908457803,606272.8591575802
CKT_0129,37,98968.99245171943,3.307512631974638,gaussian_2,gaussian,6.228230465366587e-18,1.0079196185862217e-13,1.3403186417369977e-16,False,1.0,158388,2.068628193636105,434282.2602096519
CKT_0129,37,98968.99245171943,3.307512631974638,gaussian_3,gaussian,2.6051981492971317e-18,3.495865338597504e-14,2.6917153713936505e-16,False,1.0,158388,2.1114333799143314,432494.91779162415
CKT_0129,37,98968.99245171943,3.307512631974638,gaussian_4,gaussian,2.3183339589415774e-19,1.0947789482531084e-14,9.979753402489592e-18,False,1.0,158388,2.048414800216649,729071.8839173254
CKT_0129,37,98968.99245171943,3.307512631974638,gaussian_5,gaussian,4.0598077038299436e-18,2.767632545826807e-14,1.561428798773935e-16,False,1.0,158388,2.4824138813474423,745569.1986618054
CKT_0129,37,98968.99245171943,3.307512631974638,gaussian_6,gaussian,1.2605277012674315e-18,4.183544175350648e-14,2.462356783608384e-17,False,1.0,158388,2.645271153224225,590975.0904189523
CKT_0129,37,98968.99245171943,3.307512631974638,gaussian_7,gaussian,1.3459471249907388e-18,5.077836709857011e-14,7.082059567443515e-17,False,1.0,158388,2.230072920877429,410951.5061201274
CKT_0129,37,98968.99245171943,3.307512631974638,gaussian_8,gaussian,1.9639309586670134e-18,9.762786478336733e-14,2.591890215487625e-16,False,1.0,158388,1.8613131123422373,336864.15747271443
CKT_0129,37,98968.99245171943,3.307512631974638,gaussian_9,gaussian,6.686820300114852e-18,2.3527214222661704e-13,1.7479356777613107e-16,False,1.0,158388,2.7616902957323206,666016.051437517
CKT_0129,37,98968.99245171943,3.307512631974638,wide_0,wide,5.201331976963311e-18,2.0767837957971404e-14,2.1904113864702833e-16,False,1.0,158388,62580187.39635716,4458352006531.852
CKT_0129,37,98968.99245171943,3.307512631974638,wide_1,wide,3.774449406916017e-17,1.4294055524316596e-13,2.6291947622899676e-16,False,1.0,158388,21309696.09850787,174107935418.33255
CKT_0129,37,98968.99245171943,3.307512631974638,wide_2,wide,5.646904075597315e-17,2.0135842127061833e-14,7.140369548603342e-16,False,1.0,158388,38275920.970769666,13356091864.920193
CKT_0129,37,98968.99245171943,3.307512631974638,wide_3,wide,2.7836133136617314e-17,1.3248379940975979e-13,2.3193942473697487e-16,False,1.0,158388,48558206.18539545,328939098641.8942
CKT_0129,37,98968.99245171943,3.307512631974638,wide_4,wide,6.093631642115346e-19,2.4640118871079677e-15,1.9193860853810842e-17,False,1.0,158388,58513081.87042398,25439449296781.49
CKT_0129,37,98968.99245171943,3.307512631974638,wide_5,wide,4.004300470499149e-19,1.402899978243916e-15,1.2826514086801516e-17,False,1.0,158388,95724607.20217726,38068117860833.4
CKT_0129,37,98968.99245171943,3.307512631974638,wide_6,wide,1.0206277228794672e-17,9.587007534995745e-15,1.7953197631078174e-17,False,1.0,158388,48007211.64854553,1699840816778.625
CKT_0129,37,98968.99245171943,3.307512631974638,wide_7,wide,5.225671282687782e-17,1.5383507802133958e-13,2.6917773931992945e-16,False,1.0,158388,65556182.71248209,113373335410.6542
CKT_0129,37,98968.99245171943,3.307512631974638,wide_8,wide,4.299226125841017e-18,4.4362301369437445e-15,1.182994703184996e-16,False,1.0,158388,30606321.275158826,257968848405.12836
CKT_0129,37,98968.99245171943,3.307512631974638,wide_9,wide,4.5730288687919546e-17,4.3206848690605994e-14,2.2185801638308175e-16,False,1.0,158388,9157552.79135626,68777271658.97256
CKT_0129,37,98968.99245171943,3.307512631974638,adversarial_minsv,adversarial,6.997262652148015e-18,2.3519872072487414e-13,2.0523448579836775e-16,False,1.0,158388,9937.474940243645,4646754723.975511
CKT_0133,44,396793.81052713847,3.4650546959203763,identity_e0,identity,4.0030765132078795e-17,2.1371774398047084e-14,1.8584151650476115e-16,False,1.0,217120,1.0,2446.963194442151
CKT_0133,44,396793.81052713847,3.4650546959203763,identity_e1,identity,5.064016462453696e-17,2.077304265743954e-14,2.2777459054210485e-17,False,1.0,217120,1.0,2495.5996507564932
CKT_0133,44,396793.81052713847,3.4650546959203763,identity_e2,identity,8.591756136782664e-17,1.8634595424458085e-13,1.9826674211419696e-16,False,1.0,217120,1.0,35.83771681439362
CKT_0133,44,396793.81052713847,3.4650546959203763,identity_e3,identity,2.5065324409180262e-17,1.0623353660798215e-13,6.343058073082289e-17,False,1.0,217120,1.0,35.00592338375564
CKT_0133,44,396793.81052713847,3.4650546959203763,identity_e4,identity,2.572122536033096e-17,4.601839771788324e-13,2.404933248909498e-16,False,1.0,217120,1.0,14.772608264331064
CKT_0133,44,396793.81052713847,3.4650546959203763,identity_e5,identity,1.028575637730794e-19,1.3933230728825056e-15,6.639614357314776e-19,False,1.0,217120,1.0,21403.13269782919
CKT_0133,44,396793.81052713847,3.4650546959203763,identity_e6,identity,1.0374844933118706e-17,2.1032938647779876e-14,1.844994618226344e-16,False,1.0,217120,1.0,2464.7624789476527
CKT_0133,44,396793.81052713847,3.4650546959203763,identity_e7,identity,1.114987302413935e-18,2.0525397459975536e-14,8.379423335364578e-18,False,1.0,217120,1.0,27134.764093326394
CKT_0133,44,396793.81052713847,3.4650546959203763,source,source,3.967090542562266e-17,9.656204222745105e-13,3.2425131708344885e-16,False,1.0,217120,6000.0,89757.01538706037
CKT_0133,44,396793.81052713847,3.4650546959203763,ones,ones,7.853875600878598e-17,1.2369824274298209e-12,2.3447681308527124e-16,False,1.0,217120,1.0,1985958.7870566724
CKT_0133,44,396793.81052713847,3.4650546959203763,gaussian_0,gaussian,1.1800700479417614e-17,1.2277537114554076e-12,2.48936275640088e-16,False,1.0,217120,2.3572008177025285,116912.77368836358
CKT_0133,44,396793.81052713847,3.4650546959203763,gaussian_1,gaussian,2.7414522237694336e-17,1.2261606846198513e-12,1.7471654098337873e-16,False,1.0,217120,2.214333131510392,666309.6760713098
CKT_0133,44,396793.81052713847,3.4650546959203763,gaussian_2,gaussian,3.338394636607817e-17,1.2239410865592329e-12,5.119664333076113e-16,False,1.0,217120,2.2447532483365453,170541.43726985453
CKT_0133,44,396793.81052713847,3.4650546959203763,gaussian_3,gaussian,1.0176491427818074e-16,1.224891577842236e-12,3.93771403078783e-16,False,1.0,217120,2.448059558838636,443462.8349724649
CKT_0133,44,396793.81052713847,3.4650546959203763,gaussian_4,gaussian,1.1281050365368327e-16,1.2253967199949031e-12,4.810193209014335e-16,False,1.0,217120,2.353159950488461,484035.94936174987
CKT_0133,44,396793.81052713847,3.4650546959203763,gaussian_5,gaussian,3.601185209878856e-17,1.2322216380972825e-12,7.719477764127175e-16,False,1.0,217120,2.8547401770736553,301614.50135376526
CKT_0133,44,396793.81052713847,3.4650546959203763,gaussian_6,gaussian,4.9999686406560213e-17,1.2364688490728832e-12,1.1131336415866132e-16,False,1.0,217120,2.98807375840159,1045834.1880764774
CKT_0133,44,396793.81052713847,3.4650546959203763,gaussian_7,gaussian,5.969245899917598e-17,1.2342429040213325e-12,3.103061983715533e-16,False,1.0,217120,1.9723385378568652,375162.7342214475
CKT_0133,44,396793.81052713847,3.4650546959203763,gaussian_8,gaussian,1.0416941069597639e-16,1.2373820154802478e-12,8.404700393831066e-16,False,1.0,217120,3.384431479615428,1108097.2919618373
CKT_0133,44,396793.81052713847,3.4650546959203763,gaussian_9,gaussian,1.6276144854321553e-17,1.195154781818524e-12,1.475168604131445e-15,False,1.0,217120,2.616198014532728,54255.177023063894
CKT_0133,44,396793.81052713847,3.4650546959203763,wide_0,wide,3.3942853070424354e-17,1.2341620114228727e-12,6.779247522243314e-16,False,1.0,217120,20944826.451009184,2160776318011.281
CKT_0133,44,396793.81052713847,3.4650546959203763,wide_1,wide,4.151032490939514e-17,5.912361711807535e-13,3.712629018403475e-16,False,1.0,217120,91147741.7369474,1315189984185.3127
CKT_0133,44,396793.81052713847,3.4650546959203763,wide_2,wide,1.008833108281062e-16,1.236200180906708e-12,6.260298012702066e-16,False,1.0,217120,63824168.79802507,2339894597713.7993
CKT_0133,44,396793.81052713847,3.4650546959203763,wide_3,wide,6.189596505055215e-17,1.236626549109846e-12,7.276413940049264e-16,False,1.0,217120,24285014.262575716,1006569831010.7969
CKT_0133,44,396793.81052713847,3.4650546959203763,wide_4,wide,4.789562395451154e-17,1.2259849183042934e-12,3.319453749925436e-16,False,1.0,217120,64974107.02326464,8825812078465.648
CKT_0133,44,396793.81052713847,3.4650546959203763,wide_5,wide,5.381908039280143e-17,1.2341955791270959e-12,5.895369377256357e-16,False,1.0,217120,78245479.70712754,13251926215411.896
CKT_0133,44,396793.81052713847,3.4650546959203763,wide_6,wide,4.899128916113251e-17,1.2350676667670166e-12,4.561934253023422e-16,False,1.0,217120,81942265.28548373,12844058408155.928
CKT_0133,44,396793.81052713847,3.4650546959203763,wide_7,wide,2.4882247603560793e-17,3.4668555470774656e-13,1.908798649457695e-16,False,1.0,217120,130692034.85843445,319756912377.0105
CKT_0133,44,396793.81052713847,3.4650546959203763,wide_8,wide,2.1922845994220593e-17,1.2382724921570581e-12,5.842745323176741e-16,False,1.0,217120,86908222.09916043,5014231047139.172
CKT_0133,44,396793.81052713847,3.4650546959203763,wide_9,wide,6.293691774398226e-17,1.2373495411447293e-12,2.5381529049154023e-16,False,1.0,217120,132988837.11380659,7695064376214.555
CKT_0133,44,396793.81052713847,3.4650546959203763,adversarial_minsv,adversarial,2.3258910617638402e-17,1.236307129253253e-12,3.9331085766323836e-16,False,1.0,217120,1894.9558187456148,3637101409.069697
