circuit,transformer,layer,head,query_pos,query_tok,argmax_key_pos,max_score,attn_entropy,n_past_keys
CKT_0015,T2,0,0,0,start,0,0.0,-0.0,1
CKT_0015,T2,0,1,0,start,0,0.0,-0.0,1
CKT_0015,T2,0,2,0,start,0,0.0,-0.0,1
CKT_0015,T2,0,3,0,start,0,0.0,-0.0,1
CKT_0015,T2,0,4,0,start,0,0.0,-0.0,1
CKT_0015,T2,0,5,0,start,0,0.0,-0.0,1
CKT_0015,T2,0,6,0,start,0,0.0,-0.0,1
CKT_0015,T2,0,7,0,start,0,0.0,-0.0,1
CKT_0015,T2,0,8,0,start,0,0.0,-0.0,1
CKT_0015,T2,0,9,0,start,0,0.0,-0.0,1
CKT_0015,T2,0,10,0,start,0,0.0,-0.0,1
CKT_0015,T2,0,11,0,start,0,0.0,-0.0,1
CKT_0015,T2,0,12,0,start,0,0.0,-0.0,1
CKT_0015,T2,0,13,0,start,0,0.0,-0.0,1
CKT_0015,T2,0,14,0,start,0,0.0,-0.0,1
CKT_0015,T2,0,15,0,start,0,0.0,-0.0,1
CKT_0015,T2,0,16,0,start,0,0.0,-0.0,1
CKT_0015,T2,0,17,0,start,0,0.0,-0.0,1
CKT_0015,T2,0,18,0,start,0,0.0,-0.0,1
CKT_0015,T2,0,19,0,start,0,0.0,-0.0,1
CKT_0015,T2,0,20,0,start,0,0.0,-0.0,1
CKT_0015,T2,0,21,0,start,0,0.0,-0.0,1
CKT_0015,T2,0,22,0,start,0,0.0,-0.0,1
CKT_0015,T2,0,23,0,start,0,0.0,-0.0,1
CKT_0015,T2,1,0,0,start,0,0.0,-0.0,1
CKT_0015,T2,1,1,0,start,0,0.0,-0.0,1
CKT_0015,T2,1,2,0,start,0,0.0,-0.0,1
CKT_0015,T2,1,3,0,start,0,0.0,-0.0,1
CKT_0015,T2,1,4,0,start,0,0.0,-0.0,1
CKT_0015,T2,1,5,0,start,0,0.0,-0.0,1
CKT_0015,T2,1,6,0,start,0,0.0,-0.0,1
CKT_0015,T2,1,7,0,start,0,0.0,-0.0,1
CKT_0015,T2,1,8,0,start,0,0.0,-0.0,1
CKT_0015,T2,1,9,0,start,0,0.0,-0.0,1
CKT_0015,T2,1,10,0,start,0,0.0,-0.0,1
CKT_0015,T2,1,11,0,start,0,0.0,-0.0,1
CKT_0015,T2,1,12,0,start,0,0.0,-0.0,1
CKT_0015,T2,1,13,0,start,0,0.0,-0.0,1
CKT_0015,T2,1,14,0,start,0,0.0,-0.0,1
CKT_0015,T2,1,15,0,start,0,0.0,-0.0,1
CKT_0015,T2,1,16,0,start,0,0.0,-0.0,1
CKT_0015,T2,1,17,0,start,0,0.0,-0.0,1
CKT_0015,T2,1,18,0,start,0,0.0,-0.0,1
CKT_0015,T2,1,19,0,start,0,0.0,-0.0,1
CKT_0015,T2,1,20,0,start,0,0.0,-0.0,1
CKT_0015,T2,1,21,0,start,0,0.0,-0.0,1
CKT_0015,T2,1,22,0,start,0,0.0,-0.0,1
CKT_0015,T2,1,23,0,start,0,0.0,-0.0,1
CKT_0015,T2,2,0,0,start,0,0.0,-0.0,1
CKT_0015,T2,2,1,0,start,0,0.0,-0.0,1
CKT_0015,T2,2,2,0,start,0,0.0,-0.0,1
CKT_0015,T2,2,3,0,start,0,0.0,-0.0,1
CKT_0015,T2,2,4,0,start,0,0.0,-0.0,1
CKT_0015,T2,2,5,0,start,0,0.0,-0.0,1
CKT_0015,T2,2,6,0,start,0,0.0,-0.0,1
CKT_0015,T2,2,7,0,start,0,0.0,-0.0,1
CKT_0015,T2,2,8,0,start,0,0.0,-0.0,1
CKT_0015,T2,2,9,0,start,0,0.0,-0.0,1
CKT_0015,T2,2,10,0,start,0,0.0,-0.0,1
CKT_0015,T2,2,11,0,start,0,0.0,-0.0,1
CKT_0015,T2,2,12,0,start,0,0.0,-0.0,1
CKT_0015,T2,2,13,0,start,0,0.0,-0.0,1
CKT_0015,T2,2,14,0,start,0,0.0,-0.0,1
CKT_0015,T2,2,15,0,start,0,0.0,-0.0,1
CKT_0015,T2,2,16,0,start,0,0.0,-0.0,1
CKT_0015,T2,2,17,0,start,0,0.0,-0.0,1
CKT_0015,T2,2,18,0,start,0,0.0,-0.0,1
CKT_0015,T2,2,19,0,start,0,0.0,-0.0,1
CKT_0015,T2,2,20,0,start,0,0.0,-0.0,1
CKT_0015,T2,2,21,0,start,0,0.0,-0.0,1
CKT_0015,T2,2,22,0,start,0,0.0,-0.0,1
CKT_0015,T2,2,23,0,start,0,0.0,-0.0,1
CKT_0015,T2,3,0,0,start,0,0.0,-0.0,1
CKT_0015,T2,3,1,0,start,0,0.0,-0.0,1
CKT_0015,T2,3,2,0,start,0,0.0,-0.0,1
CKT_0015,T2,3,3,0,start,0,0.0,-0.0,1
CKT_0015,T2,3,4,0,start,0,0.0,-0.0,1
CKT_0015,T2,3,5,0,start,0,0.0,-0.0,1
CKT_0015,T2,3,6,0,start,0,0.0,-0.0,1
CKT_0015,T2,3,7,0,start,0,0.0,-0.0,1
CKT_0015,T2,3,8,0,start,0,0.0,-0.0,1
CKT_0015,T2,3,9,0,start,0,0.0,-0.0,1
CKT_0015,T2,3,10,0,start,0,0.0,-0.0,1
CKT_0015,T2,3,11,0,start,0,0.0,-0.0,1
CKT_0015,T2,3,12,0,start,0,0.0,-0.0,1
CKT_0015,T2,3,13,0,start,0,0.0,-0.0,1
CKT_0015,T2,3,14,0,start,0,0.0,-0.0,1
CKT_0015,T2,3,15,0,start,0,0.0,-0.0,1
CKT_0015,T2,3,16,0,start,0,0.0,-0.0,1
CKT_0015,T2,3,17,0,start,0,0.0,-0.0,1
CKT_0015,T2,3,18,0,start,0,0.0,-0.0,1
CKT_0015,T2,3,19,0,start,0,0.0,-0.0,1
CKT_0015,T2,3,20,0,start,0,0.0,-0.0,1
CKT_0015,T2,3,21,0,start,0,0.0,-0.0,1
CKT_0015,T2,3,22,0,start,0,0.0,-0.0,1
CKT_0015,T2,3,23,0,start,0,0.0,-0.0,1
CKT_0015,T2,0,0,1,skip,1,42426406871.192856,6.907755278982138e-29,2
CKT_0015,T2,0,1,1,skip,1,42426406871.192856,6.907755278982138e-29,2
CKT_0015,T2,0,2,1,skip,0,0.0,0.6931471805599453,2
CKT_0015,T2,0,3,1,skip,0,0.0,0.6931471805599453,2
CKT_0015,T2,0,4,1,skip,0,0.0,0.6931471805599453,2
CKT_0015,T2,0,5,1,skip,0,0.0,0.6931471805599453,2
CKT_0015,T2,0,6,1,skip,0,0.0,0.6931471805599453,2
CKT_0015,T2,0,7,1,skip,0,0.0,0.6931471805599453,2
CKT_0015,T2,0,8,1,skip,0,0.0,0.6931471805599453,2
CKT_0015,T2,0,9,1,skip,0,0.0,0.6931471805599453,2
CKT_0015,T2,0,10,1,skip,0,0.0,0.6931471805599453,2
CKT_0015,T2,0,11,1,skip,0,0.0,0.6931471805599453,2
CKT_0015,T2,0,12,1,skip,0,0.0,0.6931471805599453,2
CKT_0015,T2,0,13,1,skip,0,0.0,0.6931471805599453,2
CKT_0015,T2,0,14,1,skip,0,0.0,0.6931471805599453,2
CKT_0015,T2,0,15,1,skip,0,0.0,0.6931471805599453,2
CKT_0015,T2,0,16,1,skip,0,0.0,0.6931471805599453,2
CKT_0015,T2,0,17,1,skip,0,0.0,0.6931471805599453,2
CKT_0015,T2,0,18,1,skip,0,0.0,0.6931471805599453,2
CKT_0015,T2,0,19,1,skip,0,0.0,0.6931471805599453,2
CKT_0015,T2,0,20,1,skip,0,0.0,0.6931471805599453,2
CKT_0015,T2,0,21,1,skip,0,0.0,0.6931471805599453,2
CKT_0015,T2,0,22,1,skip,0,0.0,0.6931471805599453,2
CKT_0015,T2,0,23,1,skip,0,0.0,0.6931471805599453,2
CKT_0015,T2,1,0,1,skip,0,0.0,6.907755278982138e-29,2
CKT_0015,T2,1,1,1,skip,0,0.0,6.907755278982138e-29,2
CKT_0015,T2,1,2,1,skip,0,0.0,6.907755278982138e-29,2
CKT_0015,T2,1,3,1,skip,0,0.0,6.907755278982138e-29,2
CKT_0015,T2,1,4,1,skip,0,0.0,6.907755278982138e-29,2
CKT_0015,T2,1,5,1,skip,0,0.0,6.907755278982138e-29,2
CKT_0015,T2,1,6,1,skip,0,0.0,6.907755278982138e-29,2
CKT_0015,T2,1,7,1,skip,0,0.0,6.907755278982138e-29,2
CKT_0015,T2,1,8,1,skip,0,0.0,6.907755278982138e-29,2
CKT_0015,T2,1,9,1,skip,0,0.0,6.907755278982138e-29,2
CKT_0015,T2,1,10,1,skip,1,42426406871.192856,6.907755278982138e-29,2
CKT_0015,T2,1,11,1,skip,1,42426406871.192856,6.907755278982138e-29,2
CKT_0015,T2,1,12,1,skip,1,42426406871.192856,6.907755278982138e-29,2
CKT_0015,T2,1,13,1,skip,1,42426406871.192856,6.907755278982138e-29,2
CKT_0015,T2,1,14,1,skip,1,42426406871.192856,6.907755278982138e-29,2
CKT_0015,T2,1,15,1,skip,1,42426406871.192856,6.907755278982138e-29,2
CKT_0015,T2,1,16,1,skip,0,0.0,0.6931471805599453,2
CKT_0015,T2,1,17,1,skip,0,0.0,0.6931471805599453,2
CKT_0015,T2,1,18,1,skip,0,0.0,0.6931471805599453,2
CKT_0015,T2,1,19,1,skip,0,0.0,0.6931471805599453,2
CKT_0015,T2,1,20,1,skip,0,0.0,0.6931471805599453,2
CKT_0015,T2,1,21,1,skip,0,0.0,0.6931471805599453,2
CKT_0015,T2,1,22,1,skip,0,0.0,0.6931471805599453,2
CKT_0015,T2,1,23,1,skip,0,0.0,0.6931471805599453,2
CKT_0015,T2,2,0,1,skip,0,0.0,0.6931471805599453,2
CKT_0015,T2,2,1,1,skip,0,0.0,0.6931471805599453,2
CKT_0015,T2,2,2,1,skip,0,0.0,0.6931471805599453,2
CKT_0015,T2,2,3,1,skip,0,0.0,0.6931471805599453,2
CKT_0015,T2,2,4,1,skip,0,0.0,0.6931471805599453,2
CKT_0015,T2,2,5,1,skip,0,0.0,0.6931471805599453,2
CKT_0015,T2,2,6,1,skip,0,0.0,0.6931471805599453,2
CKT_0015,T2,2,7,1,skip,0,0.0,0.6931471805599453,2
CKT_0015,T2,2,8,1,skip,0,0.0,0.6931471805599453,2
CKT_0015,T2,2,9,1,skip,0,0.0,0.6931471805599453,2
CKT_0015,T2,2,10,1,skip,0,0.0,0.6931471805599453,2
CKT_0015,T2,2,11,1,skip,0,0.0,0.6931471805599453,2
CKT_0015,T2,2,12,1,skip,0,0.0,0.6931471805599453,2
CKT_0015,T2,2,13,1,skip,0,0.0,0.6931471805599453,2
CKT_0015,T2,2,14,1,skip,0,0.0,0.6931471805599453,2
CKT_0015,T2,2,15,1,skip,0,0.0,0.6931471805599453,2
CKT_0015,T2,2,16,1,skip,0,0.0,0.6931471805599453,2
CKT_0015,T2,2,17,1,skip,0,0.0,0.6931471805599453,2
CKT_0015,T2,2,18,1,skip,0,0.0,0.6931471805599453,2
CKT_0015,T2,2,19,1,skip,0,0.0,0.6931471805599453,2
CKT_0015,T2,2,20,1,skip,0,0.0,0.6931471805599453,2
CKT_0015,T2,2,21,1,skip,0,0.0,0.6931471805599453,2
CKT_0015,T2,2,22,1,skip,0,0.0,0.6931471805599453,2
CKT_0015,T2,2,23,1,skip,0,0.0,0.6931471805599453,2
CKT_0015,T2,3,0,1,skip,1,42426406871.192856,6.907755278982138e-29,2
CKT_0015,T2,3,1,1,skip,0,0.0,0.6931471805599453,2
CKT_0015,T2,3,2,1,skip,0,0.0,0.6931471805599453,2
CKT_0015,T2,3,3,1,skip,0,0.0,0.6931471805599453,2
CKT_0015,T2,3,4,1,skip,0,0.0,0.6931471805599453,2
CKT_0015,T2,3,5,1,skip,0,0.0,0.6931471805599453,2
CKT_0015,T2,3,6,1,skip,0,0.0,0.6931471805599453,2
CKT_0015,T2,3,7,1,skip,0,0.0,0.6931471805599453,2
CKT_0015,T2,3,8,1,skip,0,0.0,0.6931471805599453,2
CKT_0015,T2,3,9,1,skip,0,0.0,0.6931471805599453,2
CKT_0015,T2,3,10,1,skip,0,0.0,0.6931471805599453,2
CKT_0015,T2,3,11,1,skip,0,0.0,0.6931471805599453,2
CKT_0015,T2,3,12,1,skip,0,0.0,0.6931471805599453,2
CKT_0015,T2,3,13,1,skip,0,0.0,0.6931471805599453,2
CKT_0015,T2,3,14,1,skip,0,0.0,0.6931471805599453,2
CKT_0015,T2,3,15,1,skip,0,0.0,0.6931471805599453,2
CKT_0015,T2,3,16,1,skip,0,0.0,0.6931471805599453,2
CKT_0015,T2,3,17,1,skip,0,0.0,0.6931471805599453,2
CKT_0015,T2,3,18,1,skip,0,0.0,0.6931471805599453,2
CKT_0015,T2,3,19,1,skip,0,0.0,0.6931471805599453,2
CKT_0015,T2,3,20,1,skip,0,0.0,0.6931471805599453,2
CKT_0015,T2,3,21,1,skip,0,0.0,0.6931471805599453,2
CKT_0015,T2,3,22,1,skip,0,0.0,0.6931471805599453,2
CKT_0015,T2,3,23,1,skip,0,0.0,0.6931471805599453,2
CKT_0015,T2,0,0,2,v_0,2,127279220613.57857,1.3815510557964276e-28,3
CKT_0015,T2,0,1,2,v_0,2,127279220613.57857,1.3815510557964276e-28,3
CKT_0015,T2,0,2,2,v_0,0,0.0,1.0986122886681096,3
CKT_0015,T2,0,3,2,v_0,0,0.0,1.0986122886681096,3
CKT_0015,T2,0,4,2,v_0,0,0.0,1.0986122886681096,3
CKT_0015,T2,0,5,2,v_0,0,0.0,1.0986122886681096,3
CKT_0015,T2,0,6,2,v_0,0,0.0,1.0986122886681096,3
CKT_0015,T2,0,7,2,v_0,0,0.0,1.0986122886681096,3
CKT_0015,T2,0,8,2,v_0,0,0.0,1.0986122886681096,3
CKT_0015,T2,0,9,2,v_0,0,0.0,1.0986122886681096,3
CKT_0015,T2,0,10,2,v_0,0,0.0,1.0986122886681096,3
CKT_0015,T2,0,11,2,v_0,0,0.0,1.0986122886681096,3
CKT_0015,T2,0,12,2,v_0,0,0.0,1.0986122886681096,3
CKT_0015,T2,0,13,2,v_0,0,0.0,1.0986122886681096,3
CKT_0015,T2,0,14,2,v_0,0,0.0,1.0986122886681096,3
CKT_0015,T2,0,15,2,v_0,0,0.0,1.0986122886681096,3
CKT_0015,T2,0,16,2,v_0,0,0.0,1.0986122886681096,3
CKT_0015,T2,0,17,2,v_0,0,0.0,1.0986122886681096,3
CKT_0015,T2,0,18,2,v_0,0,0.0,1.0986122886681096,3
CKT_0015,T2,0,19,2,v_0,0,0.0,1.0986122886681096,3
CKT_0015,T2,0,20,2,v_0,0,0.0,1.0986122886681096,3
CKT_0015,T2,0,21,2,v_0,0,0.0,1.0986122886681096,3
CKT_0015,T2,0,22,2,v_0,0,0.0,1.0986122886681096,3
CKT_0015,T2,0,23,2,v_0,0,0.0,1.0986122886681096,3
CKT_0015,T2,1,0,2,v_0,2,59628960834.71417,1.3815510557964276e-28,3
CKT_0015,T2,1,1,2,v_0,2,59628960834.71417,1.3815510557964276e-28,3
CKT_0015,T2,1,2,2,v_0,2,59628960834.71417,1.3815510557964276e-28,3
CKT_0015,T2,1,3,2,v_0,2,59628960834.71417,1.3815510557964276e-28,3
CKT_0015,T2,1,4,2,v_0,2,59628960834.71417,1.3815510557964276e-28,3
CKT_0015,T2,1,5,2,v_0,2,59628960834.71417,1.3815510557964276e-28,3
CKT_0015,T2,1,6,2,v_0,2,59628960834.71417,1.3815510557964276e-28,3
CKT_0015,T2,1,7,2,v_0,2,59628960834.71417,1.3815510557964276e-28,3
CKT_0015,T2,1,8,2,v_0,2,59628960834.71417,1.3815510557964276e-28,3
CKT_0015,T2,1,9,2,v_0,2,59628960834.71417,1.3815510557964276e-28,3
CKT_0015,T2,1,10,2,v_0,2,127279220613.57857,1.3815510557964276e-28,3
CKT_0015,T2,1,11,2,v_0,2,127279220613.57857,1.3815510557964276e-28,3
CKT_0015,T2,1,12,2,v_0,2,127279220613.57857,1.3815510557964276e-28,3
CKT_0015,T2,1,13,2,v_0,2,127279220613.57857,1.3815510557964276e-28,3
CKT_0015,T2,1,14,2,v_0,2,127279220613.57857,1.3815510557964276e-28,3
CKT_0015,T2,1,15,2,v_0,2,127279220613.57857,1.3815510557964276e-28,3
CKT_0015,T2,1,16,2,v_0,0,0.0,1.0986122886681096,3
CKT_0015,T2,1,17,2,v_0,0,0.0,1.0986122886681096,3
CKT_0015,T2,1,18,2,v_0,0,0.0,1.0986122886681096,3
CKT_0015,T2,1,19,2,v_0,0,0.0,1.0986122886681096,3
CKT_0015,T2,1,20,2,v_0,0,0.0,1.0986122886681096,3
CKT_0015,T2,1,21,2,v_0,0,0.0,1.0986122886681096,3
CKT_0015,T2,1,22,2,v_0,0,0.0,1.0986122886681096,3
CKT_0015,T2,1,23,2,v_0,0,0.0,1.0986122886681096,3
CKT_0015,T2,2,0,2,v_0,0,0.0,1.0986122886681096,3
CKT_0015,T2,2,1,2,v_0,0,0.0,1.0986122886681096,3
CKT_0015,T2,2,2,2,v_0,0,0.0,1.0986122886681096,3
CKT_0015,T2,2,3,2,v_0,0,0.0,1.0986122886681096,3
CKT_0015,T2,2,4,2,v_0,0,0.0,1.0986122886681096,3
CKT_0015,T2,2,5,2,v_0,0,0.0,1.0986122886681096,3
CKT_0015,T2,2,6,2,v_0,0,0.0,1.0986122886681096,3
CKT_0015,T2,2,7,2,v_0,0,0.0,1.0986122886681096,3
CKT_0015,T2,2,8,2,v_0,0,0.0,1.0986122886681096,3
CKT_0015,T2,2,9,2,v_0,0,0.0,1.0986122886681096,3
CKT_0015,T2,2,10,2,v_0,0,0.0,1.0986122886681096,3
CKT_0015,T2,2,11,2,v_0,0,0.0,1.0986122886681096,3
CKT_0015,T2,2,12,2,v_0,0,0.0,1.0986122886681096,3
CKT_0015,T2,2,13,2,v_0,0,0.0,1.0986122886681096,3
CKT_0015,T2,2,14,2,v_0,0,0.0,1.0986122886681096,3
CKT_0015,T2,2,15,2,v_0,0,0.0,1.0986122886681096,3
CKT_0015,T2,2,16,2,v_0,0,0.0,1.0986122886681096,3
CKT_0015,T2,2,17,2,v_0,0,0.0,1.0986122886681096,3
CKT_0015,T2,2,18,2,v_0,0,0.0,1.0986122886681096,3
CKT_0015,T2,2,19,2,v_0,0,0.0,1.0986122886681096,3
CKT_0015,T2,2,20,2,v_0,0,0.0,1.0986122886681096,3
CKT_0015,T2,2,21,2,v_0,0,0.0,1.0986122886681096,3
CKT_0015,T2,2,22,2,v_0,0,0.0,1.0986122886681096,3
CKT_0015,T2,2,23,2,v_0,0,0.0,1.0986122886681096,3
CKT_0015,T2,3,0,2,v_0,2,127279220613.57857,1.3815510557964276e-28,3
CKT_0015,T2,3,1,2,v_0,0,0.0,1.0986122886681096,3
CKT_0015,T2,3,2,2,v_0,0,0.0,1.0986122886681096,3
CKT_0015,T2,3,3,2,v_0,0,0.0,1.0986122886681096,3
CKT_0015,T2,3,4,2,v_0,0,0.0,1.0986122886681096,3
CKT_0015,T2,3,5,2,v_0,0,0.0,1.0986122886681096,3
CKT_0015,T2,3,6,2,v_0,0,0.0,1.0986122886681096,3
CKT_0015,T2,3,7,2,v_0,0,0.0,1.0986122886681096,3
CKT_0015,T2,3,8,2,v_0,0,0.0,1.0986122886681096,3
CKT_0015,T2,3,9,2,v_0,0,0.0,1.0986122886681096,3
CKT_0015,T2,3,10,2,v_0,0,0.0,1.0986122886681096,3
CKT_0015,T2,3,11,2,v_0,0,0.0,1.0986122886681096,3
CKT_0015,T2,3,12,2,v_0,0,0.0,1.0986122886681096,3
CKT_0015,T2,3,13,2,v_0,0,0.0,1.0986122886681096,3
CKT_0015,T2,3,14,2,v_0,0,0.0,1.0986122886681096,3
CKT_0015,T2,3,15,2,v_0,0,0.0,1.0986122886681096,3
CKT_0015,T2,3,16,2,v_0,0,0.0,1.0986122886681096,3
CKT_0015,T2,3,17,2,v_0,0,0.0,1.0986122886681096,3
CKT_0015,T2,3,18,2,v_0,0,0.0,1.0986122886681096,3
CKT_0015,T2,3,19,2,v_0,0,0.0,1.0986122886681096,3
CKT_0015,T2,3,20,2,v_0,0,0.0,1.0986122886681096,3
CKT_0015,T2,3,21,2,v_0,0,0.0,1.0986122886681096,3
CKT_0015,T2,3,22,2,v_0,0,0.0,1.0986122886681096,3
CKT_0015,T2,3,23,2,v_0,0,0.0,1.0986122886681096,3
CKT_0015,T2,0,0,3,skip,3,268700576850.8881,2.0723265836946412e-28,4
CKT_0015,T2,0,1,3,skip,3,268700576850.8881,2.0723265836946412e-28,4
CKT_0015,T2,0,2,3,skip,0,0.0,1.3862943611198906,4
CKT_0015,T2,0,3,3,skip,0,0.0,1.3862943611198906,4
CKT_0015,T2,0,4,3,skip,0,0.0,1.3862943611198906,4
CKT_0015,T2,0,5,3,skip,0,0.0,1.3862943611198906,4
CKT_0015,T2,0,6,3,skip,0,0.0,1.3862943611198906,4
CKT_0015,T2,0,7,3,skip,0,0.0,1.3862943611198906,4
CKT_0015,T2,0,8,3,skip,0,0.0,1.3862943611198906,4
CKT_0015,T2,0,9,3,skip,0,0.0,1.3862943611198906,4
CKT_0015,T2,0,10,3,skip,0,0.0,1.3862943611198906,4
CKT_0015,T2,0,11,3,skip,0,0.0,1.3862943611198906,4
CKT_0015,T2,0,12,3,skip,0,0.0,1.3862943611198906,4
CKT_0015,T2,0,13,3,skip,0,0.0,1.3862943611198906,4
CKT_0015,T2,0,14,3,skip,0,0.0,1.3862943611198906,4
CKT_0015,T2,0,15,3,skip,0,0.0,1.3862943611198906,4
CKT_0015,T2,0,16,3,skip,0,0.0,1.3862943611198906,4
CKT_0015,T2,0,17,3,skip,0,0.0,1.3862943611198906,4
CKT_0015,T2,0,18,3,skip,0,0.0,1.3862943611198906,4
CKT_0015,T2,0,19,3,skip,0,0.0,1.3862943611198906,4
CKT_0015,T2,0,20,3,skip,0,0.0,1.3862943611198906,4
CKT_0015,T2,0,21,3,skip,0,0.0,1.3862943611198906,4
CKT_0015,T2,0,22,3,skip,0,0.0,1.3862943611198906,4
CKT_0015,T2,0,23,3,skip,0,0.0,1.3862943611198906,4
CKT_0015,T2,1,0,3,skip,2,116197503329.63799,2.0723265836946412e-28,4
CKT_0015,T2,1,1,3,skip,2,116197503329.63799,2.0723265836946412e-28,4
CKT_0015,T2,1,2,3,skip,2,116197503329.63799,2.0723265836946412e-28,4
CKT_0015,T2,1,3,3,skip,2,116197503329.63799,2.0723265836946412e-28,4
CKT_0015,T2,1,4,3,skip,2,116197503329.63799,2.0723265836946412e-28,4
CKT_0015,T2,1,5,3,skip,2,116197503329.63799,2.0723265836946412e-28,4
CKT_0015,T2,1,6,3,skip,2,116197503329.63799,2.0723265836946412e-28,4
CKT_0015,T2,1,7,3,skip,2,116197503329.63799,2.0723265836946412e-28,4
CKT_0015,T2,1,8,3,skip,2,116197503329.63799,2.0723265836946412e-28,4
CKT_0015,T2,1,9,3,skip,2,116197503329.63799,2.0723265836946412e-28,4
CKT_0015,T2,1,10,3,skip,3,268700576850.8881,2.0723265836946412e-28,4
CKT_0015,T2,1,11,3,skip,3,268700576850.8881,2.0723265836946412e-28,4
CKT_0015,T2,1,12,3,skip,3,268700576850.8881,2.0723265836946412e-28,4
CKT_0015,T2,1,13,3,skip,3,268700576850.8881,2.0723265836946412e-28,4
CKT_0015,T2,1,14,3,skip,3,268700576850.8881,2.0723265836946412e-28,4
CKT_0015,T2,1,15,3,skip,3,268700576850.8881,2.0723265836946412e-28,4
CKT_0015,T2,1,16,3,skip,0,0.0,1.3862943611198906,4
CKT_0015,T2,1,17,3,skip,0,0.0,1.3862943611198906,4
CKT_0015,T2,1,18,3,skip,0,0.0,1.3862943611198906,4
CKT_0015,T2,1,19,3,skip,0,0.0,1.3862943611198906,4
CKT_0015,T2,1,20,3,skip,0,0.0,1.3862943611198906,4
CKT_0015,T2,1,21,3,skip,0,0.0,1.3862943611198906,4
CKT_0015,T2,1,22,3,skip,0,0.0,1.3862943611198906,4
CKT_0015,T2,1,23,3,skip,0,0.0,1.3862943611198906,4
CKT_0015,T2,2,0,3,skip,0,0.0,1.3862943611198906,4
CKT_0015,T2,2,1,3,skip,0,0.0,1.3862943611198906,4
CKT_0015,T2,2,2,3,skip,0,0.0,1.3862943611198906,4
CKT_0015,T2,2,3,3,skip,0,0.0,1.3862943611198906,4
CKT_0015,T2,2,4,3,skip,0,0.0,1.3862943611198906,4
CKT_0015,T2,2,5,3,skip,0,0.0,1.3862943611198906,4
CKT_0015,T2,2,6,3,skip,0,0.0,1.3862943611198906,4
CKT_0015,T2,2,7,3,skip,0,0.0,1.3862943611198906,4
CKT_0015,T2,2,8,3,skip,0,0.0,1.3862943611198906,4
CKT_0015,T2,2,9,3,skip,0,0.0,1.3862943611198906,4
CKT_0015,T2,2,10,3,skip,0,0.0,1.3862943611198906,4
CKT_0015,T2,2,11,3,skip,0,0.0,1.3862943611198906,4
CKT_0015,T2,2,12,3,skip,0,0.0,1.3862943611198906,4
CKT_0015,T2,2,13,3,skip,0,0.0,1.3862943611198906,4
CKT_0015,T2,2,14,3,skip,0,0.0,1.3862943611198906,4
CKT_0015,T2,2,15,3,skip,0,0.0,1.3862943611198906,4
CKT_0015,T2,2,16,3,skip,0,0.0,1.3862943611198906,4
CKT_0015,T2,2,17,3,skip,0,0.0,1.3862943611198906,4
CKT_0015,T2,2,18,3,skip,0,0.0,1.3862943611198906,4
CKT_0015,T2,2,19,3,skip,0,0.0,1.3862943611198906,4
CKT_0015,T2,2,20,3,skip,0,0.0,1.3862943611198906,4
CKT_0015,T2,2,21,3,skip,0,0.0,1.3862943611198906,4
CKT_0015,T2,2,22,3,skip,0,0.0,1.3862943611198906,4
CKT_0015,T2,2,23,3,skip,0,0.0,1.3862943611198906,4
CKT_0015,T2,3,0,3,skip,3,268700576850.8881,2.0723265836946412e-28,4
CKT_0015,T2,3,1,3,skip,0,0.0,1.3862943611198906,4
CKT_0015,T2,3,2,3,skip,0,0.0,1.3862943611198906,4
CKT_0015,T2,3,3,3,skip,0,0.0,1.3862943611198906,4
CKT_0015,T2,3,4,3,skip,0,0.0,1.3862943611198906,4
CKT_0015,T2,3,5,3,skip,0,0.0,1.3862943611198906,4
CKT_0015,T2,3,6,3,skip,0,0.0,1.3862943611198906,4
CKT_0015,T2,3,7,3,skip,0,0.0,1.3862943611198906,4
CKT_0015,T2,3,8,3,skip,0,0.0,1.3862943611198906,4
CKT_0015,T2,3,9,3,skip,0,0.0,1.3862943611198906,4
CKT_0015,T2,3,10,3,skip,0,0.0,1.3862943611198906,4
CKT_0015,T2,3,11,3,skip,0,0.0,1.3862943611198906,4
CKT_0015,T2,3,12,3,skip,0,0.0,1.3862943611198906,4
CKT_0015,T2,3,13,3,skip,0,0.0,1.3862943611198906,4
CKT_0015,T2,3,14,3,skip,0,0.0,1.3862943611198906,4
CKT_0015,T2,3,15,3,skip,0,0.0,1.3862943611198906,4
CKT_0015,T2,3,16,3,skip,0,0.0,1.3862943611198906,4
CKT_0015,T2,3,17,3,skip,0,0.0,1.3862943611198906,4
CKT_0015,T2,3,18,3,skip,0,0.0,1.3862943611198906,4
CKT_0015,T2,3,19,3,skip,0,0.0,1.3862943611198906,4
CKT_0015,T2,3,20,3,skip,0,0.0,1.3862943611198906,4
CKT_0015,T2,3,21,3,skip,0,0.0,1.3862943611198906,4
CKT_0015,T2,3,22,3,skip,0,0.0,1.3862943611198906,4
CKT_0015,T2,3,23,3,skip,0,0.0,1.3862943611198906,4
CKT_0015,T2,0,0,4,v_240,4,466690475583.1214,2.763102111592855e-28,5
CKT_0015,T2,0,1,4,v_240,4,466690475583.1214,2.763102111592855e-28,5
CKT_0015,T2,0,2,4,v_240,0,0.0,1.6094379124341005,5
CKT_0015,T2,0,3,4,v_240,0,0.0,1.6094379124341005,5
CKT_0015,T2,0,4,4,v_240,0,0.0,1.6094379124341005,5
CKT_0015,T2,0,5,4,v_240,0,0.0,1.6094379124341005,5
CKT_0015,T2,0,6,4,v_240,0,0.0,1.6094379124341005,5
CKT_0015,T2,0,7,4,v_240,0,0.0,1.6094379124341005,5
CKT_0015,T2,0,8,4,v_240,0,0.0,1.6094379124341005,5
CKT_0015,T2,0,9,4,v_240,0,0.0,1.6094379124341005,5
CKT_0015,T2,0,10,4,v_240,0,0.0,1.6094379124341005,5
CKT_0015,T2,0,11,4,v_240,0,0.0,1.6094379124341005,5
CKT_0015,T2,0,12,4,v_240,0,0.0,1.6094379124341005,5
CKT_0015,T2,0,13,4,v_240,0,0.0,1.6094379124341005,5
CKT_0015,T2,0,14,4,v_240,0,0.0,1.6094379124341005,5
CKT_0015,T2,0,15,4,v_240,0,0.0,1.6094379124341005,5
CKT_0015,T2,0,16,4,v_240,0,0.0,1.6094379124341005,5
CKT_0015,T2,0,17,4,v_240,0,0.0,1.6094379124341005,5
CKT_0015,T2,0,18,4,v_240,0,0.0,1.6094379124341005,5
CKT_0015,T2,0,19,4,v_240,0,0.0,1.6094379124341005,5
CKT_0015,T2,0,20,4,v_240,0,0.0,1.6094379124341005,5
CKT_0015,T2,0,21,4,v_240,0,0.0,1.6094379124341005,5
CKT_0015,T2,0,22,4,v_240,0,0.0,1.6094379124341005,5
CKT_0015,T2,0,23,4,v_240,0,0.0,1.6094379124341005,5
CKT_0015,T2,1,0,4,v_240,4,230027143807.156,2.763102111592855e-28,5
CKT_0015,T2,1,1,4,v_240,4,230027143807.156,2.763102111592855e-28,5
CKT_0015,T2,1,2,4,v_240,4,230027143807.156,2.763102111592855e-28,5
CKT_0015,T2,1,3,4,v_240,4,230027143807.156,2.763102111592855e-28,5
CKT_0015,T2,1,4,4,v_240,4,230027143807.156,2.763102111592855e-28,5
CKT_0015,T2,1,5,4,v_240,4,230027143807.156,2.763102111592855e-28,5
CKT_0015,T2,1,6,4,v_240,4,230027143807.156,2.763102111592855e-28,5
CKT_0015,T2,1,7,4,v_240,4,230027143807.156,2.763102111592855e-28,5
CKT_0015,T2,1,8,4,v_240,4,230027143807.156,2.763102111592855e-28,5
CKT_0015,T2,1,9,4,v_240,4,230027143807.156,2.763102111592855e-28,5
CKT_0015,T2,1,10,4,v_240,4,466690475583.1214,2.763102111592855e-28,5
CKT_0015,T2,1,11,4,v_240,4,466690475583.1214,2.763102111592855e-28,5
CKT_0015,T2,1,12,4,v_240,4,466690475583.1214,2.763102111592855e-28,5
CKT_0015,T2,1,13,4,v_240,4,466690475583.1214,2.763102111592855e-28,5
CKT_0015,T2,1,14,4,v_240,4,466690475583.1214,2.763102111592855e-28,5
CKT_0015,T2,1,15,4,v_240,4,466690475583.1214,2.763102111592855e-28,5
CKT_0015,T2,1,16,4,v_240,0,0.0,1.6094379124341005,5
CKT_0015,T2,1,17,4,v_240,0,0.0,1.6094379124341005,5
CKT_0015,T2,1,18,4,v_240,0,0.0,1.6094379124341005,5
CKT_0015,T2,1,19,4,v_240,0,0.0,1.6094379124341005,5
CKT_0015,T2,1,20,4,v_240,0,0.0,1.6094379124341005,5
CKT_0015,T2,1,21,4,v_240,0,0.0,1.6094379124341005,5
CKT_0015,T2,1,22,4,v_240,0,0.0,1.6094379124341005,5
CKT_0015,T2,1,23,4,v_240,0,0.0,1.6094379124341005,5
CKT_0015,T2,2,0,4,v_240,0,0.0,1.6094379124341005,5
CKT_0015,T2,2,1,4,v_240,0,0.0,1.6094379124341005,5
CKT_0015,T2,2,2,4,v_240,0,0.0,1.6094379124341005,5
CKT_0015,T2,2,3,4,v_240,0,0.0,1.6094379124341005,5
CKT_0015,T2,2,4,4,v_240,0,0.0,1.6094379124341005,5
CKT_0015,T2,2,5,4,v_240,0,0.0,1.6094379124341005,5
CKT_0015,T2,2,6,4,v_240,0,0.0,1.6094379124341005,5
CKT_0015,T2,2,7,4,v_240,0,0.0,1.6094379124341005,5
CKT_0015,T2,2,8,4,v_240,0,0.0,1.6094379124341005,5
CKT_0015,T2,2,9,4,v_240,0,0.0,1.6094379124341005,5
CKT_0015,T2,2,10,4,v_240,0,0.0,1.6094379124341005,5
CKT_0015,T2,2,11,4,v_240,0,0.0,1.6094379124341005,5
CKT_0015,T2,2,12,4,v_240,0,0.0,1.6094379124341005,5
CKT_0015,T2,2,13,4,v_240,0,0.0,1.6094379124341005,5
CKT_0015,T2,2,14,4,v_240,0,0.0,1.6094379124341005,5
CKT_0015,T2,2,15,4,v_240,0,0.0,1.6094379124341005,5
CKT_0015,T2,2,16,4,v_240,0,0.0,1.6094379124341005,5
CKT_0015,T2,2,17,4,v_240,0,0.0,1.6094379124341005,5
CKT_0015,T2,2,18,4,v_240,0,0.0,1.6094379124341005,5
CKT_0015,T2,2,19,4,v_240,0,0.0,1.6094379124341005,5
CKT_0015,T2,2,20,4,v_240,0,0.0,1.6094379124341005,5
CKT_0015,T2,2,21,4,v_240,0,0.0,1.6094379124341005,5
CKT_0015,T2,2,22,4,v_240,0,0.0,1.6094379124341005,5
CKT_0015,T2,2,23,4,v_240,0,0.0,1.6094379124341005,5
CKT_0015,T2,3,0,4,v_240,4,466690475583.1214,2.763102111592855e-28,5
CKT_0015,T2,3,1,4,v_240,0,0.0,1.6094379124341005,5
CKT_0015,T2,3,2,4,v_240,0,0.0,1.6094379124341005,5
CKT_0015,T2,3,3,4,v_240,0,0.0,1.6094379124341005,5
CKT_0015,T2,3,4,4,v_240,0,0.0,1.6094379124341005,5
CKT_0015,T2,3,5,4,v_240,0,0.0,1.6094379124341005,5
CKT_0015,T2,3,6,4,v_240,0,0.0,1.6094379124341005,5
CKT_0015,T2,3,7,4,v_240,0,0.0,1.6094379124341005,5
CKT_0015,T2,3,8,4,v_240,0,0.0,1.6094379124341005,5
CKT_0015,T2,3,9,4,v_240,0,0.0,1.6094379124341005,5
CKT_0015,T2,3,10,4,v_240,0,0.0,1.6094379124341005,5
CKT_0015,T2,3,11,4,v_240,0,0.0,1.6094379124341005,5
CKT_0015,T2,3,12,4,v_240,0,0.0,1.6094379124341005,5
CKT_0015,T2,3,13,4,v_240,0,0.0,1.6094379124341005,5
CKT_0015,T2,3,14,4,v_240,0,0.0,1.6094379124341005,5
CKT_0015,T2,3,15,4,v_240,0,0.0,1.6094379124341005,5
CKT_0015,T2,3,16,4,v_240,0,0.0,1.6094379124341005,5
CKT_0015,T2,3,17,4,v_240,0,0.0,1.6094379124341005,5
CKT_0015,T2,3,18,4,v_240,0,0.0,1.6094379124341005,5
CKT_0015,T2,3,19,4,v_240,0,0.0,1.6094379124341005,5
CKT_0015,T2,3,20,4,v_240,0,0.0,1.6094379124341005,5
CKT_0015,T2,3,21,4,v_240,0,0.0,1.6094379124341005,5
CKT_0015,T2,3,22,4,v_240,0,0.0,1.6094379124341005,5
CKT_0015,T2,3,23,4,v_240,0,0.0,1.6094379124341005,5
CKT_0015,T2,0,0,5,skip,5,721248916810.2786,3.453877639491069e-28,6
CKT_0015,T2,0,1,5,skip,5,721248916810.2786,3.453877639491069e-28,6
CKT_0015,T2,0,2,5,skip,0,0.0,1.7917594692280547,6
CKT_0015,T2,0,3,5,skip,0,0.0,1.7917594692280547,6
CKT_0015,T2,0,4,5,skip,0,0.0,1.7917594692280547,6
CKT_0015,T2,0,5,5,skip,0,0.0,1.7917594692280547,6
CKT_0015,T2,0,6,5,skip,0,0.0,1.7917594692280547,6
CKT_0015,T2,0,7,5,skip,0,0.0,1.7917594692280547,6
CKT_0015,T2,0,8,5,skip,0,0.0,1.7917594692280547,6
CKT_0015,T2,0,9,5,skip,0,0.0,1.7917594692280547,6
CKT_0015,T2,0,10,5,skip,0,0.0,1.7917594692280547,6
CKT_0015,T2,0,11,5,skip,0,0.0,1.7917594692280547,6
CKT_0015,T2,0,12,5,skip,0,0.0,1.7917594692280547,6
CKT_0015,T2,0,13,5,skip,0,0.0,1.7917594692280547,6
CKT_0015,T2,0,14,5,skip,0,0.0,1.7917594692280547,6
CKT_0015,T2,0,15,5,skip,0,0.0,1.7917594692280547,6
CKT_0015,T2,0,16,5,skip,0,0.0,1.7917594692280547,6
CKT_0015,T2,0,17,5,skip,0,0.0,1.7917594692280547,6
CKT_0015,T2,0,18,5,skip,0,0.0,1.7917594692280547,6
CKT_0015,T2,0,19,5,skip,0,0.0,1.7917594692280547,6
CKT_0015,T2,0,20,5,skip,0,0.0,1.7917594692280547,6
CKT_0015,T2,0,21,5,skip,0,0.0,1.7917594692280547,6
CKT_0015,T2,0,22,5,skip,0,0.0,1.7917594692280547,6
CKT_0015,T2,0,23,5,skip,0,0.0,1.7917594692280547,6
CKT_0015,T2,1,0,5,skip,4,343164228797.0036,3.453877639491069e-28,6
CKT_0015,T2,1,1,5,skip,4,343164228797.0036,3.453877639491069e-28,6
CKT_0015,T2,1,2,5,skip,4,343164228797.0036,3.453877639491069e-28,6
CKT_0015,T2,1,3,5,skip,4,343164228797.0036,3.453877639491069e-28,6
CKT_0015,T2,1,4,5,skip,4,343164228797.0036,3.453877639491069e-28,6
CKT_0015,T2,1,5,5,skip,4,343164228797.0036,3.453877639491069e-28,6
CKT_0015,T2,1,6,5,skip,4,343164228797.0036,3.453877639491069e-28,6
CKT_0015,T2,1,7,5,skip,4,343164228797.0036,3.453877639491069e-28,6
CKT_0015,T2,1,8,5,skip,4,343164228797.0036,3.453877639491069e-28,6
CKT_0015,T2,1,9,5,skip,4,343164228797.0036,3.453877639491069e-28,6
CKT_0015,T2,1,10,5,skip,5,721248916810.2786,3.453877639491069e-28,6
CKT_0015,T2,1,11,5,skip,5,721248916810.2786,3.453877639491069e-28,6
CKT_0015,T2,1,12,5,skip,5,721248916810.2786,3.453877639491069e-28,6
CKT_0015,T2,1,13,5,skip,5,721248916810.2786,3.453877639491069e-28,6
CKT_0015,T2,1,14,5,skip,5,721248916810.2786,3.453877639491069e-28,6
CKT_0015,T2,1,15,5,skip,5,721248916810.2786,3.453877639491069e-28,6
CKT_0015,T2,1,16,5,skip,0,0.0,1.7917594692280547,6
CKT_0015,T2,1,17,5,skip,0,0.0,1.7917594692280547,6
CKT_0015,T2,1,18,5,skip,0,0.0,1.7917594692280547,6
CKT_0015,T2,1,19,5,skip,0,0.0,1.7917594692280547,6
CKT_0015,T2,1,20,5,skip,0,0.0,1.7917594692280547,6
CKT_0015,T2,1,21,5,skip,0,0.0,1.7917594692280547,6
CKT_0015,T2,1,22,5,skip,0,0.0,1.7917594692280547,6
CKT_0015,T2,1,23,5,skip,0,0.0,1.7917594692280547,6
CKT_0015,T2,2,0,5,skip,0,0.0,1.7917594692280547,6
CKT_0015,T2,2,1,5,skip,0,0.0,1.7917594692280547,6
CKT_0015,T2,2,2,5,skip,0,0.0,1.7917594692280547,6
CKT_0015,T2,2,3,5,skip,0,0.0,1.7917594692280547,6
CKT_0015,T2,2,4,5,skip,0,0.0,1.7917594692280547,6
CKT_0015,T2,2,5,5,skip,0,0.0,1.7917594692280547,6
CKT_0015,T2,2,6,5,skip,0,0.0,1.7917594692280547,6
CKT_0015,T2,2,7,5,skip,0,0.0,1.7917594692280547,6
CKT_0015,T2,2,8,5,skip,0,0.0,1.7917594692280547,6
CKT_0015,T2,2,9,5,skip,0,0.0,1.7917594692280547,6
CKT_0015,T2,2,10,5,skip,0,0.0,1.7917594692280547,6
CKT_0015,T2,2,11,5,skip,0,0.0,1.7917594692280547,6
CKT_0015,T2,2,12,5,skip,0,0.0,1.7917594692280547,6
CKT_0015,T2,2,13,5,skip,0,0.0,1.7917594692280547,6
CKT_0015,T2,2,14,5,skip,0,0.0,1.7917594692280547,6
CKT_0015,T2,2,15,5,skip,0,0.0,1.7917594692280547,6
CKT_0015,T2,2,16,5,skip,0,0.0,1.7917594692280547,6
CKT_0015,T2,2,17,5,skip,0,0.0,1.7917594692280547,6
CKT_0015,T2,2,18,5,skip,0,0.0,1.7917594692280547,6
CKT_0015,T2,2,19,5,skip,0,0.0,1.7917594692280547,6
CKT_0015,T2,2,20,5,skip,0,0.0,1.7917594692280547,6
CKT_0015,T2,2,21,5,skip,0,0.0,1.7917594692280547,6
CKT_0015,T2,2,22,5,skip,0,0.0,1.7917594692280547,6
CKT_0015,T2,2,23,5,skip,0,0.0,1.7917594692280547,6
CKT_0015,T2,3,0,5,skip,5,721248916810.2786,3.453877639491069e-28,6
CKT_0015,T2,3,1,5,skip,0,0.0,1.7917594692280547,6
CKT_0015,T2,3,2,5,skip,0,0.0,1.7917594692280547,6
CKT_0015,T2,3,3,5,skip,0,0.0,1.7917594692280547,6
CKT_0015,T2,3,4,5,skip,0,0.0,1.7917594692280547,6
CKT_0015,T2,3,5,5,skip,0,0.0,1.7917594692280547,6
CKT_0015,T2,3,6,5,skip,0,0.0,1.7917594692280547,6
CKT_0015,T2,3,7,5,skip,0,0.0,1.7917594692280547,6
CKT_0015,T2,3,8,5,skip,0,0.0,1.7917594692280547,6
CKT_0015,T2,3,9,5,skip,0,0.0,1.7917594692280547,6
CKT_0015,T2,3,10,5,skip,0,0.0,1.7917594692280547,6
CKT_0015,T2,3,11,5,skip,0,0.0,1.7917594692280547,6
CKT_0015,T2,3,12,5,skip,0,0.0,1.7917594692280547,6
CKT_0015,T2,3,13,5,skip,0,0.0,1.7917594692280547,6
CKT_0015,T2,3,14,5,skip,0,0.0,1.7917594692280547,6
CKT_0015,T2,3,15,5,skip,0,0.0,1.7917594692280547,6
CKT_0015,T2,3,16,5,skip,0,0.0,1.7917594692280547,6
CKT_0015,T2,3,17,5,skip,0,0.0,1.7917594692280547,6
CKT_0015,T2,3,18,5,skip,0,0.0,1.7917594692280547,6
CKT_0015,T2,3,19,5,skip,0,0.0,1.7917594692280547,6
CKT_0015,T2,3,20,5,skip,0,0.0,1.7917594692280547,6
CKT_0015,T2,3,21,5,skip,0,0.0,1.7917594692280547,6
CKT_0015,T2,3,22,5,skip,0,0.0,1.7917594692280547,6
CKT_0015,T2,3,23,5,skip,0,0.0,1.7917594692280547,6
CKT_0015,T2,0,0,6,v_0,6,1032375900532.3595,4.1446531673892825e-28,7
CKT_0015,T2,0,1,6,v_0,6,1032375900532.3595,4.1446531673892825e-28,7
CKT_0015,T2,0,2,6,v_0,0,0.0,1.945910149055313,7
CKT_0015,T2,0,3,6,v_0,0,0.0,1.945910149055313,7
CKT_0015,T2,0,4,6,v_0,0,0.0,1.945910149055313,7
CKT_0015,T2,0,5,6,v_0,0,0.0,1.945910149055313,7
CKT_0015,T2,0,6,6,v_0,0,0.0,1.945910149055313,7
CKT_0015,T2,0,7,6,v_0,0,0.0,1.945910149055313,7
CKT_0015,T2,0,8,6,v_0,0,0.0,1.945910149055313,7
CKT_0015,T2,0,9,6,v_0,0,0.0,1.945910149055313,7
CKT_0015,T2,0,10,6,v_0,0,0.0,1.945910149055313,7
CKT_0015,T2,0,11,6,v_0,0,0.0,1.945910149055313,7
CKT_0015,T2,0,12,6,v_0,0,0.0,1.945910149055313,7
CKT_0015,T2,0,13,6,v_0,0,0.0,1.945910149055313,7
CKT_0015,T2,0,14,6,v_0,0,0.0,1.945910149055313,7
CKT_0015,T2,0,15,6,v_0,0,0.0,1.945910149055313,7
CKT_0015,T2,0,16,6,v_0,0,0.0,1.945910149055313,7
CKT_0015,T2,0,17,6,v_0,0,0.0,1.945910149055313,7
CKT_0015,T2,0,18,6,v_0,0,0.0,1.945910149055313,7
CKT_0015,T2,0,19,6,v_0,0,0.0,1.945910149055313,7
CKT_0015,T2,0,20,6,v_0,0,0.0,1.945910149055313,7
CKT_0015,T2,0,21,6,v_0,0,0.0,1.945910149055313,7
CKT_0015,T2,0,22,6,v_0,0,0.0,1.945910149055313,7
CKT_0015,T2,0,23,6,v_0,0,0.0,1.945910149055313,7
CKT_0015,T2,1,0,6,v_0,6,513197440240.7015,4.1446531673892825e-28,7
CKT_0015,T2,1,1,6,v_0,6,513197440240.7015,4.1446531673892825e-28,7
CKT_0015,T2,1,2,6,v_0,6,513197440240.7015,4.1446531673892825e-28,7
CKT_0015,T2,1,3,6,v_0,6,513197440240.7015,4.1446531673892825e-28,7
CKT_0015,T2,1,4,6,v_0,6,513197440240.7015,4.1446531673892825e-28,7
CKT_0015,T2,1,5,6,v_0,6,513197440240.7015,4.1446531673892825e-28,7
CKT_0015,T2,1,6,6,v_0,6,513197440240.7015,4.1446531673892825e-28,7
CKT_0015,T2,1,7,6,v_0,6,513197440240.7015,4.1446531673892825e-28,7
CKT_0015,T2,1,8,6,v_0,6,513197440240.7015,4.1446531673892825e-28,7
CKT_0015,T2,1,9,6,v_0,6,513197440240.7015,4.1446531673892825e-28,7
CKT_0015,T2,1,10,6,v_0,6,1032375900532.3595,4.1446531673892825e-28,7
CKT_0015,T2,1,11,6,v_0,6,1032375900532.3595,4.1446531673892825e-28,7
CKT_0015,T2,1,12,6,v_0,6,1032375900532.3595,4.1446531673892825e-28,7
CKT_0015,T2,1,13,6,v_0,6,1032375900532.3595,4.1446531673892825e-28,7
CKT_0015,T2,1,14,6,v_0,6,1032375900532.3595,4.1446531673892825e-28,7
CKT_0015,T2,1,15,6,v_0,6,1032375900532.3595,4.1446531673892825e-28,7
CKT_0015,T2,1,16,6,v_0,0,0.0,1.945910149055313,7
CKT_0015,T2,1,17,6,v_0,0,0.0,1.945910149055313,7
CKT_0015,T2,1,18,6,v_0,0,0.0,1.945910149055313,7
CKT_0015,T2,1,19,6,v_0,0,0.0,1.945910149055313,7
CKT_0015,T2,1,20,6,v_0,0,0.0,1.945910149055313,7
CKT_0015,T2,1,21,6,v_0,0,0.0,1.945910149055313,7
CKT_0015,T2,1,22,6,v_0,0,0.0,1.945910149055313,7
CKT_0015,T2,1,23,6,v_0,0,0.0,1.945910149055313,7
CKT_0015,T2,2,0,6,v_0,0,0.0,1.945910149055313,7
CKT_0015,T2,2,1,6,v_0,0,0.0,1.945910149055313,7
CKT_0015,T2,2,2,6,v_0,0,0.0,1.945910149055313,7
CKT_0015,T2,2,3,6,v_0,0,0.0,1.945910149055313,7
CKT_0015,T2,2,4,6,v_0,0,0.0,1.945910149055313,7
CKT_0015,T2,2,5,6,v_0,0,0.0,1.945910149055313,7
CKT_0015,T2,2,6,6,v_0,0,0.0,1.945910149055313,7
CKT_0015,T2,2,7,6,v_0,0,0.0,1.945910149055313,7
CKT_0015,T2,2,8,6,v_0,0,0.0,1.945910149055313,7
CKT_0015,T2,2,9,6,v_0,0,0.0,1.945910149055313,7
CKT_0015,T2,2,10,6,v_0,0,0.0,1.945910149055313,7
CKT_0015,T2,2,11,6,v_0,0,0.0,1.945910149055313,7
CKT_0015,T2,2,12,6,v_0,0,0.0,1.945910149055313,7
CKT_0015,T2,2,13,6,v_0,0,0.0,1.945910149055313,7
CKT_0015,T2,2,14,6,v_0,0,0.0,1.945910149055313,7
CKT_0015,T2,2,15,6,v_0,0,0.0,1.945910149055313,7
CKT_0015,T2,2,16,6,v_0,0,0.0,1.945910149055313,7
CKT_0015,T2,2,17,6,v_0,0,0.0,1.945910149055313,7
CKT_0015,T2,2,18,6,v_0,0,0.0,1.945910149055313,7
CKT_0015,T2,2,19,6,v_0,0,0.0,1.945910149055313,7
CKT_0015,T2,2,20,6,v_0,0,0.0,1.945910149055313,7
CKT_0015,T2,2,21,6,v_0,0,0.0,1.945910149055313,7
CKT_0015,T2,2,22,6,v_0,0,0.0,1.945910149055313,7
CKT_0015,T2,2,23,6,v_0,0,0.0,1.945910149055313,7
CKT_0015,T2,3,0,6,v_0,6,1032375900532.3595,4.1446531673892825e-28,7
CKT_0015,T2,3,1,6,v_0,0,0.0,1.945910149055313,7
CKT_0015,T2,3,2,6,v_0,0,0.0,1.945910149055313,7
CKT_0015,T2,3,3,6,v_0,0,0.0,1.945910149055313,7
CKT_0015,T2,3,4,6,v_0,0,0.0,1.945910149055313,7
CKT_0015,T2,3,5,6,v_0,0,0.0,1.945910149055313,7
CKT_0015,T2,3,6,6,v_0,0,0.0,1.945910149055313,7
CKT_0015,T2,3,7,6,v_0,0,0.0,1.945910149055313,7
CKT_0015,T2,3,8,6,v_0,0,0.0,1.945910149055313,7
CKT_0015,T2,3,9,6,v_0,0,0.0,1.945910149055313,7
CKT_0015,T2,3,10,6,v_0,0,0.0,1.945910149055313,7
CKT_0015,T2,3,11,6,v_0,0,0.0,1.945910149055313,7
CKT_0015,T2,3,12,6,v_0,0,0.0,1.945910149055313,7
CKT_0015,T2,3,13,6,v_0,0,0.0,1.945910149055313,7
CKT_0015,T2,3,14,6,v_0,0,0.0,1.945910149055313,7
CKT_0015,T2,3,15,6,v_0,0,0.0,1.945910149055313,7
CKT_0015,T2,3,16,6,v_0,0,0.0,1.945910149055313,7
CKT_0015,T2,3,17,6,v_0,0,0.0,1.945910149055313,7
CKT_0015,T2,3,18,6,v_0,0,0.0,1.945910149055313,7
CKT_0015,T2,3,19,6,v_0,0,0.0,1.945910149055313,7
CKT_0015,T2,3,20,6,v_0,0,0.0,1.945910149055313,7
CKT_0015,T2,3,21,6,v_0,0,0.0,1.945910149055313,7
CKT_0015,T2,3,22,6,v_0,0,0.0,1.945910149055313,7
CKT_0015,T2,3,23,6,v_0,0,0.0,1.945910149055313,7
CKT_0015,T2,0,0,7,skip,7,1400071426749.364,4.835428695287497e-28,8
CKT_0015,T2,0,1,7,skip,7,1400071426749.364,4.835428695287497e-28,8
CKT_0015,T2,0,2,7,skip,0,0.0,2.0794415416798357,8
CKT_0015,T2,0,3,7,skip,0,0.0,2.0794415416798357,8
CKT_0015,T2,0,4,7,skip,0,0.0,2.0794415416798357,8
CKT_0015,T2,0,5,7,skip,0,0.0,2.0794415416798357,8
CKT_0015,T2,0,6,7,skip,0,0.0,2.0794415416798357,8
CKT_0015,T2,0,7,7,skip,0,0.0,2.0794415416798357,8
CKT_0015,T2,0,8,7,skip,0,0.0,2.0794415416798357,8
CKT_0015,T2,0,9,7,skip,0,0.0,2.0794415416798357,8
CKT_0015,T2,0,10,7,skip,0,0.0,2.0794415416798357,8
CKT_0015,T2,0,11,7,skip,0,0.0,2.0794415416798357,8
CKT_0015,T2,0,12,7,skip,0,0.0,2.0794415416798357,8
CKT_0015,T2,0,13,7,skip,0,0.0,2.0794415416798357,8
CKT_0015,T2,0,14,7,skip,0,0.0,2.0794415416798357,8
CKT_0015,T2,0,15,7,skip,0,0.0,2.0794415416798357,8
CKT_0015,T2,0,16,7,skip,0,0.0,2.0794415416798357,8
CKT_0015,T2,0,17,7,skip,0,0.0,2.0794415416798357,8
CKT_0015,T2,0,18,7,skip,0,0.0,2.0794415416798357,8
CKT_0015,T2,0,19,7,skip,0,0.0,2.0794415416798357,8
CKT_0015,T2,0,20,7,skip,0,0.0,2.0794415416798357,8
CKT_0015,T2,0,21,7,skip,0,0.0,2.0794415416798357,8
CKT_0015,T2,0,22,7,skip,0,0.0,2.0794415416798357,8
CKT_0015,T2,0,23,7,skip,0,0.0,2.0794415416798357,8
CKT_0015,T2,1,0,7,skip,6,682903067725.4729,4.835428695287497e-28,8
CKT_0015,T2,1,1,7,skip,6,682903067725.4729,4.835428695287497e-28,8
CKT_0015,T2,1,2,7,skip,6,682903067725.4729,4.835428695287497e-28,8
CKT_0015,T2,1,3,7,skip,6,682903067725.4729,4.835428695287497e-28,8
CKT_0015,T2,1,4,7,skip,6,682903067725.4729,4.835428695287497e-28,8
CKT_0015,T2,1,5,7,skip,6,682903067725.4729,4.835428695287497e-28,8
CKT_0015,T2,1,6,7,skip,6,682903067725.4729,4.835428695287497e-28,8
CKT_0015,T2,1,7,7,skip,6,682903067725.4729,4.835428695287497e-28,8
CKT_0015,T2,1,8,7,skip,6,682903067725.4729,4.835428695287497e-28,8
CKT_0015,T2,1,9,7,skip,6,682903067725.4729,4.835428695287497e-28,8
CKT_0015,T2,1,10,7,skip,7,1400071426749.364,4.835428695287497e-28,8
CKT_0015,T2,1,11,7,skip,7,1400071426749.364,4.835428695287497e-28,8
CKT_0015,T2,1,12,7,skip,7,1400071426749.364,4.835428695287497e-28,8
CKT_0015,T2,1,13,7,skip,7,1400071426749.364,4.835428695287497e-28,8
CKT_0015,T2,1,14,7,skip,7,1400071426749.364,4.835428695287497e-28,8
CKT_0015,T2,1,15,7,skip,7,1400071426749.364,4.835428695287497e-28,8
CKT_0015,T2,1,16,7,skip,0,0.0,2.0794415416798357,8
CKT_0015,T2,1,17,7,skip,0,0.0,2.0794415416798357,8
CKT_0015,T2,1,18,7,skip,0,0.0,2.0794415416798357,8
CKT_0015,T2,1,19,7,skip,0,0.0,2.0794415416798357,8
CKT_0015,T2,1,20,7,skip,0,0.0,2.0794415416798357,8
CKT_0015,T2,1,21,7,skip,0,0.0,2.0794415416798357,8
CKT_0015,T2,1,22,7,skip,0,0.0,2.0794415416798357,8
CKT_0015,T2,1,23,7,skip,0,0.0,2.0794415416798357,8
CKT_0015,T2,2,0,7,skip,0,0.0,2.0794415416798357,8
CKT_0015,T2,2,1,7,skip,0,0.0,2.0794415416798357,8
CKT_0015,T2,2,2,7,skip,0,0.0,2.0794415416798357,8
CKT_0015,T2,2,3,7,skip,0,0.0,2.0794415416798357,8
CKT_0015,T2,2,4,7,skip,0,0.0,2.0794415416798357,8
CKT_0015,T2,2,5,7,skip,0,0.0,2.0794415416798357,8
CKT_0015,T2,2,6,7,skip,0,0.0,2.0794415416798357,8
CKT_0015,T2,2,7,7,skip,0,0.0,2.0794415416798357,8
CKT_0015,T2,2,8,7,skip,0,0.0,2.0794415416798357,8
CKT_0015,T2,2,9,7,skip,0,0.0,2.0794415416798357,8
CKT_0015,T2,2,10,7,skip,0,0.0,2.0794415416798357,8
CKT_0015,T2,2,11,7,skip,0,0.0,2.0794415416798357,8
CKT_0015,T2,2,12,7,skip,0,0.0,2.0794415416798357,8
CKT_0015,T2,2,13,7,skip,0,0.0,2.0794415416798357,8
CKT_0015,T2,2,14,7,skip,0,0.0,2.0794415416798357,8
CKT_0015,T2,2,15,7,skip,0,0.0,2.0794415416798357,8
CKT_0015,T2,2,16,7,skip,0,0.0,2.0794415416798357,8
CKT_0015,T2,2,17,7,skip,0,0.0,2.0794415416798357,8
CKT_0015,T2,2,18,7,skip,0,0.0,2.0794415416798357,8
CKT_0015,T2,2,19,7,skip,0,0.0,2.0794415416798357,8
CKT_0015,T2,2,20,7,skip,0,0.0,2.0794415416798357,8
CKT_0015,T2,2,21,7,skip,0,0.0,2.0794415416798357,8
CKT_0015,T2,2,22,7,skip,0,0.0,2.0794415416798357,8
CKT_0015,T2,2,23,7,skip,0,0.0,2.0794415416798357,8
CKT_0015,T2,3,0,7,skip,7,1400071426749.364,4.835428695287497e-28,8
CKT_0015,T2,3,1,7,skip,0,0.0,2.0794415416798357,8
CKT_0015,T2,3,2,7,skip,0,0.0,2.0794415416798357,8
CKT_0015,T2,3,3,7,skip,0,0.0,2.0794415416798357,8
CKT_0015,T2,3,4,7,skip,0,0.0,2.0794415416798357,8
CKT_0015,T2,3,5,7,skip,0,0.0,2.0794415416798357,8
CKT_0015,T2,3,6,7,skip,0,0.0,2.0794415416798357,8
CKT_0015,T2,3,7,7,skip,0,0.0,2.0794415416798357,8
CKT_0015,T2,3,8,7,skip,0,0.0,2.0794415416798357,8
CKT_0015,T2,3,9,7,skip,0,0.0,2.0794415416798357,8
CKT_0015,T2,3,10,7,skip,0,0.0,2.0794415416798357,8
CKT_0015,T2,3,11,7,skip,0,0.0,2.0794415416798357,8
CKT_0015,T2,3,12,7,skip,0,0.0,2.0794415416798357,8
CKT_0015,T2,3,13,7,skip,0,0.0,2.0794415416798357,8
CKT_0015,T2,3,14,7,skip,0,0.0,2.0794415416798357,8
CKT_0015,T2,3,15,7,skip,0,0.0,2.0794415416798357,8
CKT_0015,T2,3,16,7,skip,0,0.0,2.0794415416798357,8
CKT_0015,T2,3,17,7,skip,0,0.0,2.0794415416798357,8
CKT_0015,T2,3,18,7,skip,0,0.0,2.0794415416798357,8
CKT_0015,T2,3,19,7,skip,0,0.0,2.0794415416798357,8
CKT_0015,T2,3,20,7,skip,0,0.0,2.0794415416798357,8
CKT_0015,T2,3,21,7,skip,0,0.0,2.0794415416798357,8
CKT_0015,T2,3,22,7,skip,0,0.0,2.0794415416798357,8
CKT_0015,T2,3,23,7,skip,0,0.0,2.0794415416798357,8
CKT_0015,T2,0,0,8,v_0,8,1824335495461.2927,5.52620422318571e-28,9
CKT_0015,T2,0,1,8,v_0,8,1824335495461.2927,5.52620422318571e-28,9
CKT_0015,T2,0,2,8,v_0,0,0.0,2.1972245773362196,9
CKT_0015,T2,0,3,8,v_0,0,0.0,2.1972245773362196,9
CKT_0015,T2,0,4,8,v_0,0,0.0,2.1972245773362196,9
CKT_0015,T2,0,5,8,v_0,0,0.0,2.1972245773362196,9
CKT_0015,T2,0,6,8,v_0,0,0.0,2.1972245773362196,9
CKT_0015,T2,0,7,8,v_0,0,0.0,2.1972245773362196,9
CKT_0015,T2,0,8,8,v_0,0,0.0,2.1972245773362196,9
CKT_0015,T2,0,9,8,v_0,0,0.0,2.1972245773362196,9
CKT_0015,T2,0,10,8,v_0,0,0.0,2.1972245773362196,9
CKT_0015,T2,0,11,8,v_0,0,0.0,2.1972245773362196,9
CKT_0015,T2,0,12,8,v_0,0,0.0,2.1972245773362196,9
CKT_0015,T2,0,13,8,v_0,0,0.0,2.1972245773362196,9
CKT_0015,T2,0,14,8,v_0,0,0.0,2.1972245773362196,9
CKT_0015,T2,0,15,8,v_0,0,0.0,2.1972245773362196,9
CKT_0015,T2,0,16,8,v_0,0,0.0,2.1972245773362196,9
CKT_0015,T2,0,17,8,v_0,0,0.0,2.1972245773362196,9
CKT_0015,T2,0,18,8,v_0,0,0.0,2.1972245773362196,9
CKT_0015,T2,0,19,8,v_0,0,0.0,2.1972245773362196,9
CKT_0015,T2,0,20,8,v_0,0,0.0,2.1972245773362196,9
CKT_0015,T2,0,21,8,v_0,0,0.0,2.1972245773362196,9
CKT_0015,T2,0,22,8,v_0,0,0.0,2.1972245773362196,9
CKT_0015,T2,0,23,8,v_0,0,0.0,2.1972245773362196,9
CKT_0015,T2,1,0,8,v_0,8,909374961159.2474,5.52620422318571e-28,9
CKT_0015,T2,1,1,8,v_0,8,909374961159.2474,5.52620422318571e-28,9
CKT_0015,T2,1,2,8,v_0,8,909374961159.2474,5.52620422318571e-28,9
CKT_0015,T2,1,3,8,v_0,8,909374961159.2474,5.52620422318571e-28,9
CKT_0015,T2,1,4,8,v_0,8,909374961159.2474,5.52620422318571e-28,9
CKT_0015,T2,1,5,8,v_0,8,909374961159.2474,5.52620422318571e-28,9
CKT_0015,T2,1,6,8,v_0,8,909374961159.2474,5.52620422318571e-28,9
CKT_0015,T2,1,7,8,v_0,8,909374961159.2474,5.52620422318571e-28,9
CKT_0015,T2,1,8,8,v_0,8,909374961159.2474,5.52620422318571e-28,9
CKT_0015,T2,1,9,8,v_0,8,909374961159.2474,5.52620422318571e-28,9
CKT_0015,T2,1,10,8,v_0,8,1824335495461.2927,5.52620422318571e-28,9
CKT_0015,T2,1,11,8,v_0,8,1824335495461.2927,5.52620422318571e-28,9
CKT_0015,T2,1,12,8,v_0,8,1824335495461.2927,5.52620422318571e-28,9
CKT_0015,T2,1,13,8,v_0,8,1824335495461.2927,5.52620422318571e-28,9
CKT_0015,T2,1,14,8,v_0,8,1824335495461.2927,5.52620422318571e-28,9
CKT_0015,T2,1,15,8,v_0,8,1824335495461.2927,5.52620422318571e-28,9
CKT_0015,T2,1,16,8,v_0,0,0.0,2.1972245773362196,9
CKT_0015,T2,1,17,8,v_0,0,0.0,2.1972245773362196,9
CKT_0015,T2,1,18,8,v_0,0,0.0,2.1972245773362196,9
CKT_0015,T2,1,19,8,v_0,0,0.0,2.1972245773362196,9
CKT_0015,T2,1,20,8,v_0,0,0.0,2.1972245773362196,9
CKT_0015,T2,1,21,8,v_0,0,0.0,2.1972245773362196,9
CKT_0015,T2,1,22,8,v_0,0,0.0,2.1972245773362196,9
CKT_0015,T2,1,23,8,v_0,0,0.0,2.1972245773362196,9
CKT_0015,T2,2,0,8,v_0,0,0.0,2.1972245773362196,9
CKT_0015,T2,2,1,8,v_0,0,0.0,2.1972245773362196,9
CKT_0015,T2,2,2,8,v_0,0,0.0,2.1972245773362196,9
CKT_0015,T2,2,3,8,v_0,0,0.0,2.1972245773362196,9
CKT_0015,T2,2,4,8,v_0,0,0.0,2.1972245773362196,9
CKT_0015,T2,2,5,8,v_0,0,0.0,2.1972245773362196,9
CKT_0015,T2,2,6,8,v_0,0,0.0,2.1972245773362196,9
CKT_0015,T2,2,7,8,v_0,0,0.0,2.1972245773362196,9
CKT_0015,T2,2,8,8,v_0,0,0.0,2.1972245773362196,9
CKT_0015,T2,2,9,8,v_0,0,0.0,2.1972245773362196,9
CKT_0015,T2,2,10,8,v_0,0,0.0,2.1972245773362196,9
CKT_0015,T2,2,11,8,v_0,0,0.0,2.1972245773362196,9
CKT_0015,T2,2,12,8,v_0,0,0.0,2.1972245773362196,9
CKT_0015,T2,2,13,8,v_0,0,0.0,2.1972245773362196,9
CKT_0015,T2,2,14,8,v_0,0,0.0,2.1972245773362196,9
CKT_0015,T2,2,15,8,v_0,0,0.0,2.1972245773362196,9
CKT_0015,T2,2,16,8,v_0,0,0.0,2.1972245773362196,9
CKT_0015,T2,2,17,8,v_0,0,0.0,2.1972245773362196,9
CKT_0015,T2,2,18,8,v_0,0,0.0,2.1972245773362196,9
CKT_0015,T2,2,19,8,v_0,0,0.0,2.1972245773362196,9
CKT_0015,T2,2,20,8,v_0,0,0.0,2.1972245773362196,9
CKT_0015,T2,2,21,8,v_0,0,0.0,2.1972245773362196,9
CKT_0015,T2,2,22,8,v_0,0,0.0,2.1972245773362196,9
CKT_0015,T2,2,23,8,v_0,0,0.0,2.1972245773362196,9
CKT_0015,T2,3,0,8,v_0,8,1824335495461.2927,5.52620422318571e-28,9
CKT_0015,T2,3,1,8,v_0,0,0.0,2.1972245773362196,9
CKT_0015,T2,3,2,8,v_0,0,0.0,2.1972245773362196,9
CKT_0015,T2,3,3,8,v_0,0,0.0,2.1972245773362196,9
CKT_0015,T2,3,4,8,v_0,0,0.0,2.1972245773362196,9
CKT_0015,T2,3,5,8,v_0,0,0.0,2.1972245773362196,9
CKT_0015,T2,3,6,8,v_0,0,0.0,2.1972245773362196,9
CKT_0015,T2,3,7,8,v_0,0,0.0,2.1972245773362196,9
CKT_0015,T2,3,8,8,v_0,0,0.0,2.1972245773362196,9
CKT_0015,T2,3,9,8,v_0,0,0.0,2.1972245773362196,9
CKT_0015,T2,3,10,8,v_0,0,0.0,2.1972245773362196,9
CKT_0015,T2,3,11,8,v_0,0,0.0,2.1972245773362196,9
CKT_0015,T2,3,12,8,v_0,0,0.0,2.1972245773362196,9
CKT_0015,T2,3,13,8,v_0,0,0.0,2.1972245773362196,9
CKT_0015,T2,3,14,8,v_0,0,0.0,2.1972245773362196,9
CKT_0015,T2,3,15,8,v_0,0,0.0,2.1972245773362196,9
CKT_0015,T2,3,16,8,v_0,0,0.0,2.1972245773362196,9
CKT_0015,T2,3,17,8,v_0,0,0.0,2.1972245773362196,9
CKT_0015,T2,3,18,8,v_0,0,0.0,2.1972245773362196,9
CKT_0015,T2,3,19,8,v_0,0,0.0,2.1972245773362196,9
CKT_0015,T2,3,20,8,v_0,0,0.0,2.1972245773362196,9
CKT_0015,T2,3,21,8,v_0,0,0.0,2.1972245773362196,9
CKT_0015,T2,3,22,8,v_0,0,0.0,2.1972245773362196,9
CKT_0015,T2,3,23,8,v_0,0,0.0,2.1972245773362196,9
CKT_0015,T2,0,0,9,readout,9,2305168106668.145,6.216979751083924e-28,10
CKT_0015,T2,0,1,9,readout,9,2305168106668.145,6.216979751083924e-28,10
CKT_0015,T2,0,2,9,readout,0,0.0,2.3025850929940455,10
CKT_0015,T2,0,3,9,readout,0,0.0,2.3025850929940455,10
CKT_0015,T2,0,4,9,readout,0,0.0,2.3025850929940455,10
CKT_0015,T2,0,5,9,readout,0,0.0,2.3025850929940455,10
CKT_0015,T2,0,6,9,readout,0,0.0,2.3025850929940455,10
CKT_0015,T2,0,7,9,readout,0,0.0,2.3025850929940455,10
CKT_0015,T2,0,8,9,readout,0,0.0,2.3025850929940455,10
CKT_0015,T2,0,9,9,readout,0,0.0,2.3025850929940455,10
CKT_0015,T2,0,10,9,readout,0,0.0,2.3025850929940455,10
CKT_0015,T2,0,11,9,readout,0,0.0,2.3025850929940455,10
CKT_0015,T2,0,12,9,readout,0,0.0,2.3025850929940455,10
CKT_0015,T2,0,13,9,readout,0,0.0,2.3025850929940455,10
CKT_0015,T2,0,14,9,readout,0,0.0,2.3025850929940455,10
CKT_0015,T2,0,15,9,readout,0,0.0,2.3025850929940455,10
CKT_0015,T2,0,16,9,readout,0,0.0,2.3025850929940455,10
CKT_0015,T2,0,17,9,readout,0,0.0,2.3025850929940455,10
CKT_0015,T2,0,18,9,readout,0,0.0,2.3025850929940455,10
CKT_0015,T2,0,19,9,readout,0,0.0,2.3025850929940455,10
CKT_0015,T2,0,20,9,readout,0,0.0,2.3025850929940455,10
CKT_0015,T2,0,21,9,readout,0,0.0,2.3025850929940455,10
CKT_0015,T2,0,22,9,readout,0,0.0,2.3025850929940455,10
CKT_0015,T2,0,23,9,readout,0,0.0,2.3025850929940455,10
CKT_0015,T2,1,0,9,readout,2,59628960834.71422,6.216979751083924e-28,10
CKT_0015,T2,1,1,9,readout,4,230027143807.15607,6.216979751083924e-28,10
CKT_0015,T2,1,2,9,readout,8,1135649131138.9429,6.216979751083924e-28,10
CKT_0015,T2,1,3,9,readout,8,1135649131138.9429,6.216979751083924e-28,10
CKT_0015,T2,1,4,9,readout,8,1135649131138.9429,6.216979751083924e-28,10
CKT_0015,T2,1,5,9,readout,8,1135649131138.9429,6.216979751083924e-28,10
CKT_0015,T2,1,6,9,readout,8,1135649131138.9429,6.216979751083924e-28,10
CKT_0015,T2,1,7,9,readout,8,1135649131138.9429,6.216979751083924e-28,10
CKT_0015,T2,1,8,9,readout,8,1135649131138.9429,6.216979751083924e-28,10
CKT_0015,T2,1,9,9,readout,8,1135649131138.9429,6.216979751083924e-28,10
CKT_0015,T2,1,10,9,readout,9,2305168106668.145,6.216979751083924e-28,10
CKT_0015,T2,1,11,9,readout,9,2305168106668.145,6.216979751083924e-28,10
CKT_0015,T2,1,12,9,readout,9,2305168106668.145,6.216979751083924e-28,10
CKT_0015,T2,1,13,9,readout,9,2305168106668.145,6.216979751083924e-28,10
CKT_0015,T2,1,14,9,readout,9,2305168106668.145,6.216979751083924e-28,10
CKT_0015,T2,1,15,9,readout,9,2305168106668.145,6.216979751083924e-28,10
CKT_0015,T2,1,16,9,readout,0,0.0,2.3025850929940455,10
CKT_0015,T2,1,17,9,readout,0,0.0,2.3025850929940455,10
CKT_0015,T2,1,18,9,readout,0,0.0,2.3025850929940455,10
CKT_0015,T2,1,19,9,readout,0,0.0,2.3025850929940455,10
CKT_0015,T2,1,20,9,readout,0,0.0,2.3025850929940455,10
CKT_0015,T2,1,21,9,readout,0,0.0,2.3025850929940455,10
CKT_0015,T2,1,22,9,readout,0,0.0,2.3025850929940455,10
CKT_0015,T2,1,23,9,readout,0,0.0,2.3025850929940455,10
CKT_0015,T2,2,0,9,readout,0,0.0,2.3025850929940455,10
CKT_0015,T2,2,1,9,readout,0,0.0,2.3025850929940455,10
CKT_0015,T2,2,2,9,readout,0,0.0,2.3025850929940455,10
CKT_0015,T2,2,3,9,readout,0,0.0,2.3025850929940455,10
CKT_0015,T2,2,4,9,readout,0,0.0,2.3025850929940455,10
CKT_0015,T2,2,5,9,readout,0,0.0,2.3025850929940455,10
CKT_0015,T2,2,6,9,readout,0,0.0,2.3025850929940455,10
CKT_0015,T2,2,7,9,readout,0,0.0,2.3025850929940455,10
CKT_0015,T2,2,8,9,readout,0,0.0,2.3025850929940455,10
CKT_0015,T2,2,9,9,readout,0,0.0,2.3025850929940455,10
CKT_0015,T2,2,10,9,readout,0,0.0,2.3025850929940455,10
CKT_0015,T2,2,11,9,readout,0,0.0,2.3025850929940455,10
CKT_0015,T2,2,12,9,readout,0,0.0,2.3025850929940455,10
CKT_0015,T2,2,13,9,readout,0,0.0,2.3025850929940455,10
CKT_0015,T2,2,14,9,readout,0,0.0,2.3025850929940455,10
CKT_0015,T2,2,15,9,readout,0,0.0,2.3025850929940455,10
CKT_0015,T2,2,16,9,readout,0,0.0,2.3025850929940455,10
CKT_0015,T2,2,17,9,readout,0,0.0,2.3025850929940455,10
CKT_0015,T2,2,18,9,readout,0,0.0,2.3025850929940455,10
CKT_0015,T2,2,19,9,readout,0,0.0,2.3025850929940455,10
CKT_0015,T2,2,20,9,readout,0,0.0,2.3025850929940455,10
CKT_0015,T2,2,21,9,readout,0,0.0,2.3025850929940455,10
CKT_0015,T2,2,22,9,readout,0,0.0,2.3025850929940455,10
CKT_0015,T2,2,23,9,readout,0,0.0,2.3025850929940455,10
CKT_0015,T2,3,0,9,readout,9,2305168106668.145,6.216979751083924e-28,10
CKT_0015,T2,3,1,9,readout,0,0.0,2.3025850929940455,10
CKT_0015,T2,3,2,9,readout,0,0.0,2.3025850929940455,10
CKT_0015,T2,3,3,9,readout,0,0.0,2.3025850929940455,10
CKT_0015,T2,3,4,9,readout,0,0.0,2.3025850929940455,10
CKT_0015,T2,3,5,9,readout,0,0.0,2.3025850929940455,10
CKT_0015,T2,3,6,9,readout,0,0.0,2.3025850929940455,10
CKT_0015,T2,3,7,9,readout,0,0.0,2.3025850929940455,10
CKT_0015,T2,3,8,9,readout,0,0.0,2.3025850929940455,10
CKT_0015,T2,3,9,9,readout,0,0.0,2.3025850929940455,10
CKT_0015,T2,3,10,9,readout,0,0.0,2.3025850929940455,10
CKT_0015,T2,3,11,9,readout,0,0.0,2.3025850929940455,10
CKT_0015,T2,3,12,9,readout,0,0.0,2.3025850929940455,10
CKT_0015,T2,3,13,9,readout,0,0.0,2.3025850929940455,10
CKT_0015,T2,3,14,9,readout,0,0.0,2.3025850929940455,10
CKT_0015,T2,3,15,9,readout,0,0.0,2.3025850929940455,10
CKT_0015,T2,3,16,9,readout,0,0.0,2.3025850929940455,10
CKT_0015,T2,3,17,9,readout,0,0.0,2.3025850929940455,10
CKT_0015,T2,3,18,9,readout,0,0.0,2.3025850929940455,10
CKT_0015,T2,3,19,9,readout,0,0.0,2.3025850929940455,10
CKT_0015,T2,3,20,9,readout,0,0.0,2.3025850929940455,10
CKT_0015,T2,3,21,9,readout,0,0.0,2.3025850929940455,10
CKT_0015,T2,3,22,9,readout,0,0.0,2.3025850929940455,10
CKT_0015,T2,3,23,9,readout,0,0.0,2.3025850929940455,10
CKT_0015,T2,0,0,10,halt,10,2842569260369.9214,6.907755278982137e-28,11
CKT_0015,T2,0,1,10,halt,10,2842569260369.9214,6.907755278982137e-28,11
CKT_0015,T2,0,2,10,halt,0,0.0,2.3978952727983707,11
CKT_0015,T2,0,3,10,halt,0,0.0,2.3978952727983707,11
CKT_0015,T2,0,4,10,halt,0,0.0,2.3978952727983707,11
CKT_0015,T2,0,5,10,halt,0,0.0,2.3978952727983707,11
CKT_0015,T2,0,6,10,halt,0,0.0,2.3978952727983707,11
CKT_0015,T2,0,7,10,halt,0,0.0,2.3978952727983707,11
CKT_0015,T2,0,8,10,halt,0,0.0,2.3978952727983707,11
CKT_0015,T2,0,9,10,halt,0,0.0,2.3978952727983707,11
CKT_0015,T2,0,10,10,halt,0,0.0,2.3978952727983707,11
CKT_0015,T2,0,11,10,halt,0,0.0,2.3978952727983707,11
CKT_0015,T2,0,12,10,halt,0,0.0,2.3978952727983707,11
CKT_0015,T2,0,13,10,halt,0,0.0,2.3978952727983707,11
CKT_0015,T2,0,14,10,halt,0,0.0,2.3978952727983707,11
CKT_0015,T2,0,15,10,halt,0,0.0,2.3978952727983707,11
CKT_0015,T2,0,16,10,halt,0,0.0,2.3978952727983707,11
CKT_0015,T2,0,17,10,halt,0,0.0,2.3978952727983707,11
CKT_0015,T2,0,18,10,halt,0,0.0,2.3978952727983707,11
CKT_0015,T2,0,19,10,halt,0,0.0,2.3978952727983707,11
CKT_0015,T2,0,20,10,halt,0,0.0,2.3978952727983707,11
CKT_0015,T2,0,21,10,halt,0,0.0,2.3978952727983707,11
CKT_0015,T2,0,22,10,halt,0,0.0,2.3978952727983707,11
CKT_0015,T2,0,23,10,halt,0,0.0,2.3978952727983707,11
CKT_0015,T2,1,0,10,halt,8,1361923301118.6377,6.907755278982137e-28,11
CKT_0015,T2,1,1,10,halt,8,1361923301118.6377,6.907755278982137e-28,11
CKT_0015,T2,1,2,10,halt,8,1361923301118.6377,6.907755278982137e-28,11
CKT_0015,T2,1,3,10,halt,8,1361923301118.6377,6.907755278982137e-28,11
CKT_0015,T2,1,4,10,halt,8,1361923301118.6377,6.907755278982137e-28,11
CKT_0015,T2,1,5,10,halt,8,1361923301118.6377,6.907755278982137e-28,11
CKT_0015,T2,1,6,10,halt,8,1361923301118.6377,6.907755278982137e-28,11
CKT_0015,T2,1,7,10,halt,8,1361923301118.6377,6.907755278982137e-28,11
CKT_0015,T2,1,8,10,halt,8,1361923301118.6377,6.907755278982137e-28,11
CKT_0015,T2,1,9,10,halt,8,1361923301118.6377,6.907755278982137e-28,11
CKT_0015,T2,1,10,10,halt,10,2842569260369.9214,6.907755278982137e-28,11
CKT_0015,T2,1,11,10,halt,10,2842569260369.9214,6.907755278982137e-28,11
CKT_0015,T2,1,12,10,halt,10,2842569260369.9214,6.907755278982137e-28,11
CKT_0015,T2,1,13,10,halt,10,2842569260369.9214,6.907755278982137e-28,11
CKT_0015,T2,1,14,10,halt,10,2842569260369.9214,6.907755278982137e-28,11
CKT_0015,T2,1,15,10,halt,10,2842569260369.9214,6.907755278982137e-28,11
CKT_0015,T2,1,16,10,halt,0,0.0,2.3978952727983707,11
CKT_0015,T2,1,17,10,halt,0,0.0,2.3978952727983707,11
CKT_0015,T2,1,18,10,halt,0,0.0,2.3978952727983707,11
CKT_0015,T2,1,19,10,halt,0,0.0,2.3978952727983707,11
CKT_0015,T2,1,20,10,halt,0,0.0,2.3978952727983707,11
CKT_0015,T2,1,21,10,halt,0,0.0,2.3978952727983707,11
CKT_0015,T2,1,22,10,halt,0,0.0,2.3978952727983707,11
CKT_0015,T2,1,23,10,halt,0,0.0,2.3978952727983707,11
CKT_0015,T2,2,0,10,halt,0,0.0,2.3978952727983707,11
CKT_0015,T2,2,1,10,halt,0,0.0,2.3978952727983707,11
CKT_0015,T2,2,2,10,halt,0,0.0,2.3978952727983707,11
CKT_0015,T2,2,3,10,halt,0,0.0,2.3978952727983707,11
CKT_0015,T2,2,4,10,halt,0,0.0,2.3978952727983707,11
CKT_0015,T2,2,5,10,halt,0,0.0,2.3978952727983707,11
CKT_0015,T2,2,6,10,halt,0,0.0,2.3978952727983707,11
CKT_0015,T2,2,7,10,halt,0,0.0,2.3978952727983707,11
CKT_0015,T2,2,8,10,halt,0,0.0,2.3978952727983707,11
CKT_0015,T2,2,9,10,halt,0,0.0,2.3978952727983707,11
CKT_0015,T2,2,10,10,halt,0,0.0,2.3978952727983707,11
CKT_0015,T2,2,11,10,halt,0,0.0,2.3978952727983707,11
CKT_0015,T2,2,12,10,halt,0,0.0,2.3978952727983707,11
CKT_0015,T2,2,13,10,halt,0,0.0,2.3978952727983707,11
CKT_0015,T2,2,14,10,halt,0,0.0,2.3978952727983707,11
CKT_0015,T2,2,15,10,halt,0,0.0,2.3978952727983707,11
CKT_0015,T2,2,16,10,halt,0,0.0,2.3978952727983707,11
CKT_0015,T2,2,17,10,halt,0,0.0,2.3978952727983707,11
CKT_0015,T2,2,18,10,halt,0,0.0,2.3978952727983707,11
CKT_0015,T2,2,19,10,halt,0,0.0,2.3978952727983707,11
CKT_0015,T2,2,20,10,halt,0,0.0,2.3978952727983707,11
CKT_0015,T2,2,21,10,halt,0,0.0,2.3978952727983707,11
CKT_0015,T2,2,22,10,halt,0,0.0,2.3978952727983707,11
CKT_0015,T2,2,23,10,halt,0,0.0,2.3978952727983707,11
CKT_0015,T2,3,0,10,halt,10,2842569260369.9214,6.907755278982137e-28,11
CKT_0015,T2,3,1,10,halt,0,0.0,2.3978952727983707,11
CKT_0015,T2,3,2,10,halt,0,0.0,2.3978952727983707,11
CKT_0015,T2,3,3,10,halt,0,0.0,2.3978952727983707,11
CKT_0015,T2,3,4,10,halt,0,0.0,2.3978952727983707,11
CKT_0015,T2,3,5,10,halt,0,0.0,2.3978952727983707,11
CKT_0015,T2,3,6,10,halt,0,0.0,2.3978952727983707,11
CKT_0015,T2,3,7,10,halt,0,0.0,2.3978952727983707,11
CKT_0015,T2,3,8,10,halt,0,0.0,2.3978952727983707,11
CKT_0015,T2,3,9,10,halt,0,0.0,2.3978952727983707,11
CKT_0015,T2,3,10,10,halt,0,0.0,2.3978952727983707,11
CKT_0015,T2,3,11,10,halt,0,0.0,2.3978952727983707,11
CKT_0015,T2,3,12,10,halt,0,0.0,2.3978952727983707,11
CKT_0015,T2,3,13,10,halt,0,0.0,2.3978952727983707,11
CKT_0015,T2,3,14,10,halt,0,0.0,2.3978952727983707,11
CKT_0015,T2,3,15,10,halt,0,0.0,2.3978952727983707,11
CKT_0015,T2,3,16,10,halt,0,0.0,2.3978952727983707,11
CKT_0015,T2,3,17,10,halt,0,0.0,2.3978952727983707,11
CKT_0015,T2,3,18,10,halt,0,0.0,2.3978952727983707,11
CKT_0015,T2,3,19,10,halt,0,0.0,2.3978952727983707,11
CKT_0015,T2,3,20,10,halt,0,0.0,2.3978952727983707,11
CKT_0015,T2,3,21,10,halt,0,0.0,2.3978952727983707,11
CKT_0015,T2,3,22,10,halt,0,0.0,2.3978952727983707,11
CKT_0015,T2,3,23,10,halt,0,0.0,2.3978952727983707,11
CKT_0067,T2,0,0,0,start,0,0.0,-0.0,1
CKT_0067,T2,0,1,0,start,0,0.0,-0.0,1
CKT_0067,T2,0,2,0,start,0,0.0,-0.0,1
CKT_0067,T2,0,3,0,start,0,0.0,-0.0,1
CKT_0067,T2,0,4,0,start,0,0.0,-0.0,1
CKT_0067,T2,0,5,0,start,0,0.0,-0.0,1
CKT_0067,T2,0,6,0,start,0,0.0,-0.0,1
CKT_0067,T2,0,7,0,start,0,0.0,-0.0,1
CKT_0067,T2,0,8,0,start,0,0.0,-0.0,1
CKT_0067,T2,0,9,0,start,0,0.0,-0.0,1
CKT_0067,T2,0,10,0,start,0,0.0,-0.0,1
CKT_0067,T2,0,11,0,start,0,0.0,-0.0,1
CKT_0067,T2,0,12,0,start,0,0.0,-0.0,1
CKT_0067,T2,0,13,0,start,0,0.0,-0.0,1
CKT_0067,T2,0,14,0,start,0,0.0,-0.0,1
CKT_0067,T2,0,15,0,start,0,0.0,-0.0,1
CKT_0067,T2,0,16,0,start,0,0.0,-0.0,1
CKT_0067,T2,0,17,0,start,0,0.0,-0.0,1
CKT_0067,T2,0,18,0,start,0,0.0,-0.0,1
CKT_0067,T2,0,19,0,start,0,0.0,-0.0,1
CKT_0067,T2,0,20,0,start,0,0.0,-0.0,1
CKT_0067,T2,0,21,0,start,0,0.0,-0.0,1
CKT_0067,T2,0,22,0,start,0,0.0,-0.0,1
CKT_0067,T2,0,23,0,start,0,0.0,-0.0,1
CKT_0067,T2,1,0,0,start,0,0.0,-0.0,1
CKT_0067,T2,1,1,0,start,0,0.0,-0.0,1
CKT_0067,T2,1,2,0,start,0,0.0,-0.0,1
CKT_0067,T2,1,3,0,start,0,0.0,-0.0,1
CKT_0067,T2,1,4,0,start,0,0.0,-0.0,1
CKT_0067,T2,1,5,0,start,0,0.0,-0.0,1
CKT_0067,T2,1,6,0,start,0,0.0,-0.0,1
CKT_0067,T2,1,7,0,start,0,0.0,-0.0,1
CKT_0067,T2,1,8,0,start,0,0.0,-0.0,1
CKT_0067,T2,1,9,0,start,0,0.0,-0.0,1
CKT_0067,T2,1,10,0,start,0,0.0,-0.0,1
CKT_0067,T2,1,11,0,start,0,0.0,-0.0,1
CKT_0067,T2,1,12,0,start,0,0.0,-0.0,1
CKT_0067,T2,1,13,0,start,0,0.0,-0.0,1
CKT_0067,T2,1,14,0,start,0,0.0,-0.0,1
CKT_0067,T2,1,15,0,start,0,0.0,-0.0,1
CKT_0067,T2,1,16,0,start,0,0.0,-0.0,1
CKT_0067,T2,1,17,0,start,0,0.0,-0.0,1
CKT_0067,T2,1,18,0,start,0,0.0,-0.0,1
CKT_0067,T2,1,19,0,start,0,0.0,-0.0,1
CKT_0067,T2,1,20,0,start,0,0.0,-0.0,1
CKT_0067,T2,1,21,0,start,0,0.0,-0.0,1
CKT_0067,T2,1,22,0,start,0,0.0,-0.0,1
CKT_0067,T2,1,23,0,start,0,0.0,-0.0,1
CKT_0067,T2,2,0,0,start,0,0.0,-0.0,1
CKT_0067,T2,2,1,0,start,0,0.0,-0.0,1
CKT_0067,T2,2,2,0,start,0,0.0,-0.0,1
CKT_0067,T2,2,3,0,start,0,0.0,-0.0,1
CKT_0067,T2,2,4,0,start,0,0.0,-0.0,1
CKT_0067,T2,2,5,0,start,0,0.0,-0.0,1
CKT_0067,T2,2,6,0,start,0,0.0,-0.0,1
CKT_0067,T2,2,7,0,start,0,0.0,-0.0,1
CKT_0067,T2,2,8,0,start,0,0.0,-0.0,1
CKT_0067,T2,2,9,0,start,0,0.0,-0.0,1
CKT_0067,T2,2,10,0,start,0,0.0,-0.0,1
CKT_0067,T2,2,11,0,start,0,0.0,-0.0,1
CKT_0067,T2,2,12,0,start,0,0.0,-0.0,1
CKT_0067,T2,2,13,0,start,0,0.0,-0.0,1
CKT_0067,T2,2,14,0,start,0,0.0,-0.0,1
CKT_0067,T2,2,15,0,start,0,0.0,-0.0,1
CKT_0067,T2,2,16,0,start,0,0.0,-0.0,1
CKT_0067,T2,2,17,0,start,0,0.0,-0.0,1
CKT_0067,T2,2,18,0,start,0,0.0,-0.0,1
CKT_0067,T2,2,19,0,start,0,0.0,-0.0,1
CKT_0067,T2,2,20,0,start,0,0.0,-0.0,1
CKT_0067,T2,2,21,0,start,0,0.0,-0.0,1
CKT_0067,T2,2,22,0,start,0,0.0,-0.0,1
CKT_0067,T2,2,23,0,start,0,0.0,-0.0,1
CKT_0067,T2,3,0,0,start,0,0.0,-0.0,1
CKT_0067,T2,3,1,0,start,0,0.0,-0.0,1
CKT_0067,T2,3,2,0,start,0,0.0,-0.0,1
CKT_0067,T2,3,3,0,start,0,0.0,-0.0,1
CKT_0067,T2,3,4,0,start,0,0.0,-0.0,1
CKT_0067,T2,3,5,0,start,0,0.0,-0.0,1
CKT_0067,T2,3,6,0,start,0,0.0,-0.0,1
CKT_0067,T2,3,7,0,start,0,0.0,-0.0,1
CKT_0067,T2,3,8,0,start,0,0.0,-0.0,1
CKT_0067,T2,3,9,0,start,0,0.0,-0.0,1
CKT_0067,T2,3,10,0,start,0,0.0,-0.0,1
CKT_0067,T2,3,11,0,start,0,0.0,-0.0,1
CKT_0067,T2,3,12,0,start,0,0.0,-0.0,1
CKT_0067,T2,3,13,0,start,0,0.0,-0.0,1
CKT_0067,T2,3,14,0,start,0,0.0,-0.0,1
CKT_0067,T2,3,15,0,start,0,0.0,-0.0,1
CKT_0067,T2,3,16,0,start,0,0.0,-0.0,1
CKT_0067,T2,3,17,0,start,0,0.0,-0.0,1
CKT_0067,T2,3,18,0,start,0,0.0,-0.0,1
CKT_0067,T2,3,19,0,start,0,0.0,-0.0,1
CKT_0067,T2,3,20,0,start,0,0.0,-0.0,1
CKT_0067,T2,3,21,0,start,0,0.0,-0.0,1
CKT_0067,T2,3,22,0,start,0,0.0,-0.0,1
CKT_0067,T2,3,23,0,start,0,0.0,-0.0,1
CKT_0067,T2,0,0,1,skip,1,42426406871.192856,6.907755278982138e-29,2
CKT_0067,T2,0,1,1,skip,1,42426406871.192856,6.907755278982138e-29,2
CKT_0067,T2,0,2,1,skip,0,0.0,0.6931471805599453,2
CKT_0067,T2,0,3,1,skip,0,0.0,0.6931471805599453,2
CKT_0067,T2,0,4,1,skip,0,0.0,0.6931471805599453,2
CKT_0067,T2,0,5,1,skip,0,0.0,0.6931471805599453,2
CKT_0067,T2,0,6,1,skip,0,0.0,0.6931471805599453,2
CKT_0067,T2,0,7,1,skip,0,0.0,0.6931471805599453,2
CKT_0067,T2,0,8,1,skip,0,0.0,0.6931471805599453,2
CKT_0067,T2,0,9,1,skip,0,0.0,0.6931471805599453,2
CKT_0067,T2,0,10,1,skip,0,0.0,0.6931471805599453,2
CKT_0067,T2,0,11,1,skip,0,0.0,0.6931471805599453,2
CKT_0067,T2,0,12,1,skip,0,0.0,0.6931471805599453,2
CKT_0067,T2,0,13,1,skip,0,0.0,0.6931471805599453,2
CKT_0067,T2,0,14,1,skip,0,0.0,0.6931471805599453,2
CKT_0067,T2,0,15,1,skip,0,0.0,0.6931471805599453,2
CKT_0067,T2,0,16,1,skip,0,0.0,0.6931471805599453,2
CKT_0067,T2,0,17,1,skip,0,0.0,0.6931471805599453,2
CKT_0067,T2,0,18,1,skip,0,0.0,0.6931471805599453,2
CKT_0067,T2,0,19,1,skip,0,0.0,0.6931471805599453,2
CKT_0067,T2,0,20,1,skip,0,0.0,0.6931471805599453,2
CKT_0067,T2,0,21,1,skip,0,0.0,0.6931471805599453,2
CKT_0067,T2,0,22,1,skip,0,0.0,0.6931471805599453,2
CKT_0067,T2,0,23,1,skip,0,0.0,0.6931471805599453,2
CKT_0067,T2,1,0,1,skip,0,0.0,6.907755278982138e-29,2
CKT_0067,T2,1,1,1,skip,0,0.0,6.907755278982138e-29,2
CKT_0067,T2,1,2,1,skip,0,0.0,6.907755278982138e-29,2
CKT_0067,T2,1,3,1,skip,0,0.0,6.907755278982138e-29,2
CKT_0067,T2,1,4,1,skip,0,0.0,6.907755278982138e-29,2
CKT_0067,T2,1,5,1,skip,0,0.0,6.907755278982138e-29,2
CKT_0067,T2,1,6,1,skip,0,0.0,6.907755278982138e-29,2
CKT_0067,T2,1,7,1,skip,0,0.0,6.907755278982138e-29,2
CKT_0067,T2,1,8,1,skip,0,0.0,6.907755278982138e-29,2
CKT_0067,T2,1,9,1,skip,0,0.0,6.907755278982138e-29,2
CKT_0067,T2,1,10,1,skip,1,42426406871.192856,6.907755278982138e-29,2
CKT_0067,T2,1,11,1,skip,1,42426406871.192856,6.907755278982138e-29,2
CKT_0067,T2,1,12,1,skip,1,42426406871.192856,6.907755278982138e-29,2
CKT_0067,T2,1,13,1,skip,1,42426406871.192856,6.907755278982138e-29,2
CKT_0067,T2,1,14,1,skip,1,42426406871.192856,6.907755278982138e-29,2
CKT_0067,T2,1,15,1,skip,1,42426406871.192856,6.907755278982138e-29,2
CKT_0067,T2,1,16,1,skip,0,0.0,0.6931471805599453,2
CKT_0067,T2,1,17,1,skip,0,0.0,0.6931471805599453,2
CKT_0067,T2,1,18,1,skip,0,0.0,0.6931471805599453,2
CKT_0067,T2,1,19,1,skip,0,0.0,0.6931471805599453,2
CKT_0067,T2,1,20,1,skip,0,0.0,0.6931471805599453,2
CKT_0067,T2,1,21,1,skip,0,0.0,0.6931471805599453,2
CKT_0067,T2,1,22,1,skip,0,0.0,0.6931471805599453,2
CKT_0067,T2,1,23,1,skip,0,0.0,0.6931471805599453,2
CKT_0067,T2,2,0,1,skip,0,0.0,0.6931471805599453,2
CKT_0067,T2,2,1,1,skip,0,0.0,0.6931471805599453,2
CKT_0067,T2,2,2,1,skip,0,0.0,0.6931471805599453,2
CKT_0067,T2,2,3,1,skip,0,0.0,0.6931471805599453,2
CKT_0067,T2,2,4,1,skip,0,0.0,0.6931471805599453,2
CKT_0067,T2,2,5,1,skip,0,0.0,0.6931471805599453,2
CKT_0067,T2,2,6,1,skip,0,0.0,0.6931471805599453,2
CKT_0067,T2,2,7,1,skip,0,0.0,0.6931471805599453,2
CKT_0067,T2,2,8,1,skip,0,0.0,0.6931471805599453,2
CKT_0067,T2,2,9,1,skip,0,0.0,0.6931471805599453,2
CKT_0067,T2,2,10,1,skip,0,0.0,0.6931471805599453,2
CKT_0067,T2,2,11,1,skip,0,0.0,0.6931471805599453,2
CKT_0067,T2,2,12,1,skip,0,0.0,0.6931471805599453,2
CKT_0067,T2,2,13,1,skip,0,0.0,0.6931471805599453,2
CKT_0067,T2,2,14,1,skip,0,0.0,0.6931471805599453,2
CKT_0067,T2,2,15,1,skip,0,0.0,0.6931471805599453,2
CKT_0067,T2,2,16,1,skip,0,0.0,0.6931471805599453,2
CKT_0067,T2,2,17,1,skip,0,0.0,0.6931471805599453,2
CKT_0067,T2,2,18,1,skip,0,0.0,0.6931471805599453,2
CKT_0067,T2,2,19,1,skip,0,0.0,0.6931471805599453,2
CKT_0067,T2,2,20,1,skip,0,0.0,0.6931471805599453,2
CKT_0067,T2,2,21,1,skip,0,0.0,0.6931471805599453,2
CKT_0067,T2,2,22,1,skip,0,0.0,0.6931471805599453,2
CKT_0067,T2,2,23,1,skip,0,0.0,0.6931471805599453,2
CKT_0067,T2,3,0,1,skip,1,42426406871.192856,6.907755278982138e-29,2
CKT_0067,T2,3,1,1,skip,0,0.0,0.6931471805599453,2
CKT_0067,T2,3,2,1,skip,0,0.0,0.6931471805599453,2
CKT_0067,T2,3,3,1,skip,0,0.0,0.6931471805599453,2
CKT_0067,T2,3,4,1,skip,0,0.0,0.6931471805599453,2
CKT_0067,T2,3,5,1,skip,0,0.0,0.6931471805599453,2
CKT_0067,T2,3,6,1,skip,0,0.0,0.6931471805599453,2
CKT_0067,T2,3,7,1,skip,0,0.0,0.6931471805599453,2
CKT_0067,T2,3,8,1,skip,0,0.0,0.6931471805599453,2
CKT_0067,T2,3,9,1,skip,0,0.0,0.6931471805599453,2
CKT_0067,T2,3,10,1,skip,0,0.0,0.6931471805599453,2
CKT_0067,T2,3,11,1,skip,0,0.0,0.6931471805599453,2
CKT_0067,T2,3,12,1,skip,0,0.0,0.6931471805599453,2
CKT_0067,T2,3,13,1,skip,0,0.0,0.6931471805599453,2
CKT_0067,T2,3,14,1,skip,0,0.0,0.6931471805599453,2
CKT_0067,T2,3,15,1,skip,0,0.0,0.6931471805599453,2
CKT_0067,T2,3,16,1,skip,0,0.0,0.6931471805599453,2
CKT_0067,T2,3,17,1,skip,0,0.0,0.6931471805599453,2
CKT_0067,T2,3,18,1,skip,0,0.0,0.6931471805599453,2
CKT_0067,T2,3,19,1,skip,0,0.0,0.6931471805599453,2
CKT_0067,T2,3,20,1,skip,0,0.0,0.6931471805599453,2
CKT_0067,T2,3,21,1,skip,0,0.0,0.6931471805599453,2
CKT_0067,T2,3,22,1,skip,0,0.0,0.6931471805599453,2
CKT_0067,T2,3,23,1,skip,0,0.0,0.6931471805599453,2
CKT_0067,T2,0,0,2,v_0,2,127279220613.57857,1.3815510557964276e-28,3
CKT_0067,T2,0,1,2,v_0,2,127279220613.57857,1.3815510557964276e-28,3
CKT_0067,T2,0,2,2,v_0,0,0.0,1.0986122886681096,3
CKT_0067,T2,0,3,2,v_0,0,0.0,1.0986122886681096,3
CKT_0067,T2,0,4,2,v_0,0,0.0,1.0986122886681096,3
CKT_0067,T2,0,5,2,v_0,0,0.0,1.0986122886681096,3
CKT_0067,T2,0,6,2,v_0,0,0.0,1.0986122886681096,3
CKT_0067,T2,0,7,2,v_0,0,0.0,1.0986122886681096,3
CKT_0067,T2,0,8,2,v_0,0,0.0,1.0986122886681096,3
CKT_0067,T2,0,9,2,v_0,0,0.0,1.0986122886681096,3
CKT_0067,T2,0,10,2,v_0,0,0.0,1.0986122886681096,3
CKT_0067,T2,0,11,2,v_0,0,0.0,1.0986122886681096,3
CKT_0067,T2,0,12,2,v_0,0,0.0,1.0986122886681096,3
CKT_0067,T2,0,13,2,v_0,0,0.0,1.0986122886681096,3
CKT_0067,T2,0,14,2,v_0,0,0.0,1.0986122886681096,3
CKT_0067,T2,0,15,2,v_0,0,0.0,1.0986122886681096,3
CKT_0067,T2,0,16,2,v_0,0,0.0,1.0986122886681096,3
CKT_0067,T2,0,17,2,v_0,0,0.0,1.0986122886681096,3
CKT_0067,T2,0,18,2,v_0,0,0.0,1.0986122886681096,3
CKT_0067,T2,0,19,2,v_0,0,0.0,1.0986122886681096,3
CKT_0067,T2,0,20,2,v_0,0,0.0,1.0986122886681096,3
CKT_0067,T2,0,21,2,v_0,0,0.0,1.0986122886681096,3
CKT_0067,T2,0,22,2,v_0,0,0.0,1.0986122886681096,3
CKT_0067,T2,0,23,2,v_0,0,0.0,1.0986122886681096,3
CKT_0067,T2,1,0,2,v_0,2,59628960834.71417,1.3815510557964276e-28,3
CKT_0067,T2,1,1,2,v_0,2,59628960834.71417,1.3815510557964276e-28,3
CKT_0067,T2,1,2,2,v_0,2,59628960834.71417,1.3815510557964276e-28,3
CKT_0067,T2,1,3,2,v_0,2,59628960834.71417,1.3815510557964276e-28,3
CKT_0067,T2,1,4,2,v_0,2,59628960834.71417,1.3815510557964276e-28,3
CKT_0067,T2,1,5,2,v_0,2,59628960834.71417,1.3815510557964276e-28,3
CKT_0067,T2,1,6,2,v_0,2,59628960834.71417,1.3815510557964276e-28,3
CKT_0067,T2,1,7,2,v_0,2,59628960834.71417,1.3815510557964276e-28,3
CKT_0067,T2,1,8,2,v_0,2,59628960834.71417,1.3815510557964276e-28,3
CKT_0067,T2,1,9,2,v_0,2,59628960834.71417,1.3815510557964276e-28,3
CKT_0067,T2,1,10,2,v_0,2,127279220613.57857,1.3815510557964276e-28,3
CKT_0067,T2,1,11,2,v_0,2,127279220613.57857,1.3815510557964276e-28,3
CKT_0067,T2,1,12,2,v_0,2,127279220613.57857,1.3815510557964276e-28,3
CKT_0067,T2,1,13,2,v_0,2,127279220613.57857,1.3815510557964276e-28,3
CKT_0067,T2,1,14,2,v_0,2,127279220613.57857,1.3815510557964276e-28,3
CKT_0067,T2,1,15,2,v_0,2,127279220613.57857,1.3815510557964276e-28,3
CKT_0067,T2,1,16,2,v_0,0,0.0,1.0986122886681096,3
CKT_0067,T2,1,17,2,v_0,0,0.0,1.0986122886681096,3
CKT_0067,T2,1,18,2,v_0,0,0.0,1.0986122886681096,3
CKT_0067,T2,1,19,2,v_0,0,0.0,1.0986122886681096,3
CKT_0067,T2,1,20,2,v_0,0,0.0,1.0986122886681096,3
CKT_0067,T2,1,21,2,v_0,0,0.0,1.0986122886681096,3
CKT_0067,T2,1,22,2,v_0,0,0.0,1.0986122886681096,3
CKT_0067,T2,1,23,2,v_0,0,0.0,1.0986122886681096,3
CKT_0067,T2,2,0,2,v_0,0,0.0,1.0986122886681096,3
CKT_0067,T2,2,1,2,v_0,0,0.0,1.0986122886681096,3
CKT_0067,T2,2,2,2,v_0,0,0.0,1.0986122886681096,3
CKT_0067,T2,2,3,2,v_0,0,0.0,1.0986122886681096,3
CKT_0067,T2,2,4,2,v_0,0,0.0,1.0986122886681096,3
CKT_0067,T2,2,5,2,v_0,0,0.0,1.0986122886681096,3
CKT_0067,T2,2,6,2,v_0,0,0.0,1.0986122886681096,3
CKT_0067,T2,2,7,2,v_0,0,0.0,1.0986122886681096,3
CKT_0067,T2,2,8,2,v_0,0,0.0,1.0986122886681096,3
CKT_0067,T2,2,9,2,v_0,0,0.0,1.0986122886681096,3
CKT_0067,T2,2,10,2,v_0,0,0.0,1.0986122886681096,3
CKT_0067,T2,2,11,2,v_0,0,0.0,1.0986122886681096,3
CKT_0067,T2,2,12,2,v_0,0,0.0,1.0986122886681096,3
CKT_0067,T2,2,13,2,v_0,0,0.0,1.0986122886681096,3
CKT_0067,T2,2,14,2,v_0,0,0.0,1.0986122886681096,3
CKT_0067,T2,2,15,2,v_0,0,0.0,1.0986122886681096,3
CKT_0067,T2,2,16,2,v_0,0,0.0,1.0986122886681096,3
CKT_0067,T2,2,17,2,v_0,0,0.0,1.0986122886681096,3
CKT_0067,T2,2,18,2,v_0,0,0.0,1.0986122886681096,3
CKT_0067,T2,2,19,2,v_0,0,0.0,1.0986122886681096,3
CKT_0067,T2,2,20,2,v_0,0,0.0,1.0986122886681096,3
CKT_0067,T2,2,21,2,v_0,0,0.0,1.0986122886681096,3
CKT_0067,T2,2,22,2,v_0,0,0.0,1.0986122886681096,3
CKT_0067,T2,2,23,2,v_0,0,0.0,1.0986122886681096,3
CKT_0067,T2,3,0,2,v_0,2,127279220613.57857,1.3815510557964276e-28,3
CKT_0067,T2,3,1,2,v_0,0,0.0,1.0986122886681096,3
CKT_0067,T2,3,2,2,v_0,0,0.0,1.0986122886681096,3
CKT_0067,T2,3,3,2,v_0,0,0.0,1.0986122886681096,3
CKT_0067,T2,3,4,2,v_0,0,0.0,1.0986122886681096,3
CKT_0067,T2,3,5,2,v_0,0,0.0,1.0986122886681096,3
CKT_0067,T2,3,6,2,v_0,0,0.0,1.0986122886681096,3
CKT_0067,T2,3,7,2,v_0,0,0.0,1.0986122886681096,3
CKT_0067,T2,3,8,2,v_0,0,0.0,1.0986122886681096,3
CKT_0067,T2,3,9,2,v_0,0,0.0,1.0986122886681096,3
CKT_0067,T2,3,10,2,v_0,0,0.0,1.0986122886681096,3
CKT_0067,T2,3,11,2,v_0,0,0.0,1.0986122886681096,3
CKT_0067,T2,3,12,2,v_0,0,0.0,1.0986122886681096,3
CKT_0067,T2,3,13,2,v_0,0,0.0,1.0986122886681096,3
CKT_0067,T2,3,14,2,v_0,0,0.0,1.0986122886681096,3
CKT_0067,T2,3,15,2,v_0,0,0.0,1.0986122886681096,3
CKT_0067,T2,3,16,2,v_0,0,0.0,1.0986122886681096,3
CKT_0067,T2,3,17,2,v_0,0,0.0,1.0986122886681096,3
CKT_0067,T2,3,18,2,v_0,0,0.0,1.0986122886681096,3
CKT_0067,T2,3,19,2,v_0,0,0.0,1.0986122886681096,3
CKT_0067,T2,3,20,2,v_0,0,0.0,1.0986122886681096,3
CKT_0067,T2,3,21,2,v_0,0,0.0,1.0986122886681096,3
CKT_0067,T2,3,22,2,v_0,0,0.0,1.0986122886681096,3
CKT_0067,T2,3,23,2,v_0,0,0.0,1.0986122886681096,3
CKT_0067,T2,0,0,3,skip,3,268700576850.8881,2.0723265836946412e-28,4
CKT_0067,T2,0,1,3,skip,3,268700576850.8881,2.0723265836946412e-28,4
CKT_0067,T2,0,2,3,skip,0,0.0,1.3862943611198906,4
CKT_0067,T2,0,3,3,skip,0,0.0,1.3862943611198906,4
CKT_0067,T2,0,4,3,skip,0,0.0,1.3862943611198906,4
CKT_0067,T2,0,5,3,skip,0,0.0,1.3862943611198906,4
CKT_0067,T2,0,6,3,skip,0,0.0,1.3862943611198906,4
CKT_0067,T2,0,7,3,skip,0,0.0,1.3862943611198906,4
CKT_0067,T2,0,8,3,skip,0,0.0,1.3862943611198906,4
CKT_0067,T2,0,9,3,skip,0,0.0,1.3862943611198906,4
CKT_0067,T2,0,10,3,skip,0,0.0,1.3862943611198906,4
CKT_0067,T2,0,11,3,skip,0,0.0,1.3862943611198906,4
CKT_0067,T2,0,12,3,skip,0,0.0,1.3862943611198906,4
CKT_0067,T2,0,13,3,skip,0,0.0,1.3862943611198906,4
CKT_0067,T2,0,14,3,skip,0,0.0,1.3862943611198906,4
CKT_0067,T2,0,15,3,skip,0,0.0,1.3862943611198906,4
CKT_0067,T2,0,16,3,skip,0,0.0,1.3862943611198906,4
CKT_0067,T2,0,17,3,skip,0,0.0,1.3862943611198906,4
CKT_0067,T2,0,18,3,skip,0,0.0,1.3862943611198906,4
CKT_0067,T2,0,19,3,skip,0,0.0,1.3862943611198906,4
CKT_0067,T2,0,20,3,skip,0,0.0,1.3862943611198906,4
CKT_0067,T2,0,21,3,skip,0,0.0,1.3862943611198906,4
CKT_0067,T2,0,22,3,skip,0,0.0,1.3862943611198906,4
CKT_0067,T2,0,23,3,skip,0,0.0,1.3862943611198906,4
CKT_0067,T2,1,0,3,skip,2,116197503329.63799,2.0723265836946412e-28,4
CKT_0067,T2,1,1,3,skip,2,116197503329.63799,2.0723265836946412e-28,4
CKT_0067,T2,1,2,3,skip,2,116197503329.63799,2.0723265836946412e-28,4
CKT_0067,T2,1,3,3,skip,2,116197503329.63799,2.0723265836946412e-28,4
CKT_0067,T2,1,4,3,skip,2,116197503329.63799,2.0723265836946412e-28,4
CKT_0067,T2,1,5,3,skip,2,116197503329.63799,2.0723265836946412e-28,4
CKT_0067,T2,1,6,3,skip,2,116197503329.63799,2.0723265836946412e-28,4
CKT_0067,T2,1,7,3,skip,2,116197503329.63799,2.0723265836946412e-28,4
CKT_0067,T2,1,8,3,skip,2,116197503329.63799,2.0723265836946412e-28,4
CKT_0067,T2,1,9,3,skip,2,116197503329.63799,2.0723265836946412e-28,4
CKT_0067,T2,1,10,3,skip,3,268700576850.8881,2.0723265836946412e-28,4
CKT_0067,T2,1,11,3,skip,3,268700576850.8881,2.0723265836946412e-28,4
CKT_0067,T2,1,12,3,skip,3,268700576850.8881,2.0723265836946412e-28,4
CKT_0067,T2,1,13,3,skip,3,268700576850.8881,2.0723265836946412e-28,4
CKT_0067,T2,1,14,3,skip,3,268700576850.8881,2.0723265836946412e-28,4
CKT_0067,T2,1,15,3,skip,3,268700576850.8881,2.0723265836946412e-28,4
CKT_0067,T2,1,16,3,skip,0,0.0,1.3862943611198906,4
CKT_0067,T2,1,17,3,skip,0,0.0,1.3862943611198906,4
CKT_0067,T2,1,18,3,skip,0,0.0,1.3862943611198906,4
CKT_0067,T2,1,19,3,skip,0,0.0,1.3862943611198906,4
CKT_0067,T2,1,20,3,skip,0,0.0,1.3862943611198906,4
CKT_0067,T2,1,21,3,skip,0,0.0,1.3862943611198906,4
CKT_0067,T2,1,22,3,skip,0,0.0,1.3862943611198906,4
CKT_0067,T2,1,23,3,skip,0,0.0,1.3862943611198906,4
CKT_0067,T2,2,0,3,skip,0,0.0,1.3862943611198906,4
CKT_0067,T2,2,1,3,skip,0,0.0,1.3862943611198906,4
CKT_0067,T2,2,2,3,skip,0,0.0,1.3862943611198906,4
CKT_0067,T2,2,3,3,skip,0,0.0,1.3862943611198906,4
CKT_0067,T2,2,4,3,skip,0,0.0,1.3862943611198906,4
CKT_0067,T2,2,5,3,skip,0,0.0,1.3862943611198906,4
CKT_0067,T2,2,6,3,skip,0,0.0,1.3862943611198906,4
CKT_0067,T2,2,7,3,skip,0,0.0,1.3862943611198906,4
CKT_0067,T2,2,8,3,skip,0,0.0,1.3862943611198906,4
CKT_0067,T2,2,9,3,skip,0,0.0,1.3862943611198906,4
CKT_0067,T2,2,10,3,skip,0,0.0,1.3862943611198906,4
CKT_0067,T2,2,11,3,skip,0,0.0,1.3862943611198906,4
CKT_0067,T2,2,12,3,skip,0,0.0,1.3862943611198906,4
CKT_0067,T2,2,13,3,skip,0,0.0,1.3862943611198906,4
CKT_0067,T2,2,14,3,skip,0,0.0,1.3862943611198906,4
CKT_0067,T2,2,15,3,skip,0,0.0,1.3862943611198906,4
CKT_0067,T2,2,16,3,skip,0,0.0,1.3862943611198906,4
CKT_0067,T2,2,17,3,skip,0,0.0,1.3862943611198906,4
CKT_0067,T2,2,18,3,skip,0,0.0,1.3862943611198906,4
CKT_0067,T2,2,19,3,skip,0,0.0,1.3862943611198906,4
CKT_0067,T2,2,20,3,skip,0,0.0,1.3862943611198906,4
CKT_0067,T2,2,21,3,skip,0,0.0,1.3862943611198906,4
CKT_0067,T2,2,22,3,skip,0,0.0,1.3862943611198906,4
CKT_0067,T2,2,23,3,skip,0,0.0,1.3862943611198906,4
CKT_0067,T2,3,0,3,skip,3,268700576850.8881,2.0723265836946412e-28,4
CKT_0067,T2,3,1,3,skip,0,0.0,1.3862943611198906,4
CKT_0067,T2,3,2,3,skip,0,0.0,1.3862943611198906,4
CKT_0067,T2,3,3,3,skip,0,0.0,1.3862943611198906,4
CKT_0067,T2,3,4,3,skip,0,0.0,1.3862943611198906,4
CKT_0067,T2,3,5,3,skip,0,0.0,1.3862943611198906,4
CKT_0067,T2,3,6,3,skip,0,0.0,1.3862943611198906,4
CKT_0067,T2,3,7,3,skip,0,0.0,1.3862943611198906,4
CKT_0067,T2,3,8,3,skip,0,0.0,1.3862943611198906,4
CKT_0067,T2,3,9,3,skip,0,0.0,1.3862943611198906,4
CKT_0067,T2,3,10,3,skip,0,0.0,1.3862943611198906,4
CKT_0067,T2,3,11,3,skip,0,0.0,1.3862943611198906,4
CKT_0067,T2,3,12,3,skip,0,0.0,1.3862943611198906,4
CKT_0067,T2,3,13,3,skip,0,0.0,1.3862943611198906,4
CKT_0067,T2,3,14,3,skip,0,0.0,1.3862943611198906,4
CKT_0067,T2,3,15,3,skip,0,0.0,1.3862943611198906,4
CKT_0067,T2,3,16,3,skip,0,0.0,1.3862943611198906,4
CKT_0067,T2,3,17,3,skip,0,0.0,1.3862943611198906,4
CKT_0067,T2,3,18,3,skip,0,0.0,1.3862943611198906,4
CKT_0067,T2,3,19,3,skip,0,0.0,1.3862943611198906,4
CKT_0067,T2,3,20,3,skip,0,0.0,1.3862943611198906,4
CKT_0067,T2,3,21,3,skip,0,0.0,1.3862943611198906,4
CKT_0067,T2,3,22,3,skip,0,0.0,1.3862943611198906,4
CKT_0067,T2,3,23,3,skip,0,0.0,1.3862943611198906,4
CKT_0067,T2,0,0,4,v_479,4,466690475583.1214,2.763102111592855e-28,5
CKT_0067,T2,0,1,4,v_479,4,466690475583.1214,2.763102111592855e-28,5
CKT_0067,T2,0,2,4,v_479,0,0.0,1.6094379124341005,5
CKT_0067,T2,0,3,4,v_479,0,0.0,1.6094379124341005,5
CKT_0067,T2,0,4,4,v_479,0,0.0,1.6094379124341005,5
CKT_0067,T2,0,5,4,v_479,0,0.0,1.6094379124341005,5
CKT_0067,T2,0,6,4,v_479,0,0.0,1.6094379124341005,5
CKT_0067,T2,0,7,4,v_479,0,0.0,1.6094379124341005,5
CKT_0067,T2,0,8,4,v_479,0,0.0,1.6094379124341005,5
CKT_0067,T2,0,9,4,v_479,0,0.0,1.6094379124341005,5
CKT_0067,T2,0,10,4,v_479,0,0.0,1.6094379124341005,5
CKT_0067,T2,0,11,4,v_479,0,0.0,1.6094379124341005,5
CKT_0067,T2,0,12,4,v_479,0,0.0,1.6094379124341005,5
CKT_0067,T2,0,13,4,v_479,0,0.0,1.6094379124341005,5
CKT_0067,T2,0,14,4,v_479,0,0.0,1.6094379124341005,5
CKT_0067,T2,0,15,4,v_479,0,0.0,1.6094379124341005,5
CKT_0067,T2,0,16,4,v_479,0,0.0,1.6094379124341005,5
CKT_0067,T2,0,17,4,v_479,0,0.0,1.6094379124341005,5
CKT_0067,T2,0,18,4,v_479,0,0.0,1.6094379124341005,5
CKT_0067,T2,0,19,4,v_479,0,0.0,1.6094379124341005,5
CKT_0067,T2,0,20,4,v_479,0,0.0,1.6094379124341005,5
CKT_0067,T2,0,21,4,v_479,0,0.0,1.6094379124341005,5
CKT_0067,T2,0,22,4,v_479,0,0.0,1.6094379124341005,5
CKT_0067,T2,0,23,4,v_479,0,0.0,1.6094379124341005,5
CKT_0067,T2,1,0,4,v_479,4,230027143807.156,2.763102111592855e-28,5
CKT_0067,T2,1,1,4,v_479,4,230027143807.156,2.763102111592855e-28,5
CKT_0067,T2,1,2,4,v_479,4,230027143807.156,2.763102111592855e-28,5
CKT_0067,T2,1,3,4,v_479,4,230027143807.156,2.763102111592855e-28,5
CKT_0067,T2,1,4,4,v_479,4,230027143807.156,2.763102111592855e-28,5
CKT_0067,T2,1,5,4,v_479,4,230027143807.156,2.763102111592855e-28,5
CKT_0067,T2,1,6,4,v_479,4,230027143807.156,2.763102111592855e-28,5
CKT_0067,T2,1,7,4,v_479,4,230027143807.156,2.763102111592855e-28,5
CKT_0067,T2,1,8,4,v_479,4,230027143807.156,2.763102111592855e-28,5
CKT_0067,T2,1,9,4,v_479,4,230027143807.156,2.763102111592855e-28,5
CKT_0067,T2,1,10,4,v_479,4,466690475583.1214,2.763102111592855e-28,5
CKT_0067,T2,1,11,4,v_479,4,466690475583.1214,2.763102111592855e-28,5
CKT_0067,T2,1,12,4,v_479,4,466690475583.1214,2.763102111592855e-28,5
CKT_0067,T2,1,13,4,v_479,4,466690475583.1214,2.763102111592855e-28,5
CKT_0067,T2,1,14,4,v_479,4,466690475583.1214,2.763102111592855e-28,5
CKT_0067,T2,1,15,4,v_479,4,466690475583.1214,2.763102111592855e-28,5
CKT_0067,T2,1,16,4,v_479,0,0.0,1.6094379124341005,5
CKT_0067,T2,1,17,4,v_479,0,0.0,1.6094379124341005,5
CKT_0067,T2,1,18,4,v_479,0,0.0,1.6094379124341005,5
CKT_0067,T2,1,19,4,v_479,0,0.0,1.6094379124341005,5
CKT_0067,T2,1,20,4,v_479,0,0.0,1.6094379124341005,5
CKT_0067,T2,1,21,4,v_479,0,0.0,1.6094379124341005,5
CKT_0067,T2,1,22,4,v_479,0,0.0,1.6094379124341005,5
CKT_0067,T2,1,23,4,v_479,0,0.0,1.6094379124341005,5
CKT_0067,T2,2,0,4,v_479,0,0.0,1.6094379124341005,5
CKT_0067,T2,2,1,4,v_479,0,0.0,1.6094379124341005,5
CKT_0067,T2,2,2,4,v_479,0,0.0,1.6094379124341005,5
CKT_0067,T2,2,3,4,v_479,0,0.0,1.6094379124341005,5
CKT_0067,T2,2,4,4,v_479,0,0.0,1.6094379124341005,5
CKT_0067,T2,2,5,4,v_479,0,0.0,1.6094379124341005,5
CKT_0067,T2,2,6,4,v_479,0,0.0,1.6094379124341005,5
CKT_0067,T2,2,7,4,v_479,0,0.0,1.6094379124341005,5
CKT_0067,T2,2,8,4,v_479,0,0.0,1.6094379124341005,5
CKT_0067,T2,2,9,4,v_479,0,0.0,1.6094379124341005,5
CKT_0067,T2,2,10,4,v_479,0,0.0,1.6094379124341005,5
CKT_0067,T2,2,11,4,v_479,0,0.0,1.6094379124341005,5
CKT_0067,T2,2,12,4,v_479,0,0.0,1.6094379124341005,5
CKT_0067,T2,2,13,4,v_479,0,0.0,1.6094379124341005,5
CKT_0067,T2,2,14,4,v_479,0,0.0,1.6094379124341005,5
CKT_0067,T2,2,15,4,v_479,0,0.0,1.6094379124341005,5
CKT_0067,T2,2,16,4,v_479,0,0.0,1.6094379124341005,5
CKT_0067,T2,2,17,4,v_479,0,0.0,1.6094379124341005,5
CKT_0067,T2,2,18,4,v_479,0,0.0,1.6094379124341005,5
CKT_0067,T2,2,19,4,v_479,0,0.0,1.6094379124341005,5
CKT_0067,T2,2,20,4,v_479,0,0.0,1.6094379124341005,5
CKT_0067,T2,2,21,4,v_479,0,0.0,1.6094379124341005,5
CKT_0067,T2,2,22,4,v_479,0,0.0,1.6094379124341005,5
CKT_0067,T2,2,23,4,v_479,0,0.0,1.6094379124341005,5
CKT_0067,T2,3,0,4,v_479,4,466690475583.1214,2.763102111592855e-28,5
CKT_0067,T2,3,1,4,v_479,0,0.0,1.6094379124341005,5
CKT_0067,T2,3,2,4,v_479,0,0.0,1.6094379124341005,5
CKT_0067,T2,3,3,4,v_479,0,0.0,1.6094379124341005,5
CKT_0067,T2,3,4,4,v_479,0,0.0,1.6094379124341005,5
CKT_0067,T2,3,5,4,v_479,0,0.0,1.6094379124341005,5
CKT_0067,T2,3,6,4,v_479,0,0.0,1.6094379124341005,5
CKT_0067,T2,3,7,4,v_479,0,0.0,1.6094379124341005,5
CKT_0067,T2,3,8,4,v_479,0,0.0,1.6094379124341005,5
CKT_0067,T2,3,9,4,v_479,0,0.0,1.6094379124341005,5
CKT_0067,T2,3,10,4,v_479,0,0.0,1.6094379124341005,5
CKT_0067,T2,3,11,4,v_479,0,0.0,1.6094379124341005,5
CKT_0067,T2,3,12,4,v_479,0,0.0,1.6094379124341005,5
CKT_0067,T2,3,13,4,v_479,0,0.0,1.6094379124341005,5
CKT_0067,T2,3,14,4,v_479,0,0.0,1.6094379124341005,5
CKT_0067,T2,3,15,4,v_479,0,0.0,1.6094379124341005,5
CKT_0067,T2,3,16,4,v_479,0,0.0,1.6094379124341005,5
CKT_0067,T2,3,17,4,v_479,0,0.0,1.6094379124341005,5
CKT_0067,T2,3,18,4,v_479,0,0.0,1.6094379124341005,5
CKT_0067,T2,3,19,4,v_479,0,0.0,1.6094379124341005,5
CKT_0067,T2,3,20,4,v_479,0,0.0,1.6094379124341005,5
CKT_0067,T2,3,21,4,v_479,0,0.0,1.6094379124341005,5
CKT_0067,T2,3,22,4,v_479,0,0.0,1.6094379124341005,5
CKT_0067,T2,3,23,4,v_479,0,0.0,1.6094379124341005,5
CKT_0067,T2,0,0,5,skip,5,721248916810.2786,3.453877639491069e-28,6
CKT_0067,T2,0,1,5,skip,5,721248916810.2786,3.453877639491069e-28,6
CKT_0067,T2,0,2,5,skip,0,0.0,1.7917594692280547,6
CKT_0067,T2,0,3,5,skip,0,0.0,1.7917594692280547,6
CKT_0067,T2,0,4,5,skip,0,0.0,1.7917594692280547,6
CKT_0067,T2,0,5,5,skip,0,0.0,1.7917594692280547,6
CKT_0067,T2,0,6,5,skip,0,0.0,1.7917594692280547,6
CKT_0067,T2,0,7,5,skip,0,0.0,1.7917594692280547,6
CKT_0067,T2,0,8,5,skip,0,0.0,1.7917594692280547,6
CKT_0067,T2,0,9,5,skip,0,0.0,1.7917594692280547,6
CKT_0067,T2,0,10,5,skip,0,0.0,1.7917594692280547,6
CKT_0067,T2,0,11,5,skip,0,0.0,1.7917594692280547,6
CKT_0067,T2,0,12,5,skip,0,0.0,1.7917594692280547,6
CKT_0067,T2,0,13,5,skip,0,0.0,1.7917594692280547,6
CKT_0067,T2,0,14,5,skip,0,0.0,1.7917594692280547,6
CKT_0067,T2,0,15,5,skip,0,0.0,1.7917594692280547,6
CKT_0067,T2,0,16,5,skip,0,0.0,1.7917594692280547,6
CKT_0067,T2,0,17,5,skip,0,0.0,1.7917594692280547,6
CKT_0067,T2,0,18,5,skip,0,0.0,1.7917594692280547,6
CKT_0067,T2,0,19,5,skip,0,0.0,1.7917594692280547,6
CKT_0067,T2,0,20,5,skip,0,0.0,1.7917594692280547,6
CKT_0067,T2,0,21,5,skip,0,0.0,1.7917594692280547,6
CKT_0067,T2,0,22,5,skip,0,0.0,1.7917594692280547,6
CKT_0067,T2,0,23,5,skip,0,0.0,1.7917594692280547,6
CKT_0067,T2,1,0,5,skip,4,343164228797.0036,3.453877639491069e-28,6
CKT_0067,T2,1,1,5,skip,4,343164228797.0036,3.453877639491069e-28,6
CKT_0067,T2,1,2,5,skip,4,343164228797.0036,3.453877639491069e-28,6
CKT_0067,T2,1,3,5,skip,4,343164228797.0036,3.453877639491069e-28,6
CKT_0067,T2,1,4,5,skip,4,343164228797.0036,3.453877639491069e-28,6
CKT_0067,T2,1,5,5,skip,4,343164228797.0036,3.453877639491069e-28,6
CKT_0067,T2,1,6,5,skip,4,343164228797.0036,3.453877639491069e-28,6
CKT_0067,T2,1,7,5,skip,4,343164228797.0036,3.453877639491069e-28,6
CKT_0067,T2,1,8,5,skip,4,343164228797.0036,3.453877639491069e-28,6
CKT_0067,T2,1,9,5,skip,4,343164228797.0036,3.453877639491069e-28,6
CKT_0067,T2,1,10,5,skip,5,721248916810.2786,3.453877639491069e-28,6
CKT_0067,T2,1,11,5,skip,5,721248916810.2786,3.453877639491069e-28,6
CKT_0067,T2,1,12,5,skip,5,721248916810.2786,3.453877639491069e-28,6
CKT_0067,T2,1,13,5,skip,5,721248916810.2786,3.453877639491069e-28,6
CKT_0067,T2,1,14,5,skip,5,721248916810.2786,3.453877639491069e-28,6
CKT_0067,T2,1,15,5,skip,5,721248916810.2786,3.453877639491069e-28,6
CKT_0067,T2,1,16,5,skip,0,0.0,1.7917594692280547,6
CKT_0067,T2,1,17,5,skip,0,0.0,1.7917594692280547,6
CKT_0067,T2,1,18,5,skip,0,0.0,1.7917594692280547,6
CKT_0067,T2,1,19,5,skip,0,0.0,1.7917594692280547,6
CKT_0067,T2,1,20,5,skip,0,0.0,1.7917594692280547,6
CKT_0067,T2,1,21,5,skip,0,0.0,1.7917594692280547,6
CKT_0067,T2,1,22,5,skip,0,0.0,1.7917594692280547,6
CKT_0067,T2,1,23,5,skip,0,0.0,1.7917594692280547,6
CKT_0067,T2,2,0,5,skip,0,0.0,1.7917594692280547,6
CKT_0067,T2,2,1,5,skip,0,0.0,1.7917594692280547,6
CKT_0067,T2,2,2,5,skip,0,0.0,1.7917594692280547,6
CKT_0067,T2,2,3,5,skip,0,0.0,1.7917594692280547,6
CKT_0067,T2,2,4,5,skip,0,0.0,1.7917594692280547,6
CKT_0067,T2,2,5,5,skip,0,0.0,1.7917594692280547,6
CKT_0067,T2,2,6,5,skip,0,0.0,1.7917594692280547,6
CKT_0067,T2,2,7,5,skip,0,0.0,1.7917594692280547,6
CKT_0067,T2,2,8,5,skip,0,0.0,1.7917594692280547,6
CKT_0067,T2,2,9,5,skip,0,0.0,1.7917594692280547,6
CKT_0067,T2,2,10,5,skip,0,0.0,1.7917594692280547,6
CKT_0067,T2,2,11,5,skip,0,0.0,1.7917594692280547,6
CKT_0067,T2,2,12,5,skip,0,0.0,1.7917594692280547,6
CKT_0067,T2,2,13,5,skip,0,0.0,1.7917594692280547,6
CKT_0067,T2,2,14,5,skip,0,0.0,1.7917594692280547,6
CKT_0067,T2,2,15,5,skip,0,0.0,1.7917594692280547,6
CKT_0067,T2,2,16,5,skip,0,0.0,1.7917594692280547,6
CKT_0067,T2,2,17,5,skip,0,0.0,1.7917594692280547,6
CKT_0067,T2,2,18,5,skip,0,0.0,1.7917594692280547,6
CKT_0067,T2,2,19,5,skip,0,0.0,1.7917594692280547,6
CKT_0067,T2,2,20,5,skip,0,0.0,1.7917594692280547,6
CKT_0067,T2,2,21,5,skip,0,0.0,1.7917594692280547,6
CKT_0067,T2,2,22,5,skip,0,0.0,1.7917594692280547,6
CKT_0067,T2,2,23,5,skip,0,0.0,1.7917594692280547,6
CKT_0067,T2,3,0,5,skip,5,721248916810.2786,3.453877639491069e-28,6
CKT_0067,T2,3,1,5,skip,0,0.0,1.7917594692280547,6
CKT_0067,T2,3,2,5,skip,0,0.0,1.7917594692280547,6
CKT_0067,T2,3,3,5,skip,0,0.0,1.7917594692280547,6
CKT_0067,T2,3,4,5,skip,0,0.0,1.7917594692280547,6
CKT_0067,T2,3,5,5,skip,0,0.0,1.7917594692280547,6
CKT_0067,T2,3,6,5,skip,0,0.0,1.7917594692280547,6
CKT_0067,T2,3,7,5,skip,0,0.0,1.7917594692280547,6
CKT_0067,T2,3,8,5,skip,0,0.0,1.7917594692280547,6
CKT_0067,T2,3,9,5,skip,0,0.0,1.7917594692280547,6
CKT_0067,T2,3,10,5,skip,0,0.0,1.7917594692280547,6
CKT_0067,T2,3,11,5,skip,0,0.0,1.7917594692280547,6
CKT_0067,T2,3,12,5,skip,0,0.0,1.7917594692280547,6
CKT_0067,T2,3,13,5,skip,0,0.0,1.7917594692280547,6
CKT_0067,T2,3,14,5,skip,0,0.0,1.7917594692280547,6
CKT_0067,T2,3,15,5,skip,0,0.0,1.7917594692280547,6
CKT_0067,T2,3,16,5,skip,0,0.0,1.7917594692280547,6
CKT_0067,T2,3,17,5,skip,0,0.0,1.7917594692280547,6
CKT_0067,T2,3,18,5,skip,0,0.0,1.7917594692280547,6
CKT_0067,T2,3,19,5,skip,0,0.0,1.7917594692280547,6
CKT_0067,T2,3,20,5,skip,0,0.0,1.7917594692280547,6
CKT_0067,T2,3,21,5,skip,0,0.0,1.7917594692280547,6
CKT_0067,T2,3,22,5,skip,0,0.0,1.7917594692280547,6
CKT_0067,T2,3,23,5,skip,0,0.0,1.7917594692280547,6
CKT_0067,T2,0,0,6,v_479,6,1032375900532.3595,4.1446531673892825e-28,7
CKT_0067,T2,0,1,6,v_479,6,1032375900532.3595,4.1446531673892825e-28,7
CKT_0067,T2,0,2,6,v_479,0,0.0,1.945910149055313,7
CKT_0067,T2,0,3,6,v_479,0,0.0,1.945910149055313,7
CKT_0067,T2,0,4,6,v_479,0,0.0,1.945910149055313,7
CKT_0067,T2,0,5,6,v_479,0,0.0,1.945910149055313,7
CKT_0067,T2,0,6,6,v_479,0,0.0,1.945910149055313,7
CKT_0067,T2,0,7,6,v_479,0,0.0,1.945910149055313,7
CKT_0067,T2,0,8,6,v_479,0,0.0,1.945910149055313,7
CKT_0067,T2,0,9,6,v_479,0,0.0,1.945910149055313,7
CKT_0067,T2,0,10,6,v_479,0,0.0,1.945910149055313,7
CKT_0067,T2,0,11,6,v_479,0,0.0,1.945910149055313,7
CKT_0067,T2,0,12,6,v_479,0,0.0,1.945910149055313,7
CKT_0067,T2,0,13,6,v_479,0,0.0,1.945910149055313,7
CKT_0067,T2,0,14,6,v_479,0,0.0,1.945910149055313,7
CKT_0067,T2,0,15,6,v_479,0,0.0,1.945910149055313,7
CKT_0067,T2,0,16,6,v_479,0,0.0,1.945910149055313,7
CKT_0067,T2,0,17,6,v_479,0,0.0,1.945910149055313,7
CKT_0067,T2,0,18,6,v_479,0,0.0,1.945910149055313,7
CKT_0067,T2,0,19,6,v_479,0,0.0,1.945910149055313,7
CKT_0067,T2,0,20,6,v_479,0,0.0,1.945910149055313,7
CKT_0067,T2,0,21,6,v_479,0,0.0,1.945910149055313,7
CKT_0067,T2,0,22,6,v_479,0,0.0,1.945910149055313,7
CKT_0067,T2,0,23,6,v_479,0,0.0,1.945910149055313,7
CKT_0067,T2,1,0,6,v_479,6,513197440240.7015,4.1446531673892825e-28,7
CKT_0067,T2,1,1,6,v_479,6,513197440240.7015,4.1446531673892825e-28,7
CKT_0067,T2,1,2,6,v_479,6,513197440240.7015,4.1446531673892825e-28,7
CKT_0067,T2,1,3,6,v_479,6,513197440240.7015,4.1446531673892825e-28,7
CKT_0067,T2,1,4,6,v_479,6,513197440240.7015,4.1446531673892825e-28,7
CKT_0067,T2,1,5,6,v_479,6,513197440240.7015,4.1446531673892825e-28,7
CKT_0067,T2,1,6,6,v_479,6,513197440240.7015,4.1446531673892825e-28,7
CKT_0067,T2,1,7,6,v_479,6,513197440240.7015,4.1446531673892825e-28,7
CKT_0067,T2,1,8,6,v_479,6,513197440240.7015,4.1446531673892825e-28,7
CKT_0067,T2,1,9,6,v_479,6,513197440240.7015,4.1446531673892825e-28,7
CKT_0067,T2,1,10,6,v_479,6,1032375900532.3595,4.1446531673892825e-28,7
CKT_0067,T2,1,11,6,v_479,6,1032375900532.3595,4.1446531673892825e-28,7
CKT_0067,T2,1,12,6,v_479,6,1032375900532.3595,4.1446531673892825e-28,7
CKT_0067,T2,1,13,6,v_479,6,1032375900532.3595,4.1446531673892825e-28,7
CKT_0067,T2,1,14,6,v_479,6,1032375900532.3595,4.1446531673892825e-28,7
CKT_0067,T2,1,15,6,v_479,6,1032375900532.3595,4.1446531673892825e-28,7
CKT_0067,T2,1,16,6,v_479,0,0.0,1.945910149055313,7
CKT_0067,T2,1,17,6,v_479,0,0.0,1.945910149055313,7
CKT_0067,T2,1,18,6,v_479,0,0.0,1.945910149055313,7
CKT_0067,T2,1,19,6,v_479,0,0.0,1.945910149055313,7
CKT_0067,T2,1,20,6,v_479,0,0.0,1.945910149055313,7
CKT_0067,T2,1,21,6,v_479,0,0.0,1.945910149055313,7
CKT_0067,T2,1,22,6,v_479,0,0.0,1.945910149055313,7
CKT_0067,T2,1,23,6,v_479,0,0.0,1.945910149055313,7
CKT_0067,T2,2,0,6,v_479,0,0.0,1.945910149055313,7
CKT_0067,T2,2,1,6,v_479,0,0.0,1.945910149055313,7
CKT_0067,T2,2,2,6,v_479,0,0.0,1.945910149055313,7
CKT_0067,T2,2,3,6,v_479,0,0.0,1.945910149055313,7
CKT_0067,T2,2,4,6,v_479,0,0.0,1.945910149055313,7
CKT_0067,T2,2,5,6,v_479,0,0.0,1.945910149055313,7
CKT_0067,T2,2,6,6,v_479,0,0.0,1.945910149055313,7
CKT_0067,T2,2,7,6,v_479,0,0.0,1.945910149055313,7
CKT_0067,T2,2,8,6,v_479,0,0.0,1.945910149055313,7
CKT_0067,T2,2,9,6,v_479,0,0.0,1.945910149055313,7
CKT_0067,T2,2,10,6,v_479,0,0.0,1.945910149055313,7
CKT_0067,T2,2,11,6,v_479,0,0.0,1.945910149055313,7
CKT_0067,T2,2,12,6,v_479,0,0.0,1.945910149055313,7
CKT_0067,T2,2,13,6,v_479,0,0.0,1.945910149055313,7
CKT_0067,T2,2,14,6,v_479,0,0.0,1.945910149055313,7
CKT_0067,T2,2,15,6,v_479,0,0.0,1.945910149055313,7
CKT_0067,T2,2,16,6,v_479,0,0.0,1.945910149055313,7
CKT_0067,T2,2,17,6,v_479,0,0.0,1.945910149055313,7
CKT_0067,T2,2,18,6,v_479,0,0.0,1.945910149055313,7
CKT_0067,T2,2,19,6,v_479,0,0.0,1.945910149055313,7
CKT_0067,T2,2,20,6,v_479,0,0.0,1.945910149055313,7
CKT_0067,T2,2,21,6,v_479,0,0.0,1.945910149055313,7
CKT_0067,T2,2,22,6,v_479,0,0.0,1.945910149055313,7
CKT_0067,T2,2,23,6,v_479,0,0.0,1.945910149055313,7
CKT_0067,T2,3,0,6,v_479,6,1032375900532.3595,4.1446531673892825e-28,7
CKT_0067,T2,3,1,6,v_479,0,0.0,1.945910149055313,7
CKT_0067,T2,3,2,6,v_479,0,0.0,1.945910149055313,7
CKT_0067,T2,3,3,6,v_479,0,0.0,1.945910149055313,7
CKT_0067,T2,3,4,6,v_479,0,0.0,1.945910149055313,7
CKT_0067,T2,3,5,6,v_479,0,0.0,1.945910149055313,7
CKT_0067,T2,3,6,6,v_479,0,0.0,1.945910149055313,7
CKT_0067,T2,3,7,6,v_479,0,0.0,1.945910149055313,7
CKT_0067,T2,3,8,6,v_479,0,0.0,1.945910149055313,7
CKT_0067,T2,3,9,6,v_479,0,0.0,1.945910149055313,7
CKT_0067,T2,3,10,6,v_479,0,0.0,1.945910149055313,7
CKT_0067,T2,3,11,6,v_479,0,0.0,1.945910149055313,7
CKT_0067,T2,3,12,6,v_479,0,0.0,1.945910149055313,7
CKT_0067,T2,3,13,6,v_479,0,0.0,1.945910149055313,7
CKT_0067,T2,3,14,6,v_479,0,0.0,1.945910149055313,7
CKT_0067,T2,3,15,6,v_479,0,0.0,1.945910149055313,7
CKT_0067,T2,3,16,6,v_479,0,0.0,1.945910149055313,7
CKT_0067,T2,3,17,6,v_479,0,0.0,1.945910149055313,7
CKT_0067,T2,3,18,6,v_479,0,0.0,1.945910149055313,7
CKT_0067,T2,3,19,6,v_479,0,0.0,1.945910149055313,7
CKT_0067,T2,3,20,6,v_479,0,0.0,1.945910149055313,7
CKT_0067,T2,3,21,6,v_479,0,0.0,1.945910149055313,7
CKT_0067,T2,3,22,6,v_479,0,0.0,1.945910149055313,7
CKT_0067,T2,3,23,6,v_479,0,0.0,1.945910149055313,7
CKT_0067,T2,0,0,7,skip,7,1400071426749.364,4.835428695287497e-28,8
CKT_0067,T2,0,1,7,skip,7,1400071426749.364,4.835428695287497e-28,8
CKT_0067,T2,0,2,7,skip,0,0.0,2.0794415416798357,8
CKT_0067,T2,0,3,7,skip,0,0.0,2.0794415416798357,8
CKT_0067,T2,0,4,7,skip,0,0.0,2.0794415416798357,8
CKT_0067,T2,0,5,7,skip,0,0.0,2.0794415416798357,8
CKT_0067,T2,0,6,7,skip,0,0.0,2.0794415416798357,8
CKT_0067,T2,0,7,7,skip,0,0.0,2.0794415416798357,8
CKT_0067,T2,0,8,7,skip,0,0.0,2.0794415416798357,8
CKT_0067,T2,0,9,7,skip,0,0.0,2.0794415416798357,8
CKT_0067,T2,0,10,7,skip,0,0.0,2.0794415416798357,8
CKT_0067,T2,0,11,7,skip,0,0.0,2.0794415416798357,8
CKT_0067,T2,0,12,7,skip,0,0.0,2.0794415416798357,8
CKT_0067,T2,0,13,7,skip,0,0.0,2.0794415416798357,8
CKT_0067,T2,0,14,7,skip,0,0.0,2.0794415416798357,8
CKT_0067,T2,0,15,7,skip,0,0.0,2.0794415416798357,8
CKT_0067,T2,0,16,7,skip,0,0.0,2.0794415416798357,8
CKT_0067,T2,0,17,7,skip,0,0.0,2.0794415416798357,8
CKT_0067,T2,0,18,7,skip,0,0.0,2.0794415416798357,8
CKT_0067,T2,0,19,7,skip,0,0.0,2.0794415416798357,8
CKT_0067,T2,0,20,7,skip,0,0.0,2.0794415416798357,8
CKT_0067,T2,0,21,7,skip,0,0.0,2.0794415416798357,8
CKT_0067,T2,0,22,7,skip,0,0.0,2.0794415416798357,8
CKT_0067,T2,0,23,7,skip,0,0.0,2.0794415416798357,8
CKT_0067,T2,1,0,7,skip,6,682903067725.4729,4.835428695287497e-28,8
CKT_0067,T2,1,1,7,skip,6,682903067725.4729,4.835428695287497e-28,8
CKT_0067,T2,1,2,7,skip,6,682903067725.4729,4.835428695287497e-28,8
CKT_0067,T2,1,3,7,skip,6,682903067725.4729,4.835428695287497e-28,8
CKT_0067,T2,1,4,7,skip,6,682903067725.4729,4.835428695287497e-28,8
CKT_0067,T2,1,5,7,skip,6,682903067725.4729,4.835428695287497e-28,8
CKT_0067,T2,1,6,7,skip,6,682903067725.4729,4.835428695287497e-28,8
CKT_0067,T2,1,7,7,skip,6,682903067725.4729,4.835428695287497e-28,8
CKT_0067,T2,1,8,7,skip,6,682903067725.4729,4.835428695287497e-28,8
CKT_0067,T2,1,9,7,skip,6,682903067725.4729,4.835428695287497e-28,8
CKT_0067,T2,1,10,7,skip,7,1400071426749.364,4.835428695287497e-28,8
CKT_0067,T2,1,11,7,skip,7,1400071426749.364,4.835428695287497e-28,8
CKT_0067,T2,1,12,7,skip,7,1400071426749.364,4.835428695287497e-28,8
CKT_0067,T2,1,13,7,skip,7,1400071426749.364,4.835428695287497e-28,8
CKT_0067,T2,1,14,7,skip,7,1400071426749.364,4.835428695287497e-28,8
CKT_0067,T2,1,15,7,skip,7,1400071426749.364,4.835428695287497e-28,8
CKT_0067,T2,1,16,7,skip,0,0.0,2.0794415416798357,8
CKT_0067,T2,1,17,7,skip,0,0.0,2.0794415416798357,8
CKT_0067,T2,1,18,7,skip,0,0.0,2.0794415416798357,8
CKT_0067,T2,1,19,7,skip,0,0.0,2.0794415416798357,8
CKT_0067,T2,1,20,7,skip,0,0.0,2.0794415416798357,8
CKT_0067,T2,1,21,7,skip,0,0.0,2.0794415416798357,8
CKT_0067,T2,1,22,7,skip,0,0.0,2.0794415416798357,8
CKT_0067,T2,1,23,7,skip,0,0.0,2.0794415416798357,8
CKT_0067,T2,2,0,7,skip,0,0.0,2.0794415416798357,8
CKT_0067,T2,2,1,7,skip,0,0.0,2.0794415416798357,8
CKT_0067,T2,2,2,7,skip,0,0.0,2.0794415416798357,8
CKT_0067,T2,2,3,7,skip,0,0.0,2.0794415416798357,8
CKT_0067,T2,2,4,7,skip,0,0.0,2.0794415416798357,8
CKT_0067,T2,2,5,7,skip,0,0.0,2.0794415416798357,8
CKT_0067,T2,2,6,7,skip,0,0.0,2.0794415416798357,8
CKT_0067,T2,2,7,7,skip,0,0.0,2.0794415416798357,8
CKT_0067,T2,2,8,7,skip,0,0.0,2.0794415416798357,8
CKT_0067,T2,2,9,7,skip,0,0.0,2.0794415416798357,8
CKT_0067,T2,2,10,7,skip,0,0.0,2.0794415416798357,8
CKT_0067,T2,2,11,7,skip,0,0.0,2.0794415416798357,8
CKT_0067,T2,2,12,7,skip,0,0.0,2.0794415416798357,8
CKT_0067,T2,2,13,7,skip,0,0.0,2.0794415416798357,8
CKT_0067,T2,2,14,7,skip,0,0.0,2.0794415416798357,8
CKT_0067,T2,2,15,7,skip,0,0.0,2.0794415416798357,8
CKT_0067,T2,2,16,7,skip,0,0.0,2.0794415416798357,8
CKT_0067,T2,2,17,7,skip,0,0.0,2.0794415416798357,8
CKT_0067,T2,2,18,7,skip,0,0.0,2.0794415416798357,8
CKT_0067,T2,2,19,7,skip,0,0.0,2.0794415416798357,8
CKT_0067,T2,2,20,7,skip,0,0.0,2.0794415416798357,8
CKT_0067,T2,2,21,7,skip,0,0.0,2.0794415416798357,8
CKT_0067,T2,2,22,7,skip,0,0.0,2.0794415416798357,8
CKT_0067,T2,2,23,7,skip,0,0.0,2.0794415416798357,8
CKT_0067,T2,3,0,7,skip,7,1400071426749.364,4.835428695287497e-28,8
CKT_0067,T2,3,1,7,skip,0,0.0,2.0794415416798357,8
CKT_0067,T2,3,2,7,skip,0,0.0,2.0794415416798357,8
CKT_0067,T2,3,3,7,skip,0,0.0,2.0794415416798357,8
CKT_0067,T2,3,4,7,skip,0,0.0,2.0794415416798357,8
CKT_0067,T2,3,5,7,skip,0,0.0,2.0794415416798357,8
CKT_0067,T2,3,6,7,skip,0,0.0,2.0794415416798357,8
CKT_0067,T2,3,7,7,skip,0,0.0,2.0794415416798357,8
CKT_0067,T2,3,8,7,skip,0,0.0,2.0794415416798357,8
CKT_0067,T2,3,9,7,skip,0,0.0,2.0794415416798357,8
CKT_0067,T2,3,10,7,skip,0,0.0,2.0794415416798357,8
CKT_0067,T2,3,11,7,skip,0,0.0,2.0794415416798357,8
CKT_0067,T2,3,12,7,skip,0,0.0,2.0794415416798357,8
CKT_0067,T2,3,13,7,skip,0,0.0,2.0794415416798357,8
CKT_0067,T2,3,14,7,skip,0,0.0,2.0794415416798357,8
CKT_0067,T2,3,15,7,skip,0,0.0,2.0794415416798357,8
CKT_0067,T2,3,16,7,skip,0,0.0,2.0794415416798357,8
CKT_0067,T2,3,17,7,skip,0,0.0,2.0794415416798357,8
CKT_0067,T2,3,18,7,skip,0,0.0,2.0794415416798357,8
CKT_0067,T2,3,19,7,skip,0,0.0,2.0794415416798357,8
CKT_0067,T2,3,20,7,skip,0,0.0,2.0794415416798357,8
CKT_0067,T2,3,21,7,skip,0,0.0,2.0794415416798357,8
CKT_0067,T2,3,22,7,skip,0,0.0,2.0794415416798357,8
CKT_0067,T2,3,23,7,skip,0,0.0,2.0794415416798357,8
CKT_0067,T2,0,0,8,v_0,8,1824335495461.2927,5.52620422318571e-28,9
CKT_0067,T2,0,1,8,v_0,8,1824335495461.2927,5.52620422318571e-28,9
CKT_0067,T2,0,2,8,v_0,0,0.0,2.1972245773362196,9
CKT_0067,T2,0,3,8,v_0,0,0.0,2.1972245773362196,9
CKT_0067,T2,0,4,8,v_0,0,0.0,2.1972245773362196,9
CKT_0067,T2,0,5,8,v_0,0,0.0,2.1972245773362196,9
CKT_0067,T2,0,6,8,v_0,0,0.0,2.1972245773362196,9
CKT_0067,T2,0,7,8,v_0,0,0.0,2.1972245773362196,9
CKT_0067,T2,0,8,8,v_0,0,0.0,2.1972245773362196,9
CKT_0067,T2,0,9,8,v_0,0,0.0,2.1972245773362196,9
CKT_0067,T2,0,10,8,v_0,0,0.0,2.1972245773362196,9
CKT_0067,T2,0,11,8,v_0,0,0.0,2.1972245773362196,9
CKT_0067,T2,0,12,8,v_0,0,0.0,2.1972245773362196,9
CKT_0067,T2,0,13,8,v_0,0,0.0,2.1972245773362196,9
CKT_0067,T2,0,14,8,v_0,0,0.0,2.1972245773362196,9
CKT_0067,T2,0,15,8,v_0,0,0.0,2.1972245773362196,9
CKT_0067,T2,0,16,8,v_0,0,0.0,2.1972245773362196,9
CKT_0067,T2,0,17,8,v_0,0,0.0,2.1972245773362196,9
CKT_0067,T2,0,18,8,v_0,0,0.0,2.1972245773362196,9
CKT_0067,T2,0,19,8,v_0,0,0.0,2.1972245773362196,9
CKT_0067,T2,0,20,8,v_0,0,0.0,2.1972245773362196,9
CKT_0067,T2,0,21,8,v_0,0,0.0,2.1972245773362196,9
CKT_0067,T2,0,22,8,v_0,0,0.0,2.1972245773362196,9
CKT_0067,T2,0,23,8,v_0,0,0.0,2.1972245773362196,9
CKT_0067,T2,1,0,8,v_0,8,909374961159.2474,5.52620422318571e-28,9
CKT_0067,T2,1,1,8,v_0,8,909374961159.2474,5.52620422318571e-28,9
CKT_0067,T2,1,2,8,v_0,8,909374961159.2474,5.52620422318571e-28,9
CKT_0067,T2,1,3,8,v_0,8,909374961159.2474,5.52620422318571e-28,9
CKT_0067,T2,1,4,8,v_0,8,909374961159.2474,5.52620422318571e-28,9
CKT_0067,T2,1,5,8,v_0,8,909374961159.2474,5.52620422318571e-28,9
CKT_0067,T2,1,6,8,v_0,8,909374961159.2474,5.52620422318571e-28,9
CKT_0067,T2,1,7,8,v_0,8,909374961159.2474,5.52620422318571e-28,9
CKT_0067,T2,1,8,8,v_0,8,909374961159.2474,5.52620422318571e-28,9
CKT_0067,T2,1,9,8,v_0,8,909374961159.2474,5.52620422318571e-28,9
CKT_0067,T2,1,10,8,v_0,8,1824335495461.2927,5.52620422318571e-28,9
CKT_0067,T2,1,11,8,v_0,8,1824335495461.2927,5.52620422318571e-28,9
CKT_0067,T2,1,12,8,v_0,8,1824335495461.2927,5.52620422318571e-28,9
CKT_0067,T2,1,13,8,v_0,8,1824335495461.2927,5.52620422318571e-28,9
CKT_0067,T2,1,14,8,v_0,8,1824335495461.2927,5.52620422318571e-28,9
CKT_0067,T2,1,15,8,v_0,8,1824335495461.2927,5.52620422318571e-28,9
CKT_0067,T2,1,16,8,v_0,0,0.0,2.1972245773362196,9
CKT_0067,T2,1,17,8,v_0,0,0.0,2.1972245773362196,9
CKT_0067,T2,1,18,8,v_0,0,0.0,2.1972245773362196,9
CKT_0067,T2,1,19,8,v_0,0,0.0,2.1972245773362196,9
CKT_0067,T2,1,20,8,v_0,0,0.0,2.1972245773362196,9
CKT_0067,T2,1,21,8,v_0,0,0.0,2.1972245773362196,9
CKT_0067,T2,1,22,8,v_0,0,0.0,2.1972245773362196,9
CKT_0067,T2,1,23,8,v_0,0,0.0,2.1972245773362196,9
CKT_0067,T2,2,0,8,v_0,0,0.0,2.1972245773362196,9
CKT_0067,T2,2,1,8,v_0,0,0.0,2.1972245773362196,9
CKT_0067,T2,2,2,8,v_0,0,0.0,2.1972245773362196,9
CKT_0067,T2,2,3,8,v_0,0,0.0,2.1972245773362196,9
CKT_0067,T2,2,4,8,v_0,0,0.0,2.1972245773362196,9
CKT_0067,T2,2,5,8,v_0,0,0.0,2.1972245773362196,9
CKT_0067,T2,2,6,8,v_0,0,0.0,2.1972245773362196,9
CKT_0067,T2,2,7,8,v_0,0,0.0,2.1972245773362196,9
CKT_0067,T2,2,8,8,v_0,0,0.0,2.1972245773362196,9
CKT_0067,T2,2,9,8,v_0,0,0.0,2.1972245773362196,9
CKT_0067,T2,2,10,8,v_0,0,0.0,2.1972245773362196,9
CKT_0067,T2,2,11,8,v_0,0,0.0,2.1972245773362196,9
CKT_0067,T2,2,12,8,v_0,0,0.0,2.1972245773362196,9
CKT_0067,T2,2,13,8,v_0,0,0.0,2.1972245773362196,9
CKT_0067,T2,2,14,8,v_0,0,0.0,2.1972245773362196,9
CKT_0067,T2,2,15,8,v_0,0,0.0,2.1972245773362196,9
CKT_0067,T2,2,16,8,v_0,0,0.0,2.1972245773362196,9
CKT_0067,T2,2,17,8,v_0,0,0.0,2.1972245773362196,9
CKT_0067,T2,2,18,8,v_0,0,0.0,2.1972245773362196,9
CKT_0067,T2,2,19,8,v_0,0,0.0,2.1972245773362196,9
CKT_0067,T2,2,20,8,v_0,0,0.0,2.1972245773362196,9
CKT_0067,T2,2,21,8,v_0,0,0.0,2.1972245773362196,9
CKT_0067,T2,2,22,8,v_0,0,0.0,2.1972245773362196,9
CKT_0067,T2,2,23,8,v_0,0,0.0,2.1972245773362196,9
CKT_0067,T2,3,0,8,v_0,8,1824335495461.2927,5.52620422318571e-28,9
CKT_0067,T2,3,1,8,v_0,0,0.0,2.1972245773362196,9
CKT_0067,T2,3,2,8,v_0,0,0.0,2.1972245773362196,9
CKT_0067,T2,3,3,8,v_0,0,0.0,2.1972245773362196,9
CKT_0067,T2,3,4,8,v_0,0,0.0,2.1972245773362196,9
CKT_0067,T2,3,5,8,v_0,0,0.0,2.1972245773362196,9
CKT_0067,T2,3,6,8,v_0,0,0.0,2.1972245773362196,9
CKT_0067,T2,3,7,8,v_0,0,0.0,2.1972245773362196,9
CKT_0067,T2,3,8,8,v_0,0,0.0,2.1972245773362196,9
CKT_0067,T2,3,9,8,v_0,0,0.0,2.1972245773362196,9
CKT_0067,T2,3,10,8,v_0,0,0.0,2.1972245773362196,9
CKT_0067,T2,3,11,8,v_0,0,0.0,2.1972245773362196,9
CKT_0067,T2,3,12,8,v_0,0,0.0,2.1972245773362196,9
CKT_0067,T2,3,13,8,v_0,0,0.0,2.1972245773362196,9
CKT_0067,T2,3,14,8,v_0,0,0.0,2.1972245773362196,9
CKT_0067,T2,3,15,8,v_0,0,0.0,2.1972245773362196,9
CKT_0067,T2,3,16,8,v_0,0,0.0,2.1972245773362196,9
CKT_0067,T2,3,17,8,v_0,0,0.0,2.1972245773362196,9
CKT_0067,T2,3,18,8,v_0,0,0.0,2.1972245773362196,9
CKT_0067,T2,3,19,8,v_0,0,0.0,2.1972245773362196,9
CKT_0067,T2,3,20,8,v_0,0,0.0,2.1972245773362196,9
CKT_0067,T2,3,21,8,v_0,0,0.0,2.1972245773362196,9
CKT_0067,T2,3,22,8,v_0,0,0.0,2.1972245773362196,9
CKT_0067,T2,3,23,8,v_0,0,0.0,2.1972245773362196,9
CKT_0067,T2,0,0,9,skip,9,2305168106668.145,6.216979751083924e-28,10
CKT_0067,T2,0,1,9,skip,9,2305168106668.145,6.216979751083924e-28,10
CKT_0067,T2,0,2,9,skip,0,0.0,2.3025850929940455,10
CKT_0067,T2,0,3,9,skip,0,0.0,2.3025850929940455,10
CKT_0067,T2,0,4,9,skip,0,0.0,2.3025850929940455,10
CKT_0067,T2,0,5,9,skip,0,0.0,2.3025850929940455,10
CKT_0067,T2,0,6,9,skip,0,0.0,2.3025850929940455,10
CKT_0067,T2,0,7,9,skip,0,0.0,2.3025850929940455,10
CKT_0067,T2,0,8,9,skip,0,0.0,2.3025850929940455,10
CKT_0067,T2,0,9,9,skip,0,0.0,2.3025850929940455,10
CKT_0067,T2,0,10,9,skip,0,0.0,2.3025850929940455,10
CKT_0067,T2,0,11,9,skip,0,0.0,2.3025850929940455,10
CKT_0067,T2,0,12,9,skip,0,0.0,2.3025850929940455,10
CKT_0067,T2,0,13,9,skip,0,0.0,2.3025850929940455,10
CKT_0067,T2,0,14,9,skip,0,0.0,2.3025850929940455,10
CKT_0067,T2,0,15,9,skip,0,0.0,2.3025850929940455,10
CKT_0067,T2,0,16,9,skip,0,0.0,2.3025850929940455,10
CKT_0067,T2,0,17,9,skip,0,0.0,2.3025850929940455,10
CKT_0067,T2,0,18,9,skip,0,0.0,2.3025850929940455,10
CKT_0067,T2,0,19,9,skip,0,0.0,2.3025850929940455,10
CKT_0067,T2,0,20,9,skip,0,0.0,2.3025850929940455,10
CKT_0067,T2,0,21,9,skip,0,0.0,2.3025850929940455,10
CKT_0067,T2,0,22,9,skip,0,0.0,2.3025850929940455,10
CKT_0067,T2,0,23,9,skip,0,0.0,2.3025850929940455,10
CKT_0067,T2,1,0,9,skip,8,1135649131138.9429,6.216979751083924e-28,10
CKT_0067,T2,1,1,9,skip,8,1135649131138.9429,6.216979751083924e-28,10
CKT_0067,T2,1,2,9,skip,8,1135649131138.9429,6.216979751083924e-28,10
CKT_0067,T2,1,3,9,skip,8,1135649131138.9429,6.216979751083924e-28,10
CKT_0067,T2,1,4,9,skip,8,1135649131138.9429,6.216979751083924e-28,10
CKT_0067,T2,1,5,9,skip,8,1135649131138.9429,6.216979751083924e-28,10
CKT_0067,T2,1,6,9,skip,8,1135649131138.9429,6.216979751083924e-28,10
CKT_0067,T2,1,7,9,skip,8,1135649131138.9429,6.216979751083924e-28,10
CKT_0067,T2,1,8,9,skip,8,1135649131138.9429,6.216979751083924e-28,10
CKT_0067,T2,1,9,9,skip,8,1135649131138.9429,6.216979751083924e-28,10
CKT_0067,T2,1,10,9,skip,9,2305168106668.145,6.216979751083924e-28,10
CKT_0067,T2,1,11,9,skip,9,2305168106668.145,6.216979751083924e-28,10
CKT_0067,T2,1,12,9,skip,9,2305168106668.145,6.216979751083924e-28,10
CKT_0067,T2,1,13,9,skip,9,2305168106668.145,6.216979751083924e-28,10
CKT_0067,T2,1,14,9,skip,9,2305168106668.145,6.216979751083924e-28,10
CKT_0067,T2,1,15,9,skip,9,2305168106668.145,6.216979751083924e-28,10
CKT_0067,T2,1,16,9,skip,0,0.0,2.3025850929940455,10
CKT_0067,T2,1,17,9,skip,0,0.0,2.3025850929940455,10
CKT_0067,T2,1,18,9,skip,0,0.0,2.3025850929940455,10
CKT_0067,T2,1,19,9,skip,0,0.0,2.3025850929940455,10
CKT_0067,T2,1,20,9,skip,0,0.0,2.3025850929940455,10
CKT_0067,T2,1,21,9,skip,0,0.0,2.3025850929940455,10
CKT_0067,T2,1,22,9,skip,0,0.0,2.3025850929940455,10
CKT_0067,T2,1,23,9,skip,0,0.0,2.3025850929940455,10
CKT_0067,T2,2,0,9,skip,0,0.0,2.3025850929940455,10
CKT_0067,T2,2,1,9,skip,0,0.0,2.3025850929940455,10
CKT_0067,T2,2,2,9,skip,0,0.0,2.3025850929940455,10
CKT_0067,T2,2,3,9,skip,0,0.0,2.3025850929940455,10
CKT_0067,T2,2,4,9,skip,0,0.0,2.3025850929940455,10
CKT_0067,T2,2,5,9,skip,0,0.0,2.3025850929940455,10
CKT_0067,T2,2,6,9,skip,0,0.0,2.3025850929940455,10
CKT_0067,T2,2,7,9,skip,0,0.0,2.3025850929940455,10
CKT_0067,T2,2,8,9,skip,0,0.0,2.3025850929940455,10
CKT_0067,T2,2,9,9,skip,0,0.0,2.3025850929940455,10
CKT_0067,T2,2,10,9,skip,0,0.0,2.3025850929940455,10
CKT_0067,T2,2,11,9,skip,0,0.0,2.3025850929940455,10
CKT_0067,T2,2,12,9,skip,0,0.0,2.3025850929940455,10
CKT_0067,T2,2,13,9,skip,0,0.0,2.3025850929940455,10
CKT_0067,T2,2,14,9,skip,0,0.0,2.3025850929940455,10
CKT_0067,T2,2,15,9,skip,0,0.0,2.3025850929940455,10
CKT_0067,T2,2,16,9,skip,0,0.0,2.3025850929940455,10
CKT_0067,T2,2,17,9,skip,0,0.0,2.3025850929940455,10
CKT_0067,T2,2,18,9,skip,0,0.0,2.3025850929940455,10
CKT_0067,T2,2,19,9,skip,0,0.0,2.3025850929940455,10
CKT_0067,T2,2,20,9,skip,0,0.0,2.3025850929940455,10
CKT_0067,T2,2,21,9,skip,0,0.0,2.3025850929940455,10
CKT_0067,T2,2,22,9,skip,0,0.0,2.3025850929940455,10
CKT_0067,T2,2,23,9,skip,0,0.0,2.3025850929940455,10
CKT_0067,T2,3,0,9,skip,9,2305168106668.145,6.216979751083924e-28,10
CKT_0067,T2,3,1,9,skip,0,0.0,2.3025850929940455,10
CKT_0067,T2,3,2,9,skip,0,0.0,2.3025850929940455,10
CKT_0067,T2,3,3,9,skip,0,0.0,2.3025850929940455,10
CKT_0067,T2,3,4,9,skip,0,0.0,2.3025850929940455,10
CKT_0067,T2,3,5,9,skip,0,0.0,2.3025850929940455,10
CKT_0067,T2,3,6,9,skip,0,0.0,2.3025850929940455,10
CKT_0067,T2,3,7,9,skip,0,0.0,2.3025850929940455,10
CKT_0067,T2,3,8,9,skip,0,0.0,2.3025850929940455,10
CKT_0067,T2,3,9,9,skip,0,0.0,2.3025850929940455,10
CKT_0067,T2,3,10,9,skip,0,0.0,2.3025850929940455,10
CKT_0067,T2,3,11,9,skip,0,0.0,2.3025850929940455,10
CKT_0067,T2,3,12,9,skip,0,0.0,2.3025850929940455,10
CKT_0067,T2,3,13,9,skip,0,0.0,2.3025850929940455,10
CKT_0067,T2,3,14,9,skip,0,0.0,2.3025850929940455,10
CKT_0067,T2,3,15,9,skip,0,0.0,2.3025850929940455,10
CKT_0067,T2,3,16,9,skip,0,0.0,2.3025850929940455,10
CKT_0067,T2,3,17,9,skip,0,0.0,2.3025850929940455,10
CKT_0067,T2,3,18,9,skip,0,0.0,2.3025850929940455,10
CKT_0067,T2,3,19,9,skip,0,0.0,2.3025850929940455,10
CKT_0067,T2,3,20,9,skip,0,0.0,2.3025850929940455,10
CKT_0067,T2,3,21,9,skip,0,0.0,2.3025850929940455,10
CKT_0067,T2,3,22,9,skip,0,0.0,2.3025850929940455,10
CKT_0067,T2,3,23,9,skip,0,0.0,2.3025850929940455,10
CKT_0067,T2,0,0,10,v_0,10,2842569260369.9214,6.907755278982137e-28,11
CKT_0067,T2,0,1,10,v_0,10,2842569260369.9214,6.907755278982137e-28,11
CKT_0067,T2,0,2,10,v_0,0,0.0,2.3978952727983707,11
CKT_0067,T2,0,3,10,v_0,0,0.0,2.3978952727983707,11
CKT_0067,T2,0,4,10,v_0,0,0.0,2.3978952727983707,11
CKT_0067,T2,0,5,10,v_0,0,0.0,2.3978952727983707,11
CKT_0067,T2,0,6,10,v_0,0,0.0,2.3978952727983707,11
CKT_0067,T2,0,7,10,v_0,0,0.0,2.3978952727983707,11
CKT_0067,T2,0,8,10,v_0,0,0.0,2.3978952727983707,11
CKT_0067,T2,0,9,10,v_0,0,0.0,2.3978952727983707,11
CKT_0067,T2,0,10,10,v_0,0,0.0,2.3978952727983707,11
CKT_0067,T2,0,11,10,v_0,0,0.0,2.3978952727983707,11
CKT_0067,T2,0,12,10,v_0,0,0.0,2.3978952727983707,11
CKT_0067,T2,0,13,10,v_0,0,0.0,2.3978952727983707,11
CKT_0067,T2,0,14,10,v_0,0,0.0,2.3978952727983707,11
CKT_0067,T2,0,15,10,v_0,0,0.0,2.3978952727983707,11
CKT_0067,T2,0,16,10,v_0,0,0.0,2.3978952727983707,11
CKT_0067,T2,0,17,10,v_0,0,0.0,2.3978952727983707,11
CKT_0067,T2,0,18,10,v_0,0,0.0,2.3978952727983707,11
CKT_0067,T2,0,19,10,v_0,0,0.0,2.3978952727983707,11
CKT_0067,T2,0,20,10,v_0,0,0.0,2.3978952727983707,11
CKT_0067,T2,0,21,10,v_0,0,0.0,2.3978952727983707,11
CKT_0067,T2,0,22,10,v_0,0,0.0,2.3978952727983707,11
CKT_0067,T2,0,23,10,v_0,0,0.0,2.3978952727983707,11
CKT_0067,T2,1,0,10,v_0,10,1418627034839.4243,6.907755278982137e-28,11
CKT_0067,T2,1,1,10,v_0,10,1418627034839.4243,6.907755278982137e-28,11
CKT_0067,T2,1,2,10,v_0,10,1418627034839.4243,6.907755278982137e-28,11
CKT_0067,T2,1,3,10,v_0,10,1418627034839.4243,6.907755278982137e-28,11
CKT_0067,T2,1,4,10,v_0,10,1418627034839.4243,6.907755278982137e-28,11
CKT_0067,T2,1,5,10,v_0,10,1418627034839.4243,6.907755278982137e-28,11
CKT_0067,T2,1,6,10,v_0,10,1418627034839.4243,6.907755278982137e-28,11
CKT_0067,T2,1,7,10,v_0,10,1418627034839.4243,6.907755278982137e-28,11
CKT_0067,T2,1,8,10,v_0,10,1418627034839.4243,6.907755278982137e-28,11
CKT_0067,T2,1,9,10,v_0,10,1418627034839.4243,6.907755278982137e-28,11
CKT_0067,T2,1,10,10,v_0,10,2842569260369.9214,6.907755278982137e-28,11
CKT_0067,T2,1,11,10,v_0,10,2842569260369.9214,6.907755278982137e-28,11
CKT_0067,T2,1,12,10,v_0,10,2842569260369.9214,6.907755278982137e-28,11
CKT_0067,T2,1,13,10,v_0,10,2842569260369.9214,6.907755278982137e-28,11
CKT_0067,T2,1,14,10,v_0,10,2842569260369.9214,6.907755278982137e-28,11
CKT_0067,T2,1,15,10,v_0,10,2842569260369.9214,6.907755278982137e-28,11
CKT_0067,T2,1,16,10,v_0,0,0.0,2.3978952727983707,11
CKT_0067,T2,1,17,10,v_0,0,0.0,2.3978952727983707,11
CKT_0067,T2,1,18,10,v_0,0,0.0,2.3978952727983707,11
CKT_0067,T2,1,19,10,v_0,0,0.0,2.3978952727983707,11
CKT_0067,T2,1,20,10,v_0,0,0.0,2.3978952727983707,11
CKT_0067,T2,1,21,10,v_0,0,0.0,2.3978952727983707,11
CKT_0067,T2,1,22,10,v_0,0,0.0,2.3978952727983707,11
CKT_0067,T2,1,23,10,v_0,0,0.0,2.3978952727983707,11
CKT_0067,T2,2,0,10,v_0,0,0.0,2.3978952727983707,11
CKT_0067,T2,2,1,10,v_0,0,0.0,2.3978952727983707,11
CKT_0067,T2,2,2,10,v_0,0,0.0,2.3978952727983707,11
CKT_0067,T2,2,3,10,v_0,0,0.0,2.3978952727983707,11
CKT_0067,T2,2,4,10,v_0,0,0.0,2.3978952727983707,11
CKT_0067,T2,2,5,10,v_0,0,0.0,2.3978952727983707,11
CKT_0067,T2,2,6,10,v_0,0,0.0,2.3978952727983707,11
CKT_0067,T2,2,7,10,v_0,0,0.0,2.3978952727983707,11
CKT_0067,T2,2,8,10,v_0,0,0.0,2.3978952727983707,11
CKT_0067,T2,2,9,10,v_0,0,0.0,2.3978952727983707,11
CKT_0067,T2,2,10,10,v_0,0,0.0,2.3978952727983707,11
CKT_0067,T2,2,11,10,v_0,0,0.0,2.3978952727983707,11
CKT_0067,T2,2,12,10,v_0,0,0.0,2.3978952727983707,11
CKT_0067,T2,2,13,10,v_0,0,0.0,2.3978952727983707,11
CKT_0067,T2,2,14,10,v_0,0,0.0,2.3978952727983707,11
CKT_0067,T2,2,15,10,v_0,0,0.0,2.3978952727983707,11
CKT_0067,T2,2,16,10,v_0,0,0.0,2.3978952727983707,11
CKT_0067,T2,2,17,10,v_0,0,0.0,2.3978952727983707,11
CKT_0067,T2,2,18,10,v_0,0,0.0,2.3978952727983707,11
CKT_0067,T2,2,19,10,v_0,0,0.0,2.3978952727983707,11
CKT_0067,T2,2,20,10,v_0,0,0.0,2.3978952727983707,11
CKT_0067,T2,2,21,10,v_0,0,0.0,2.3978952727983707,11
CKT_0067,T2,2,22,10,v_0,0,0.0,2.3978952727983707,11
CKT_0067,T2,2,23,10,v_0,0,0.0,2.3978952727983707,11
CKT_0067,T2,3,0,10,v_0,10,2842569260369.9214,6.907755278982137e-28,11
CKT_0067,T2,3,1,10,v_0,0,0.0,2.3978952727983707,11
CKT_0067,T2,3,2,10,v_0,0,0.0,2.3978952727983707,11
CKT_0067,T2,3,3,10,v_0,0,0.0,2.3978952727983707,11
CKT_0067,T2,3,4,10,v_0,0,0.0,2.3978952727983707,11
CKT_0067,T2,3,5,10,v_0,0,0.0,2.3978952727983707,11
CKT_0067,T2,3,6,10,v_0,0,0.0,2.3978952727983707,11
CKT_0067,T2,3,7,10,v_0,0,0.0,2.3978952727983707,11
CKT_0067,T2,3,8,10,v_0,0,0.0,2.3978952727983707,11
CKT_0067,T2,3,9,10,v_0,0,0.0,2.3978952727983707,11
CKT_0067,T2,3,10,10,v_0,0,0.0,2.3978952727983707,11
CKT_0067,T2,3,11,10,v_0,0,0.0,2.3978952727983707,11
CKT_0067,T2,3,12,10,v_0,0,0.0,2.3978952727983707,11
CKT_0067,T2,3,13,10,v_0,0,0.0,2.3978952727983707,11
CKT_0067,T2,3,14,10,v_0,0,0.0,2.3978952727983707,11
CKT_0067,T2,3,15,10,v_0,0,0.0,2.3978952727983707,11
CKT_0067,T2,3,16,10,v_0,0,0.0,2.3978952727983707,11
CKT_0067,T2,3,17,10,v_0,0,0.0,2.3978952727983707,11
CKT_0067,T2,3,18,10,v_0,0,0.0,2.3978952727983707,11
CKT_0067,T2,3,19,10,v_0,0,0.0,2.3978952727983707,11
CKT_0067,T2,3,20,10,v_0,0,0.0,2.3978952727983707,11
CKT_0067,T2,3,21,10,v_0,0,0.0,2.3978952727983707,11
CKT_0067,T2,3,22,10,v_0,0,0.0,2.3978952727983707,11
CKT_0067,T2,3,23,10,v_0,0,0.0,2.3978952727983707,11
CKT_0067,T2,0,0,11,skip,11,3436538956566.621,7.598530806880351e-28,12
CKT_0067,T2,0,1,11,skip,11,3436538956566.621,7.598530806880351e-28,12
CKT_0067,T2,0,2,11,skip,0,0.0,2.484906649788001,12
CKT_0067,T2,0,3,11,skip,0,0.0,2.484906649788001,12
CKT_0067,T2,0,4,11,skip,0,0.0,2.484906649788001,12
CKT_0067,T2,0,5,11,skip,0,0.0,2.484906649788001,12
CKT_0067,T2,0,6,11,skip,0,0.0,2.484906649788001,12
CKT_0067,T2,0,7,11,skip,0,0.0,2.484906649788001,12
CKT_0067,T2,0,8,11,skip,0,0.0,2.484906649788001,12
CKT_0067,T2,0,9,11,skip,0,0.0,2.484906649788001,12
CKT_0067,T2,0,10,11,skip,0,0.0,2.484906649788001,12
CKT_0067,T2,0,11,11,skip,0,0.0,2.484906649788001,12
CKT_0067,T2,0,12,11,skip,0,0.0,2.484906649788001,12
CKT_0067,T2,0,13,11,skip,0,0.0,2.484906649788001,12
CKT_0067,T2,0,14,11,skip,0,0.0,2.484906649788001,12
CKT_0067,T2,0,15,11,skip,0,0.0,2.484906649788001,12
CKT_0067,T2,0,16,11,skip,0,0.0,2.484906649788001,12
CKT_0067,T2,0,17,11,skip,0,0.0,2.484906649788001,12
CKT_0067,T2,0,18,11,skip,0,0.0,2.484906649788001,12
CKT_0067,T2,0,19,11,skip,0,0.0,2.484906649788001,12
CKT_0067,T2,0,20,11,skip,0,0.0,2.484906649788001,12
CKT_0067,T2,0,21,11,skip,0,0.0,2.484906649788001,12
CKT_0067,T2,0,22,11,skip,0,0.0,2.484906649788001,12
CKT_0067,T2,0,23,11,skip,0,0.0,2.484906649788001,12
CKT_0067,T2,1,0,11,skip,10,1701469747314.0435,7.598530806880351e-28,12
CKT_0067,T2,1,1,11,skip,10,1701469747314.0435,7.598530806880351e-28,12
CKT_0067,T2,1,2,11,skip,10,1701469747314.0435,7.598530806880351e-28,12
CKT_0067,T2,1,3,11,skip,10,1701469747314.0435,7.598530806880351e-28,12
CKT_0067,T2,1,4,11,skip,10,1701469747314.0435,7.598530806880351e-28,12
CKT_0067,T2,1,5,11,skip,10,1701469747314.0435,7.598530806880351e-28,12
CKT_0067,T2,1,6,11,skip,10,1701469747314.0435,7.598530806880351e-28,12
CKT_0067,T2,1,7,11,skip,10,1701469747314.0435,7.598530806880351e-28,12
CKT_0067,T2,1,8,11,skip,10,1701469747314.0435,7.598530806880351e-28,12
CKT_0067,T2,1,9,11,skip,10,1701469747314.0435,7.598530806880351e-28,12
CKT_0067,T2,1,10,11,skip,11,3436538956566.621,7.598530806880351e-28,12
CKT_0067,T2,1,11,11,skip,11,3436538956566.621,7.598530806880351e-28,12
CKT_0067,T2,1,12,11,skip,11,3436538956566.621,7.598530806880351e-28,12
CKT_0067,T2,1,13,11,skip,11,3436538956566.621,7.598530806880351e-28,12
CKT_0067,T2,1,14,11,skip,11,3436538956566.621,7.598530806880351e-28,12
CKT_0067,T2,1,15,11,skip,11,3436538956566.621,7.598530806880351e-28,12
CKT_0067,T2,1,16,11,skip,0,0.0,2.484906649788001,12
CKT_0067,T2,1,17,11,skip,0,0.0,2.484906649788001,12
CKT_0067,T2,1,18,11,skip,0,0.0,2.484906649788001,12
CKT_0067,T2,1,19,11,skip,0,0.0,2.484906649788001,12
CKT_0067,T2,1,20,11,skip,0,0.0,2.484906649788001,12
CKT_0067,T2,1,21,11,skip,0,0.0,2.484906649788001,12
CKT_0067,T2,1,22,11,skip,0,0.0,2.484906649788001,12
CKT_0067,T2,1,23,11,skip,0,0.0,2.484906649788001,12
CKT_0067,T2,2,0,11,skip,0,0.0,2.484906649788001,12
CKT_0067,T2,2,1,11,skip,0,0.0,2.484906649788001,12
CKT_0067,T2,2,2,11,skip,0,0.0,2.484906649788001,12
CKT_0067,T2,2,3,11,skip,0,0.0,2.484906649788001,12
CKT_0067,T2,2,4,11,skip,0,0.0,2.484906649788001,12
CKT_0067,T2,2,5,11,skip,0,0.0,2.484906649788001,12
CKT_0067,T2,2,6,11,skip,0,0.0,2.484906649788001,12
CKT_0067,T2,2,7,11,skip,0,0.0,2.484906649788001,12
CKT_0067,T2,2,8,11,skip,0,0.0,2.484906649788001,12
CKT_0067,T2,2,9,11,skip,0,0.0,2.484906649788001,12
CKT_0067,T2,2,10,11,skip,0,0.0,2.484906649788001,12
CKT_0067,T2,2,11,11,skip,0,0.0,2.484906649788001,12
CKT_0067,T2,2,12,11,skip,0,0.0,2.484906649788001,12
CKT_0067,T2,2,13,11,skip,0,0.0,2.484906649788001,12
CKT_0067,T2,2,14,11,skip,0,0.0,2.484906649788001,12
CKT_0067,T2,2,15,11,skip,0,0.0,2.484906649788001,12
CKT_0067,T2,2,16,11,skip,0,0.0,2.484906649788001,12
CKT_0067,T2,2,17,11,skip,0,0.0,2.484906649788001,12
CKT_0067,T2,2,18,11,skip,0,0.0,2.484906649788001,12
CKT_0067,T2,2,19,11,skip,0,0.0,2.484906649788001,12
CKT_0067,T2,2,20,11,skip,0,0.0,2.484906649788001,12
CKT_0067,T2,2,21,11,skip,0,0.0,2.484906649788001,12
CKT_0067,T2,2,22,11,skip,0,0.0,2.484906649788001,12
CKT_0067,T2,2,23,11,skip,0,0.0,2.484906649788001,12
CKT_0067,T2,3,0,11,skip,11,3436538956566.621,7.598530806880351e-28,12
CKT_0067,T2,3,1,11,skip,0,0.0,2.484906649788001,12
CKT_0067,T2,3,2,11,skip,0,0.0,2.484906649788001,12
CKT_0067,T2,3,3,11,skip,0,0.0,2.484906649788001,12
CKT_0067,T2,3,4,11,skip,0,0.0,2.484906649788001,12
CKT_0067,T2,3,5,11,skip,0,0.0,2.484906649788001,12
CKT_0067,T2,3,6,11,skip,0,0.0,2.484906649788001,12
CKT_0067,T2,3,7,11,skip,0,0.0,2.484906649788001,12
CKT_0067,T2,3,8,11,skip,0,0.0,2.484906649788001,12
CKT_0067,T2,3,9,11,skip,0,0.0,2.484906649788001,12
CKT_0067,T2,3,10,11,skip,0,0.0,2.484906649788001,12
CKT_0067,T2,3,11,11,skip,0,0.0,2.484906649788001,12
CKT_0067,T2,3,12,11,skip,0,0.0,2.484906649788001,12
CKT_0067,T2,3,13,11,skip,0,0.0,2.484906649788001,12
CKT_0067,T2,3,14,11,skip,0,0.0,2.484906649788001,12
CKT_0067,T2,3,15,11,skip,0,0.0,2.484906649788001,12
CKT_0067,T2,3,16,11,skip,0,0.0,2.484906649788001,12
CKT_0067,T2,3,17,11,skip,0,0.0,2.484906649788001,12
CKT_0067,T2,3,18,11,skip,0,0.0,2.484906649788001,12
CKT_0067,T2,3,19,11,skip,0,0.0,2.484906649788001,12
CKT_0067,T2,3,20,11,skip,0,0.0,2.484906649788001,12
CKT_0067,T2,3,21,11,skip,0,0.0,2.484906649788001,12
CKT_0067,T2,3,22,11,skip,0,0.0,2.484906649788001,12
CKT_0067,T2,3,23,11,skip,0,0.0,2.484906649788001,12
CKT_0067,T2,0,0,12,v_100,12,4087077195258.245,8.289306334778565e-28,13
CKT_0067,T2,0,1,12,v_100,12,4087077195258.245,8.289306334778565e-28,13
CKT_0067,T2,0,2,12,v_100,0,0.0,2.564949357461537,13
CKT_0067,T2,0,3,12,v_100,0,0.0,2.564949357461537,13
CKT_0067,T2,0,4,12,v_100,0,0.0,2.564949357461537,13
CKT_0067,T2,0,5,12,v_100,0,0.0,2.564949357461537,13
CKT_0067,T2,0,6,12,v_100,0,0.0,2.564949357461537,13
CKT_0067,T2,0,7,12,v_100,0,0.0,2.564949357461537,13
CKT_0067,T2,0,8,12,v_100,0,0.0,2.564949357461537,13
CKT_0067,T2,0,9,12,v_100,0,0.0,2.564949357461537,13
CKT_0067,T2,0,10,12,v_100,0,0.0,2.564949357461537,13
CKT_0067,T2,0,11,12,v_100,0,0.0,2.564949357461537,13
CKT_0067,T2,0,12,12,v_100,0,0.0,2.564949357461537,13
CKT_0067,T2,0,13,12,v_100,0,0.0,2.564949357461537,13
CKT_0067,T2,0,14,12,v_100,0,0.0,2.564949357461537,13
CKT_0067,T2,0,15,12,v_100,0,0.0,2.564949357461537,13
CKT_0067,T2,0,16,12,v_100,0,0.0,2.564949357461537,13
CKT_0067,T2,0,17,12,v_100,0,0.0,2.564949357461537,13
CKT_0067,T2,0,18,12,v_100,0,0.0,2.564949357461537,13
CKT_0067,T2,0,19,12,v_100,0,0.0,2.564949357461537,13
CKT_0067,T2,0,20,12,v_100,0,0.0,2.564949357461537,13
CKT_0067,T2,0,21,12,v_100,0,0.0,2.564949357461537,13
CKT_0067,T2,0,22,12,v_100,0,0.0,2.564949357461537,13
CKT_0067,T2,0,23,12,v_100,0,0.0,2.564949357461537,13
CKT_0067,T2,1,0,12,v_100,12,2040980731588.9075,8.289306334778565e-28,13
CKT_0067,T2,1,1,12,v_100,12,2040980731588.9075,8.289306334778565e-28,13
CKT_0067,T2,1,2,12,v_100,12,2040980731588.9075,8.289306334778565e-28,13
CKT_0067,T2,1,3,12,v_100,12,2040980731588.9075,8.289306334778565e-28,13
CKT_0067,T2,1,4,12,v_100,12,2040980731588.9075,8.289306334778565e-28,13
CKT_0067,T2,1,5,12,v_100,12,2040980731588.9075,8.289306334778565e-28,13
CKT_0067,T2,1,6,12,v_100,12,2040980731588.9075,8.289306334778565e-28,13
CKT_0067,T2,1,7,12,v_100,12,2040980731588.9075,8.289306334778565e-28,13
CKT_0067,T2,1,8,12,v_100,12,2040980731588.9075,8.289306334778565e-28,13
CKT_0067,T2,1,9,12,v_100,12,2040980731588.9075,8.289306334778565e-28,13
CKT_0067,T2,1,10,12,v_100,12,4087077195258.245,8.289306334778565e-28,13
CKT_0067,T2,1,11,12,v_100,12,4087077195258.245,8.289306334778565e-28,13
CKT_0067,T2,1,12,12,v_100,12,4087077195258.245,8.289306334778565e-28,13
CKT_0067,T2,1,13,12,v_100,12,4087077195258.245,8.289306334778565e-28,13
CKT_0067,T2,1,14,12,v_100,12,4087077195258.245,8.289306334778565e-28,13
CKT_0067,T2,1,15,12,v_100,12,4087077195258.245,8.289306334778565e-28,13
CKT_0067,T2,1,16,12,v_100,0,0.0,2.564949357461537,13
CKT_0067,T2,1,17,12,v_100,0,0.0,2.564949357461537,13
CKT_0067,T2,1,18,12,v_100,0,0.0,2.564949357461537,13
CKT_0067,T2,1,19,12,v_100,0,0.0,2.564949357461537,13
CKT_0067,T2,1,20,12,v_100,0,0.0,2.564949357461537,13
CKT_0067,T2,1,21,12,v_100,0,0.0,2.564949357461537,13
CKT_0067,T2,1,22,12,v_100,0,0.0,2.564949357461537,13
CKT_0067,T2,1,23,12,v_100,0,0.0,2.564949357461537,13
CKT_0067,T2,2,0,12,v_100,0,0.0,2.564949357461537,13
CKT_0067,T2,2,1,12,v_100,0,0.0,2.564949357461537,13
CKT_0067,T2,2,2,12,v_100,0,0.0,2.564949357461537,13
CKT_0067,T2,2,3,12,v_100,0,0.0,2.564949357461537,13
CKT_0067,T2,2,4,12,v_100,0,0.0,2.564949357461537,13
CKT_0067,T2,2,5,12,v_100,0,0.0,2.564949357461537,13
CKT_0067,T2,2,6,12,v_100,0,0.0,2.564949357461537,13
CKT_0067,T2,2,7,12,v_100,0,0.0,2.564949357461537,13
CKT_0067,T2,2,8,12,v_100,0,0.0,2.564949357461537,13
CKT_0067,T2,2,9,12,v_100,0,0.0,2.564949357461537,13
CKT_0067,T2,2,10,12,v_100,0,0.0,2.564949357461537,13
CKT_0067,T2,2,11,12,v_100,0,0.0,2.564949357461537,13
CKT_0067,T2,2,12,12,v_100,0,0.0,2.564949357461537,13
CKT_0067,T2,2,13,12,v_100,0,0.0,2.564949357461537,13
CKT_0067,T2,2,14,12,v_100,0,0.0,2.564949357461537,13
CKT_0067,T2,2,15,12,v_100,0,0.0,2.564949357461537,13
CKT_0067,T2,2,16,12,v_100,0,0.0,2.564949357461537,13
CKT_0067,T2,2,17,12,v_100,0,0.0,2.564949357461537,13
CKT_0067,T2,2,18,12,v_100,0,0.0,2.564949357461537,13
CKT_0067,T2,2,19,12,v_100,0,0.0,2.564949357461537,13
CKT_0067,T2,2,20,12,v_100,0,0.0,2.564949357461537,13
CKT_0067,T2,2,21,12,v_100,0,0.0,2.564949357461537,13
CKT_0067,T2,2,22,12,v_100,0,0.0,2.564949357461537,13
CKT_0067,T2,2,23,12,v_100,0,0.0,2.564949357461537,13
CKT_0067,T2,3,0,12,v_100,12,4087077195258.245,8.289306334778565e-28,13
CKT_0067,T2,3,1,12,v_100,0,0.0,2.564949357461537,13
CKT_0067,T2,3,2,12,v_100,0,0.0,2.564949357461537,13
CKT_0067,T2,3,3,12,v_100,0,0.0,2.564949357461537,13
CKT_0067,T2,3,4,12,v_100,0,0.0,2.564949357461537,13
CKT_0067,T2,3,5,12,v_100,0,0.0,2.564949357461537,13
CKT_0067,T2,3,6,12,v_100,0,0.0,2.564949357461537,13
CKT_0067,T2,3,7,12,v_100,0,0.0,2.564949357461537,13
CKT_0067,T2,3,8,12,v_100,0,0.0,2.564949357461537,13
CKT_0067,T2,3,9,12,v_100,0,0.0,2.564949357461537,13
CKT_0067,T2,3,10,12,v_100,0,0.0,2.564949357461537,13
CKT_0067,T2,3,11,12,v_100,0,0.0,2.564949357461537,13
CKT_0067,T2,3,12,12,v_100,0,0.0,2.564949357461537,13
CKT_0067,T2,3,13,12,v_100,0,0.0,2.564949357461537,13
CKT_0067,T2,3,14,12,v_100,0,0.0,2.564949357461537,13
CKT_0067,T2,3,15,12,v_100,0,0.0,2.564949357461537,13
CKT_0067,T2,3,16,12,v_100,0,0.0,2.564949357461537,13
CKT_0067,T2,3,17,12,v_100,0,0.0,2.564949357461537,13
CKT_0067,T2,3,18,12,v_100,0,0.0,2.564949357461537,13
CKT_0067,T2,3,19,12,v_100,0,0.0,2.564949357461537,13
CKT_0067,T2,3,20,12,v_100,0,0.0,2.564949357461537,13
CKT_0067,T2,3,21,12,v_100,0,0.0,2.564949357461537,13
CKT_0067,T2,3,22,12,v_100,0,0.0,2.564949357461537,13
CKT_0067,T2,3,23,12,v_100,0,0.0,2.564949357461537,13
CKT_0067,T2,0,0,13,skip,13,4794183976444.792,8.98008186267678e-28,14
CKT_0067,T2,0,1,13,skip,13,4794183976444.792,8.98008186267678e-28,14
CKT_0067,T2,0,2,13,skip,0,0.0,2.639057329615258,14
CKT_0067,T2,0,3,13,skip,0,0.0,2.639057329615258,14
CKT_0067,T2,0,4,13,skip,0,0.0,2.639057329615258,14
CKT_0067,T2,0,5,13,skip,0,0.0,2.639057329615258,14
CKT_0067,T2,0,6,13,skip,0,0.0,2.639057329615258,14
CKT_0067,T2,0,7,13,skip,0,0.0,2.639057329615258,14
CKT_0067,T2,0,8,13,skip,0,0.0,2.639057329615258,14
CKT_0067,T2,0,9,13,skip,0,0.0,2.639057329615258,14
CKT_0067,T2,0,10,13,skip,0,0.0,2.639057329615258,14
CKT_0067,T2,0,11,13,skip,0,0.0,2.639057329615258,14
CKT_0067,T2,0,12,13,skip,0,0.0,2.639057329615258,14
CKT_0067,T2,0,13,13,skip,0,0.0,2.639057329615258,14
CKT_0067,T2,0,14,13,skip,0,0.0,2.639057329615258,14
CKT_0067,T2,0,15,13,skip,0,0.0,2.639057329615258,14
CKT_0067,T2,0,16,13,skip,0,0.0,2.639057329615258,14
CKT_0067,T2,0,17,13,skip,0,0.0,2.639057329615258,14
CKT_0067,T2,0,18,13,skip,0,0.0,2.639057329615258,14
CKT_0067,T2,0,19,13,skip,0,0.0,2.639057329615258,14
CKT_0067,T2,0,20,13,skip,0,0.0,2.639057329615258,14
CKT_0067,T2,0,21,13,skip,0,0.0,2.639057329615258,14
CKT_0067,T2,0,22,13,skip,0,0.0,2.639057329615258,14
CKT_0067,T2,0,23,13,skip,0,0.0,2.639057329615258,14
CKT_0067,T2,1,0,13,skip,12,2380391986558.45,8.98008186267678e-28,14
CKT_0067,T2,1,1,13,skip,12,2380391986558.45,8.98008186267678e-28,14
CKT_0067,T2,1,2,13,skip,12,2380391986558.45,8.98008186267678e-28,14
CKT_0067,T2,1,3,13,skip,12,2380391986558.45,8.98008186267678e-28,14
CKT_0067,T2,1,4,13,skip,12,2380391986558.45,8.98008186267678e-28,14
CKT_0067,T2,1,5,13,skip,12,2380391986558.45,8.98008186267678e-28,14
CKT_0067,T2,1,6,13,skip,12,2380391986558.45,8.98008186267678e-28,14
CKT_0067,T2,1,7,13,skip,12,2380391986558.45,8.98008186267678e-28,14
CKT_0067,T2,1,8,13,skip,12,2380391986558.45,8.98008186267678e-28,14
CKT_0067,T2,1,9,13,skip,12,2380391986558.45,8.98008186267678e-28,14
CKT_0067,T2,1,10,13,skip,13,4794183976444.792,8.98008186267678e-28,14
CKT_0067,T2,1,11,13,skip,13,4794183976444.792,8.98008186267678e-28,14
CKT_0067,T2,1,12,13,skip,13,4794183976444.792,8.98008186267678e-28,14
CKT_0067,T2,1,13,13,skip,13,4794183976444.792,8.98008186267678e-28,14
CKT_0067,T2,1,14,13,skip,13,4794183976444.792,8.98008186267678e-28,14
CKT_0067,T2,1,15,13,skip,13,4794183976444.792,8.98008186267678e-28,14
CKT_0067,T2,1,16,13,skip,0,0.0,2.639057329615258,14
CKT_0067,T2,1,17,13,skip,0,0.0,2.639057329615258,14
CKT_0067,T2,1,18,13,skip,0,0.0,2.639057329615258,14
CKT_0067,T2,1,19,13,skip,0,0.0,2.639057329615258,14
CKT_0067,T2,1,20,13,skip,0,0.0,2.639057329615258,14
CKT_0067,T2,1,21,13,skip,0,0.0,2.639057329615258,14
CKT_0067,T2,1,22,13,skip,0,0.0,2.639057329615258,14
CKT_0067,T2,1,23,13,skip,0,0.0,2.639057329615258,14
CKT_0067,T2,2,0,13,skip,0,0.0,2.639057329615258,14
CKT_0067,T2,2,1,13,skip,0,0.0,2.639057329615258,14
CKT_0067,T2,2,2,13,skip,0,0.0,2.639057329615258,14
CKT_0067,T2,2,3,13,skip,0,0.0,2.639057329615258,14
CKT_0067,T2,2,4,13,skip,0,0.0,2.639057329615258,14
CKT_0067,T2,2,5,13,skip,0,0.0,2.639057329615258,14
CKT_0067,T2,2,6,13,skip,0,0.0,2.639057329615258,14
CKT_0067,T2,2,7,13,skip,0,0.0,2.639057329615258,14
CKT_0067,T2,2,8,13,skip,0,0.0,2.639057329615258,14
CKT_0067,T2,2,9,13,skip,0,0.0,2.639057329615258,14
CKT_0067,T2,2,10,13,skip,0,0.0,2.639057329615258,14
CKT_0067,T2,2,11,13,skip,0,0.0,2.639057329615258,14
CKT_0067,T2,2,12,13,skip,0,0.0,2.639057329615258,14
CKT_0067,T2,2,13,13,skip,0,0.0,2.639057329615258,14
CKT_0067,T2,2,14,13,skip,0,0.0,2.639057329615258,14
CKT_0067,T2,2,15,13,skip,0,0.0,2.639057329615258,14
CKT_0067,T2,2,16,13,skip,0,0.0,2.639057329615258,14
CKT_0067,T2,2,17,13,skip,0,0.0,2.639057329615258,14
CKT_0067,T2,2,18,13,skip,0,0.0,2.639057329615258,14
CKT_0067,T2,2,19,13,skip,0,0.0,2.639057329615258,14
CKT_0067,T2,2,20,13,skip,0,0.0,2.639057329615258,14
CKT_0067,T2,2,21,13,skip,0,0.0,2.639057329615258,14
CKT_0067,T2,2,22,13,skip,0,0.0,2.639057329615258,14
CKT_0067,T2,2,23,13,skip,0,0.0,2.639057329615258,14
CKT_0067,T2,3,0,13,skip,13,4794183976444.792,8.98008186267678e-28,14
CKT_0067,T2,3,1,13,skip,0,0.0,2.639057329615258,14
CKT_0067,T2,3,2,13,skip,0,0.0,2.639057329615258,14
CKT_0067,T2,3,3,13,skip,0,0.0,2.639057329615258,14
CKT_0067,T2,3,4,13,skip,0,0.0,2.639057329615258,14
CKT_0067,T2,3,5,13,skip,0,0.0,2.639057329615258,14
CKT_0067,T2,3,6,13,skip,0,0.0,2.639057329615258,14
CKT_0067,T2,3,7,13,skip,0,0.0,2.639057329615258,14
CKT_0067,T2,3,8,13,skip,0,0.0,2.639057329615258,14
CKT_0067,T2,3,9,13,skip,0,0.0,2.639057329615258,14
CKT_0067,T2,3,10,13,skip,0,0.0,2.639057329615258,14
CKT_0067,T2,3,11,13,skip,0,0.0,2.639057329615258,14
CKT_0067,T2,3,12,13,skip,0,0.0,2.639057329615258,14
CKT_0067,T2,3,13,13,skip,0,0.0,2.639057329615258,14
CKT_0067,T2,3,14,13,skip,0,0.0,2.639057329615258,14
CKT_0067,T2,3,15,13,skip,0,0.0,2.639057329615258,14
CKT_0067,T2,3,16,13,skip,0,0.0,2.639057329615258,14
CKT_0067,T2,3,17,13,skip,0,0.0,2.639057329615258,14
CKT_0067,T2,3,18,13,skip,0,0.0,2.639057329615258,14
CKT_0067,T2,3,19,13,skip,0,0.0,2.639057329615258,14
CKT_0067,T2,3,20,13,skip,0,0.0,2.639057329615258,14
CKT_0067,T2,3,21,13,skip,0,0.0,2.639057329615258,14
CKT_0067,T2,3,22,13,skip,0,0.0,2.639057329615258,14
CKT_0067,T2,3,23,13,skip,0,0.0,2.639057329615258,14
CKT_0067,T2,0,0,14,v_0,14,5557859300126.263,9.670857390574994e-28,15
CKT_0067,T2,0,1,14,v_0,14,5557859300126.263,9.670857390574994e-28,15
CKT_0067,T2,0,2,14,v_0,0,0.0,2.70805020110221,15
CKT_0067,T2,0,3,14,v_0,0,0.0,2.70805020110221,15
CKT_0067,T2,0,4,14,v_0,0,0.0,2.70805020110221,15
CKT_0067,T2,0,5,14,v_0,0,0.0,2.70805020110221,15
CKT_0067,T2,0,6,14,v_0,0,0.0,2.70805020110221,15
CKT_0067,T2,0,7,14,v_0,0,0.0,2.70805020110221,15
CKT_0067,T2,0,8,14,v_0,0,0.0,2.70805020110221,15
CKT_0067,T2,0,9,14,v_0,0,0.0,2.70805020110221,15
CKT_0067,T2,0,10,14,v_0,0,0.0,2.70805020110221,15
CKT_0067,T2,0,11,14,v_0,0,0.0,2.70805020110221,15
CKT_0067,T2,0,12,14,v_0,0,0.0,2.70805020110221,15
CKT_0067,T2,0,13,14,v_0,0,0.0,2.70805020110221,15
CKT_0067,T2,0,14,14,v_0,0,0.0,2.70805020110221,15
CKT_0067,T2,0,15,14,v_0,0,0.0,2.70805020110221,15
CKT_0067,T2,0,16,14,v_0,0,0.0,2.70805020110221,15
CKT_0067,T2,0,17,14,v_0,0,0.0,2.70805020110221,15
CKT_0067,T2,0,18,14,v_0,0,0.0,2.70805020110221,15
CKT_0067,T2,0,19,14,v_0,0,0.0,2.70805020110221,15
CKT_0067,T2,0,20,14,v_0,0,0.0,2.70805020110221,15
CKT_0067,T2,0,21,14,v_0,0,0.0,2.70805020110221,15
CKT_0067,T2,0,22,14,v_0,0,0.0,2.70805020110221,15
CKT_0067,T2,0,23,14,v_0,0,0.0,2.70805020110221,15
CKT_0067,T2,1,0,14,v_0,14,2776449209760.9517,9.670857390574994e-28,15
CKT_0067,T2,1,1,14,v_0,14,2776449209760.9517,9.670857390574994e-28,15
CKT_0067,T2,1,2,14,v_0,14,2776449209760.9517,9.670857390574994e-28,15
CKT_0067,T2,1,3,14,v_0,14,2776449209760.9517,9.670857390574994e-28,15
CKT_0067,T2,1,4,14,v_0,14,2776449209760.9517,9.670857390574994e-28,15
CKT_0067,T2,1,5,14,v_0,14,2776449209760.9517,9.670857390574994e-28,15
CKT_0067,T2,1,6,14,v_0,14,2776449209760.9517,9.670857390574994e-28,15
CKT_0067,T2,1,7,14,v_0,14,2776449209760.9517,9.670857390574994e-28,15
CKT_0067,T2,1,8,14,v_0,14,2776449209760.9517,9.670857390574994e-28,15
CKT_0067,T2,1,9,14,v_0,14,2776449209760.9517,9.670857390574994e-28,15
CKT_0067,T2,1,10,14,v_0,14,5557859300126.263,9.670857390574994e-28,15
CKT_0067,T2,1,11,14,v_0,14,5557859300126.263,9.670857390574994e-28,15
CKT_0067,T2,1,12,14,v_0,14,5557859300126.263,9.670857390574994e-28,15
CKT_0067,T2,1,13,14,v_0,14,5557859300126.263,9.670857390574994e-28,15
CKT_0067,T2,1,14,14,v_0,14,5557859300126.263,9.670857390574994e-28,15
CKT_0067,T2,1,15,14,v_0,14,5557859300126.263,9.670857390574994e-28,15
CKT_0067,T2,1,16,14,v_0,0,0.0,2.70805020110221,15
CKT_0067,T2,1,17,14,v_0,0,0.0,2.70805020110221,15
CKT_0067,T2,1,18,14,v_0,0,0.0,2.70805020110221,15
CKT_0067,T2,1,19,14,v_0,0,0.0,2.70805020110221,15
CKT_0067,T2,1,20,14,v_0,0,0.0,2.70805020110221,15
CKT_0067,T2,1,21,14,v_0,0,0.0,2.70805020110221,15
CKT_0067,T2,1,22,14,v_0,0,0.0,2.70805020110221,15
CKT_0067,T2,1,23,14,v_0,0,0.0,2.70805020110221,15
CKT_0067,T2,2,0,14,v_0,0,0.0,2.70805020110221,15
CKT_0067,T2,2,1,14,v_0,0,0.0,2.70805020110221,15
CKT_0067,T2,2,2,14,v_0,0,0.0,2.70805020110221,15
CKT_0067,T2,2,3,14,v_0,0,0.0,2.70805020110221,15
CKT_0067,T2,2,4,14,v_0,0,0.0,2.70805020110221,15
CKT_0067,T2,2,5,14,v_0,0,0.0,2.70805020110221,15
CKT_0067,T2,2,6,14,v_0,0,0.0,2.70805020110221,15
CKT_0067,T2,2,7,14,v_0,0,0.0,2.70805020110221,15
CKT_0067,T2,2,8,14,v_0,0,0.0,2.70805020110221,15
CKT_0067,T2,2,9,14,v_0,0,0.0,2.70805020110221,15
CKT_0067,T2,2,10,14,v_0,0,0.0,2.70805020110221,15
CKT_0067,T2,2,11,14,v_0,0,0.0,2.70805020110221,15
CKT_0067,T2,2,12,14,v_0,0,0.0,2.70805020110221,15
CKT_0067,T2,2,13,14,v_0,0,0.0,2.70805020110221,15
CKT_0067,T2,2,14,14,v_0,0,0.0,2.70805020110221,15
CKT_0067,T2,2,15,14,v_0,0,0.0,2.70805020110221,15
CKT_0067,T2,2,16,14,v_0,0,0.0,2.70805020110221,15
CKT_0067,T2,2,17,14,v_0,0,0.0,2.70805020110221,15
CKT_0067,T2,2,18,14,v_0,0,0.0,2.70805020110221,15
CKT_0067,T2,2,19,14,v_0,0,0.0,2.70805020110221,15
CKT_0067,T2,2,20,14,v_0,0,0.0,2.70805020110221,15
CKT_0067,T2,2,21,14,v_0,0,0.0,2.70805020110221,15
CKT_0067,T2,2,22,14,v_0,0,0.0,2.70805020110221,15
CKT_0067,T2,2,23,14,v_0,0,0.0,2.70805020110221,15
CKT_0067,T2,3,0,14,v_0,14,5557859300126.263,9.670857390574994e-28,15
CKT_0067,T2,3,1,14,v_0,0,0.0,2.70805020110221,15
CKT_0067,T2,3,2,14,v_0,0,0.0,2.70805020110221,15
CKT_0067,T2,3,3,14,v_0,0,0.0,2.70805020110221,15
CKT_0067,T2,3,4,14,v_0,0,0.0,2.70805020110221,15
CKT_0067,T2,3,5,14,v_0,0,0.0,2.70805020110221,15
CKT_0067,T2,3,6,14,v_0,0,0.0,2.70805020110221,15
CKT_0067,T2,3,7,14,v_0,0,0.0,2.70805020110221,15
CKT_0067,T2,3,8,14,v_0,0,0.0,2.70805020110221,15
CKT_0067,T2,3,9,14,v_0,0,0.0,2.70805020110221,15
CKT_0067,T2,3,10,14,v_0,0,0.0,2.70805020110221,15
CKT_0067,T2,3,11,14,v_0,0,0.0,2.70805020110221,15
CKT_0067,T2,3,12,14,v_0,0,0.0,2.70805020110221,15
CKT_0067,T2,3,13,14,v_0,0,0.0,2.70805020110221,15
CKT_0067,T2,3,14,14,v_0,0,0.0,2.70805020110221,15
CKT_0067,T2,3,15,14,v_0,0,0.0,2.70805020110221,15
CKT_0067,T2,3,16,14,v_0,0,0.0,2.70805020110221,15
CKT_0067,T2,3,17,14,v_0,0,0.0,2.70805020110221,15
CKT_0067,T2,3,18,14,v_0,0,0.0,2.70805020110221,15
CKT_0067,T2,3,19,14,v_0,0,0.0,2.70805020110221,15
CKT_0067,T2,3,20,14,v_0,0,0.0,2.70805020110221,15
CKT_0067,T2,3,21,14,v_0,0,0.0,2.70805020110221,15
CKT_0067,T2,3,22,14,v_0,0,0.0,2.70805020110221,15
CKT_0067,T2,3,23,14,v_0,0,0.0,2.70805020110221,15
CKT_0067,T2,0,0,15,skip,15,6378103166302.658,1.0361632918473208e-27,16
CKT_0067,T2,0,1,15,skip,15,6378103166302.658,1.0361632918473208e-27,16
CKT_0067,T2,0,2,15,skip,0,0.0,2.772588722239781,16
CKT_0067,T2,0,3,15,skip,0,0.0,2.772588722239781,16
CKT_0067,T2,0,4,15,skip,0,0.0,2.772588722239781,16
CKT_0067,T2,0,5,15,skip,0,0.0,2.772588722239781,16
CKT_0067,T2,0,6,15,skip,0,0.0,2.772588722239781,16
CKT_0067,T2,0,7,15,skip,0,0.0,2.772588722239781,16
CKT_0067,T2,0,8,15,skip,0,0.0,2.772588722239781,16
CKT_0067,T2,0,9,15,skip,0,0.0,2.772588722239781,16
CKT_0067,T2,0,10,15,skip,0,0.0,2.772588722239781,16
CKT_0067,T2,0,11,15,skip,0,0.0,2.772588722239781,16
CKT_0067,T2,0,12,15,skip,0,0.0,2.772588722239781,16
CKT_0067,T2,0,13,15,skip,0,0.0,2.772588722239781,16
CKT_0067,T2,0,14,15,skip,0,0.0,2.772588722239781,16
CKT_0067,T2,0,15,15,skip,0,0.0,2.772588722239781,16
CKT_0067,T2,0,16,15,skip,0,0.0,2.772588722239781,16
CKT_0067,T2,0,17,15,skip,0,0.0,2.772588722239781,16
CKT_0067,T2,0,18,15,skip,0,0.0,2.772588722239781,16
CKT_0067,T2,0,19,15,skip,0,0.0,2.772588722239781,16
CKT_0067,T2,0,20,15,skip,0,0.0,2.772588722239781,16
CKT_0067,T2,0,21,15,skip,0,0.0,2.772588722239781,16
CKT_0067,T2,0,22,15,skip,0,0.0,2.772588722239781,16
CKT_0067,T2,0,23,15,skip,0,0.0,2.772588722239781,16
CKT_0067,T2,1,0,15,skip,14,3172429007225.4185,1.0361632918473208e-27,16
CKT_0067,T2,1,1,15,skip,14,3172429007225.4185,1.0361632918473208e-27,16
CKT_0067,T2,1,2,15,skip,14,3172429007225.4185,1.0361632918473208e-27,16
CKT_0067,T2,1,3,15,skip,14,3172429007225.4185,1.0361632918473208e-27,16
CKT_0067,T2,1,4,15,skip,14,3172429007225.4185,1.0361632918473208e-27,16
CKT_0067,T2,1,5,15,skip,14,3172429007225.4185,1.0361632918473208e-27,16
CKT_0067,T2,1,6,15,skip,14,3172429007225.4185,1.0361632918473208e-27,16
CKT_0067,T2,1,7,15,skip,14,3172429007225.4185,1.0361632918473208e-27,16
CKT_0067,T2,1,8,15,skip,14,3172429007225.4185,1.0361632918473208e-27,16
CKT_0067,T2,1,9,15,skip,14,3172429007225.4185,1.0361632918473208e-27,16
CKT_0067,T2,1,10,15,skip,15,6378103166302.658,1.0361632918473208e-27,16
CKT_0067,T2,1,11,15,skip,15,6378103166302.658,1.0361632918473208e-27,16
CKT_0067,T2,1,12,15,skip,15,6378103166302.658,1.0361632918473208e-27,16
CKT_0067,T2,1,13,15,skip,15,6378103166302.658,1.0361632918473208e-27,16
CKT_0067,T2,1,14,15,skip,15,6378103166302.658,1.0361632918473208e-27,16
CKT_0067,T2,1,15,15,skip,15,6378103166302.658,1.0361632918473208e-27,16
CKT_0067,T2,1,16,15,skip,0,0.0,2.772588722239781,16
CKT_0067,T2,1,17,15,skip,0,0.0,2.772588722239781,16
CKT_0067,T2,1,18,15,skip,0,0.0,2.772588722239781,16
CKT_0067,T2,1,19,15,skip,0,0.0,2.772588722239781,16
CKT_0067,T2,1,20,15,skip,0,0.0,2.772588722239781,16
CKT_0067,T2,1,21,15,skip,0,0.0,2.772588722239781,16
CKT_0067,T2,1,22,15,skip,0,0.0,2.772588722239781,16
CKT_0067,T2,1,23,15,skip,0,0.0,2.772588722239781,16
CKT_0067,T2,2,0,15,skip,0,0.0,2.772588722239781,16
CKT_0067,T2,2,1,15,skip,0,0.0,2.772588722239781,16
CKT_0067,T2,2,2,15,skip,0,0.0,2.772588722239781,16
CKT_0067,T2,2,3,15,skip,0,0.0,2.772588722239781,16
CKT_0067,T2,2,4,15,skip,0,0.0,2.772588722239781,16
CKT_0067,T2,2,5,15,skip,0,0.0,2.772588722239781,16
CKT_0067,T2,2,6,15,skip,0,0.0,2.772588722239781,16
CKT_0067,T2,2,7,15,skip,0,0.0,2.772588722239781,16
CKT_0067,T2,2,8,15,skip,0,0.0,2.772588722239781,16
CKT_0067,T2,2,9,15,skip,0,0.0,2.772588722239781,16
CKT_0067,T2,2,10,15,skip,0,0.0,2.772588722239781,16
CKT_0067,T2,2,11,15,skip,0,0.0,2.772588722239781,16
CKT_0067,T2,2,12,15,skip,0,0.0,2.772588722239781,16
CKT_0067,T2,2,13,15,skip,0,0.0,2.772588722239781,16
CKT_0067,T2,2,14,15,skip,0,0.0,2.772588722239781,16
CKT_0067,T2,2,15,15,skip,0,0.0,2.772588722239781,16
CKT_0067,T2,2,16,15,skip,0,0.0,2.772588722239781,16
CKT_0067,T2,2,17,15,skip,0,0.0,2.772588722239781,16
CKT_0067,T2,2,18,15,skip,0,0.0,2.772588722239781,16
CKT_0067,T2,2,19,15,skip,0,0.0,2.772588722239781,16
CKT_0067,T2,2,20,15,skip,0,0.0,2.772588722239781,16
CKT_0067,T2,2,21,15,skip,0,0.0,2.772588722239781,16
CKT_0067,T2,2,22,15,skip,0,0.0,2.772588722239781,16
CKT_0067,T2,2,23,15,skip,0,0.0,2.772588722239781,16
CKT_0067,T2,3,0,15,skip,15,6378103166302.658,1.0361632918473208e-27,16
CKT_0067,T2,3,1,15,skip,0,0.0,2.772588722239781,16
CKT_0067,T2,3,2,15,skip,0,0.0,2.772588722239781,16
CKT_0067,T2,3,3,15,skip,0,0.0,2.772588722239781,16
CKT_0067,T2,3,4,15,skip,0,0.0,2.772588722239781,16
CKT_0067,T2,3,5,15,skip,0,0.0,2.772588722239781,16
CKT_0067,T2,3,6,15,skip,0,0.0,2.772588722239781,16
CKT_0067,T2,3,7,15,skip,0,0.0,2.772588722239781,16
CKT_0067,T2,3,8,15,skip,0,0.0,2.772588722239781,16
CKT_0067,T2,3,9,15,skip,0,0.0,2.772588722239781,16
CKT_0067,T2,3,10,15,skip,0,0.0,2.772588722239781,16
CKT_0067,T2,3,11,15,skip,0,0.0,2.772588722239781,16
CKT_0067,T2,3,12,15,skip,0,0.0,2.772588722239781,16
CKT_0067,T2,3,13,15,skip,0,0.0,2.772588722239781,16
CKT_0067,T2,3,14,15,skip,0,0.0,2.772588722239781,16
CKT_0067,T2,3,15,15,skip,0,0.0,2.772588722239781,16
CKT_0067,T2,3,16,15,skip,0,0.0,2.772588722239781,16
CKT_0067,T2,3,17,15,skip,0,0.0,2.772588722239781,16
CKT_0067,T2,3,18,15,skip,0,0.0,2.772588722239781,16
CKT_0067,T2,3,19,15,skip,0,0.0,2.772588722239781,16
CKT_0067,T2,3,20,15,skip,0,0.0,2.772588722239781,16
CKT_0067,T2,3,21,15,skip,0,0.0,2.772588722239781,16
CKT_0067,T2,3,22,15,skip,0,0.0,2.772588722239781,16
CKT_0067,T2,3,23,15,skip,0,0.0,2.772588722239781,16
CKT_0067,T2,0,0,16,v_66,16,7254915574973.978,1.105240844637142e-27,17
CKT_0067,T2,0,1,16,v_66,16,7254915574973.978,1.105240844637142e-27,17
CKT_0067,T2,0,2,16,v_66,0,0.0,2.833213344056216,17
CKT_0067,T2,0,3,16,v_66,0,0.0,2.833213344056216,17
CKT_0067,T2,0,4,16,v_66,0,0.0,2.833213344056216,17
CKT_0067,T2,0,5,16,v_66,0,0.0,2.833213344056216,17
CKT_0067,T2,0,6,16,v_66,0,0.0,2.833213344056216,17
CKT_0067,T2,0,7,16,v_66,0,0.0,2.833213344056216,17
CKT_0067,T2,0,8,16,v_66,0,0.0,2.833213344056216,17
CKT_0067,T2,0,9,16,v_66,0,0.0,2.833213344056216,17
CKT_0067,T2,0,10,16,v_66,0,0.0,2.833213344056216,17
CKT_0067,T2,0,11,16,v_66,0,0.0,2.833213344056216,17
CKT_0067,T2,0,12,16,v_66,0,0.0,2.833213344056216,17
CKT_0067,T2,0,13,16,v_66,0,0.0,2.833213344056216,17
CKT_0067,T2,0,14,16,v_66,0,0.0,2.833213344056216,17
CKT_0067,T2,0,15,16,v_66,0,0.0,2.833213344056216,17
CKT_0067,T2,0,16,16,v_66,0,0.0,2.833213344056216,17
CKT_0067,T2,0,17,16,v_66,0,0.0,2.833213344056216,17
CKT_0067,T2,0,18,16,v_66,0,0.0,2.833213344056216,17
CKT_0067,T2,0,19,16,v_66,0,0.0,2.833213344056216,17
CKT_0067,T2,0,20,16,v_66,0,0.0,2.833213344056216,17
CKT_0067,T2,0,21,16,v_66,0,0.0,2.833213344056216,17
CKT_0067,T2,0,22,16,v_66,0,0.0,2.833213344056216,17
CKT_0067,T2,0,23,16,v_66,0,0.0,2.833213344056216,17
CKT_0067,T2,1,0,16,v_66,16,3625039703413.1133,1.105240844637142e-27,17
CKT_0067,T2,1,1,16,v_66,16,3625039703413.1133,1.105240844637142e-27,17
CKT_0067,T2,1,2,16,v_66,16,3625039703413.1133,1.105240844637142e-27,17
CKT_0067,T2,1,3,16,v_66,16,3625039703413.1133,1.105240844637142e-27,17
CKT_0067,T2,1,4,16,v_66,16,3625039703413.1133,1.105240844637142e-27,17
CKT_0067,T2,1,5,16,v_66,16,3625039703413.1133,1.105240844637142e-27,17
CKT_0067,T2,1,6,16,v_66,16,3625039703413.1133,1.105240844637142e-27,17
CKT_0067,T2,1,7,16,v_66,16,3625039703413.1133,1.105240844637142e-27,17
CKT_0067,T2,1,8,16,v_66,16,3625039703413.1133,1.105240844637142e-27,17
CKT_0067,T2,1,9,16,v_66,16,3625039703413.1133,1.105240844637142e-27,17
CKT_0067,T2,1,10,16,v_66,16,7254915574973.978,1.105240844637142e-27,17
CKT_0067,T2,1,11,16,v_66,16,7254915574973.978,1.105240844637142e-27,17
CKT_0067,T2,1,12,16,v_66,16,7254915574973.978,1.105240844637142e-27,17
CKT_0067,T2,1,13,16,v_66,16,7254915574973.978,1.105240844637142e-27,17
CKT_0067,T2,1,14,16,v_66,16,7254915574973.978,1.105240844637142e-27,17
CKT_0067,T2,1,15,16,v_66,16,7254915574973.978,1.105240844637142e-27,17
CKT_0067,T2,1,16,16,v_66,0,0.0,2.833213344056216,17
CKT_0067,T2,1,17,16,v_66,0,0.0,2.833213344056216,17
CKT_0067,T2,1,18,16,v_66,0,0.0,2.833213344056216,17
CKT_0067,T2,1,19,16,v_66,0,0.0,2.833213344056216,17
CKT_0067,T2,1,20,16,v_66,0,0.0,2.833213344056216,17
CKT_0067,T2,1,21,16,v_66,0,0.0,2.833213344056216,17
CKT_0067,T2,1,22,16,v_66,0,0.0,2.833213344056216,17
CKT_0067,T2,1,23,16,v_66,0,0.0,2.833213344056216,17
CKT_0067,T2,2,0,16,v_66,0,0.0,2.833213344056216,17
CKT_0067,T2,2,1,16,v_66,0,0.0,2.833213344056216,17
CKT_0067,T2,2,2,16,v_66,0,0.0,2.833213344056216,17
CKT_0067,T2,2,3,16,v_66,0,0.0,2.833213344056216,17
CKT_0067,T2,2,4,16,v_66,0,0.0,2.833213344056216,17
CKT_0067,T2,2,5,16,v_66,0,0.0,2.833213344056216,17
CKT_0067,T2,2,6,16,v_66,0,0.0,2.833213344056216,17
CKT_0067,T2,2,7,16,v_66,0,0.0,2.833213344056216,17
CKT_0067,T2,2,8,16,v_66,0,0.0,2.833213344056216,17
CKT_0067,T2,2,9,16,v_66,0,0.0,2.833213344056216,17
CKT_0067,T2,2,10,16,v_66,0,0.0,2.833213344056216,17
CKT_0067,T2,2,11,16,v_66,0,0.0,2.833213344056216,17
CKT_0067,T2,2,12,16,v_66,0,0.0,2.833213344056216,17
CKT_0067,T2,2,13,16,v_66,0,0.0,2.833213344056216,17
CKT_0067,T2,2,14,16,v_66,0,0.0,2.833213344056216,17
CKT_0067,T2,2,15,16,v_66,0,0.0,2.833213344056216,17
CKT_0067,T2,2,16,16,v_66,0,0.0,2.833213344056216,17
CKT_0067,T2,2,17,16,v_66,0,0.0,2.833213344056216,17
CKT_0067,T2,2,18,16,v_66,0,0.0,2.833213344056216,17
CKT_0067,T2,2,19,16,v_66,0,0.0,2.833213344056216,17
CKT_0067,T2,2,20,16,v_66,0,0.0,2.833213344056216,17
CKT_0067,T2,2,21,16,v_66,0,0.0,2.833213344056216,17
CKT_0067,T2,2,22,16,v_66,0,0.0,2.833213344056216,17
CKT_0067,T2,2,23,16,v_66,0,0.0,2.833213344056216,17
CKT_0067,T2,3,0,16,v_66,16,7254915574973.978,1.105240844637142e-27,17
CKT_0067,T2,3,1,16,v_66,0,0.0,2.833213344056216,17
CKT_0067,T2,3,2,16,v_66,0,0.0,2.833213344056216,17
CKT_0067,T2,3,3,16,v_66,0,0.0,2.833213344056216,17
CKT_0067,T2,3,4,16,v_66,0,0.0,2.833213344056216,17
CKT_0067,T2,3,5,16,v_66,0,0.0,2.833213344056216,17
CKT_0067,T2,3,6,16,v_66,0,0.0,2.833213344056216,17
CKT_0067,T2,3,7,16,v_66,0,0.0,2.833213344056216,17
CKT_0067,T2,3,8,16,v_66,0,0.0,2.833213344056216,17
CKT_0067,T2,3,9,16,v_66,0,0.0,2.833213344056216,17
CKT_0067,T2,3,10,16,v_66,0,0.0,2.833213344056216,17
CKT_0067,T2,3,11,16,v_66,0,0.0,2.833213344056216,17
CKT_0067,T2,3,12,16,v_66,0,0.0,2.833213344056216,17
CKT_0067,T2,3,13,16,v_66,0,0.0,2.833213344056216,17
CKT_0067,T2,3,14,16,v_66,0,0.0,2.833213344056216,17
CKT_0067,T2,3,15,16,v_66,0,0.0,2.833213344056216,17
CKT_0067,T2,3,16,16,v_66,0,0.0,2.833213344056216,17
CKT_0067,T2,3,17,16,v_66,0,0.0,2.833213344056216,17
CKT_0067,T2,3,18,16,v_66,0,0.0,2.833213344056216,17
CKT_0067,T2,3,19,16,v_66,0,0.0,2.833213344056216,17
CKT_0067,T2,3,20,16,v_66,0,0.0,2.833213344056216,17
CKT_0067,T2,3,21,16,v_66,0,0.0,2.833213344056216,17
CKT_0067,T2,3,22,16,v_66,0,0.0,2.833213344056216,17
CKT_0067,T2,3,23,16,v_66,0,0.0,2.833213344056216,17
CKT_0067,T2,0,0,17,skip,17,8188296526140.221,1.1743183974269635e-27,18
CKT_0067,T2,0,1,17,skip,17,8188296526140.221,1.1743183974269635e-27,18
CKT_0067,T2,0,2,17,skip,0,0.0,2.890371757896165,18
CKT_0067,T2,0,3,17,skip,0,0.0,2.890371757896165,18
CKT_0067,T2,0,4,17,skip,0,0.0,2.890371757896165,18
CKT_0067,T2,0,5,17,skip,0,0.0,2.890371757896165,18
CKT_0067,T2,0,6,17,skip,0,0.0,2.890371757896165,18
CKT_0067,T2,0,7,17,skip,0,0.0,2.890371757896165,18
CKT_0067,T2,0,8,17,skip,0,0.0,2.890371757896165,18
CKT_0067,T2,0,9,17,skip,0,0.0,2.890371757896165,18
CKT_0067,T2,0,10,17,skip,0,0.0,2.890371757896165,18
CKT_0067,T2,0,11,17,skip,0,0.0,2.890371757896165,18
CKT_0067,T2,0,12,17,skip,0,0.0,2.890371757896165,18
CKT_0067,T2,0,13,17,skip,0,0.0,2.890371757896165,18
CKT_0067,T2,0,14,17,skip,0,0.0,2.890371757896165,18
CKT_0067,T2,0,15,17,skip,0,0.0,2.890371757896165,18
CKT_0067,T2,0,16,17,skip,0,0.0,2.890371757896165,18
CKT_0067,T2,0,17,17,skip,0,0.0,2.890371757896165,18
CKT_0067,T2,0,18,17,skip,0,0.0,2.890371757896165,18
CKT_0067,T2,0,19,17,skip,0,0.0,2.890371757896165,18
CKT_0067,T2,0,20,17,skip,0,0.0,2.890371757896165,18
CKT_0067,T2,0,21,17,skip,0,0.0,2.890371757896165,18
CKT_0067,T2,0,22,17,skip,0,0.0,2.890371757896165,18
CKT_0067,T2,0,23,17,skip,0,0.0,2.890371757896165,18
CKT_0067,T2,1,0,17,skip,16,4077588043372.504,1.1743183974269635e-27,18
CKT_0067,T2,1,1,17,skip,16,4077588043372.504,1.1743183974269635e-27,18
CKT_0067,T2,1,2,17,skip,16,4077588043372.504,1.1743183974269635e-27,18
CKT_0067,T2,1,3,17,skip,16,4077588043372.504,1.1743183974269635e-27,18
CKT_0067,T2,1,4,17,skip,16,4077588043372.504,1.1743183974269635e-27,18
CKT_0067,T2,1,5,17,skip,16,4077588043372.504,1.1743183974269635e-27,18
CKT_0067,T2,1,6,17,skip,16,4077588043372.504,1.1743183974269635e-27,18
CKT_0067,T2,1,7,17,skip,16,4077588043372.504,1.1743183974269635e-27,18
CKT_0067,T2,1,8,17,skip,16,4077588043372.504,1.1743183974269635e-27,18
CKT_0067,T2,1,9,17,skip,16,4077588043372.504,1.1743183974269635e-27,18
CKT_0067,T2,1,10,17,skip,17,8188296526140.221,1.1743183974269635e-27,18
CKT_0067,T2,1,11,17,skip,17,8188296526140.221,1.1743183974269635e-27,18
CKT_0067,T2,1,12,17,skip,17,8188296526140.221,1.1743183974269635e-27,18
CKT_0067,T2,1,13,17,skip,17,8188296526140.221,1.1743183974269635e-27,18
CKT_0067,T2,1,14,17,skip,17,8188296526140.221,1.1743183974269635e-27,18
CKT_0067,T2,1,15,17,skip,17,8188296526140.221,1.1743183974269635e-27,18
CKT_0067,T2,1,16,17,skip,0,0.0,2.890371757896165,18
CKT_0067,T2,1,17,17,skip,0,0.0,2.890371757896165,18
CKT_0067,T2,1,18,17,skip,0,0.0,2.890371757896165,18
CKT_0067,T2,1,19,17,skip,0,0.0,2.890371757896165,18
CKT_0067,T2,1,20,17,skip,0,0.0,2.890371757896165,18
CKT_0067,T2,1,21,17,skip,0,0.0,2.890371757896165,18
CKT_0067,T2,1,22,17,skip,0,0.0,2.890371757896165,18
CKT_0067,T2,1,23,17,skip,0,0.0,2.890371757896165,18
CKT_0067,T2,2,0,17,skip,0,0.0,2.890371757896165,18
CKT_0067,T2,2,1,17,skip,0,0.0,2.890371757896165,18
CKT_0067,T2,2,2,17,skip,0,0.0,2.890371757896165,18
CKT_0067,T2,2,3,17,skip,0,0.0,2.890371757896165,18
CKT_0067,T2,2,4,17,skip,0,0.0,2.890371757896165,18
CKT_0067,T2,2,5,17,skip,0,0.0,2.890371757896165,18
CKT_0067,T2,2,6,17,skip,0,0.0,2.890371757896165,18
CKT_0067,T2,2,7,17,skip,0,0.0,2.890371757896165,18
CKT_0067,T2,2,8,17,skip,0,0.0,2.890371757896165,18
CKT_0067,T2,2,9,17,skip,0,0.0,2.890371757896165,18
CKT_0067,T2,2,10,17,skip,0,0.0,2.890371757896165,18
CKT_0067,T2,2,11,17,skip,0,0.0,2.890371757896165,18
CKT_0067,T2,2,12,17,skip,0,0.0,2.890371757896165,18
CKT_0067,T2,2,13,17,skip,0,0.0,2.890371757896165,18
CKT_0067,T2,2,14,17,skip,0,0.0,2.890371757896165,18
CKT_0067,T2,2,15,17,skip,0,0.0,2.890371757896165,18
CKT_0067,T2,2,16,17,skip,0,0.0,2.890371757896165,18
CKT_0067,T2,2,17,17,skip,0,0.0,2.890371757896165,18
CKT_0067,T2,2,18,17,skip,0,0.0,2.890371757896165,18
CKT_0067,T2,2,19,17,skip,0,0.0,2.890371757896165,18
CKT_0067,T2,2,20,17,skip,0,0.0,2.890371757896165,18
CKT_0067,T2,2,21,17,skip,0,0.0,2.890371757896165,18
CKT_0067,T2,2,22,17,skip,0,0.0,2.890371757896165,18
CKT_0067,T2,2,23,17,skip,0,0.0,2.890371757896165,18
CKT_0067,T2,3,0,17,skip,17,8188296526140.221,1.1743183974269635e-27,18
CKT_0067,T2,3,1,17,skip,0,0.0,2.890371757896165,18
CKT_0067,T2,3,2,17,skip,0,0.0,2.890371757896165,18
CKT_0067,T2,3,3,17,skip,0,0.0,2.890371757896165,18
CKT_0067,T2,3,4,17,skip,0,0.0,2.890371757896165,18
CKT_0067,T2,3,5,17,skip,0,0.0,2.890371757896165,18
CKT_0067,T2,3,6,17,skip,0,0.0,2.890371757896165,18
CKT_0067,T2,3,7,17,skip,0,0.0,2.890371757896165,18
CKT_0067,T2,3,8,17,skip,0,0.0,2.890371757896165,18
CKT_0067,T2,3,9,17,skip,0,0.0,2.890371757896165,18
CKT_0067,T2,3,10,17,skip,0,0.0,2.890371757896165,18
CKT_0067,T2,3,11,17,skip,0,0.0,2.890371757896165,18
CKT_0067,T2,3,12,17,skip,0,0.0,2.890371757896165,18
CKT_0067,T2,3,13,17,skip,0,0.0,2.890371757896165,18
CKT_0067,T2,3,14,17,skip,0,0.0,2.890371757896165,18
CKT_0067,T2,3,15,17,skip,0,0.0,2.890371757896165,18
CKT_0067,T2,3,16,17,skip,0,0.0,2.890371757896165,18
CKT_0067,T2,3,17,17,skip,0,0.0,2.890371757896165,18
CKT_0067,T2,3,18,17,skip,0,0.0,2.890371757896165,18
CKT_0067,T2,3,19,17,skip,0,0.0,2.890371757896165,18
CKT_0067,T2,3,20,17,skip,0,0.0,2.890371757896165,18
CKT_0067,T2,3,21,17,skip,0,0.0,2.890371757896165,18
CKT_0067,T2,3,22,17,skip,0,0.0,2.890371757896165,18
CKT_0067,T2,3,23,17,skip,0,0.0,2.890371757896165,18
CKT_0067,T2,0,0,18,v_0,18,9178246019801.387,1.243395950216785e-27,19
CKT_0067,T2,0,1,18,v_0,18,9178246019801.387,1.243395950216785e-27,19
CKT_0067,T2,0,2,18,v_0,0,0.0,2.9444389791664403,19
CKT_0067,T2,0,3,18,v_0,0,0.0,2.9444389791664403,19
CKT_0067,T2,0,4,18,v_0,0,0.0,2.9444389791664403,19
CKT_0067,T2,0,5,18,v_0,0,0.0,2.9444389791664403,19
CKT_0067,T2,0,6,18,v_0,0,0.0,2.9444389791664403,19
CKT_0067,T2,0,7,18,v_0,0,0.0,2.9444389791664403,19
CKT_0067,T2,0,8,18,v_0,0,0.0,2.9444389791664403,19
CKT_0067,T2,0,9,18,v_0,0,0.0,2.9444389791664403,19
CKT_0067,T2,0,10,18,v_0,0,0.0,2.9444389791664403,19
CKT_0067,T2,0,11,18,v_0,0,0.0,2.9444389791664403,19
CKT_0067,T2,0,12,18,v_0,0,0.0,2.9444389791664403,19
CKT_0067,T2,0,13,18,v_0,0,0.0,2.9444389791664403,19
CKT_0067,T2,0,14,18,v_0,0,0.0,2.9444389791664403,19
CKT_0067,T2,0,15,18,v_0,0,0.0,2.9444389791664403,19
CKT_0067,T2,0,16,18,v_0,0,0.0,2.9444389791664403,19
CKT_0067,T2,0,17,18,v_0,0,0.0,2.9444389791664403,19
CKT_0067,T2,0,18,18,v_0,0,0.0,2.9444389791664403,19
CKT_0067,T2,0,19,18,v_0,0,0.0,2.9444389791664403,19
CKT_0067,T2,0,20,18,v_0,0,0.0,2.9444389791664403,19
CKT_0067,T2,0,21,18,v_0,0,0.0,2.9444389791664403,19
CKT_0067,T2,0,22,18,v_0,0,0.0,2.9444389791664403,19
CKT_0067,T2,0,23,18,v_0,0,0.0,2.9444389791664403,19
CKT_0067,T2,1,0,18,v_0,18,4586756550514.444,1.243395950216785e-27,19
CKT_0067,T2,1,1,18,v_0,18,4586756550514.444,1.243395950216785e-27,19
CKT_0067,T2,1,2,18,v_0,18,4586756550514.444,1.243395950216785e-27,19
CKT_0067,T2,1,3,18,v_0,18,4586756550514.444,1.243395950216785e-27,19
CKT_0067,T2,1,4,18,v_0,18,4586756550514.444,1.243395950216785e-27,19
CKT_0067,T2,1,5,18,v_0,18,4586756550514.444,1.243395950216785e-27,19
CKT_0067,T2,1,6,18,v_0,18,4586756550514.444,1.243395950216785e-27,19
CKT_0067,T2,1,7,18,v_0,18,4586756550514.444,1.243395950216785e-27,19
CKT_0067,T2,1,8,18,v_0,18,4586756550514.444,1.243395950216785e-27,19
CKT_0067,T2,1,9,18,v_0,18,4586756550514.444,1.243395950216785e-27,19
CKT_0067,T2,1,10,18,v_0,18,9178246019801.387,1.243395950216785e-27,19
CKT_0067,T2,1,11,18,v_0,18,9178246019801.387,1.243395950216785e-27,19
CKT_0067,T2,1,12,18,v_0,18,9178246019801.387,1.243395950216785e-27,19
CKT_0067,T2,1,13,18,v_0,18,9178246019801.387,1.243395950216785e-27,19
CKT_0067,T2,1,14,18,v_0,18,9178246019801.387,1.243395950216785e-27,19
CKT_0067,T2,1,15,18,v_0,18,9178246019801.387,1.243395950216785e-27,19
CKT_0067,T2,1,16,18,v_0,0,0.0,2.9444389791664403,19
CKT_0067,T2,1,17,18,v_0,0,0.0,2.9444389791664403,19
CKT_0067,T2,1,18,18,v_0,0,0.0,2.9444389791664403,19
CKT_0067,T2,1,19,18,v_0,0,0.0,2.9444389791664403,19
CKT_0067,T2,1,20,18,v_0,0,0.0,2.9444389791664403,19
CKT_0067,T2,1,21,18,v_0,0,0.0,2.9444389791664403,19
CKT_0067,T2,1,22,18,v_0,0,0.0,2.9444389791664403,19
CKT_0067,T2,1,23,18,v_0,0,0.0,2.9444389791664403,19
CKT_0067,T2,2,0,18,v_0,0,0.0,2.9444389791664403,19
CKT_0067,T2,2,1,18,v_0,0,0.0,2.9444389791664403,19
CKT_0067,T2,2,2,18,v_0,0,0.0,2.9444389791664403,19
CKT_0067,T2,2,3,18,v_0,0,0.0,2.9444389791664403,19
CKT_0067,T2,2,4,18,v_0,0,0.0,2.9444389791664403,19
CKT_0067,T2,2,5,18,v_0,0,0.0,2.9444389791664403,19
CKT_0067,T2,2,6,18,v_0,0,0.0,2.9444389791664403,19
CKT_0067,T2,2,7,18,v_0,0,0.0,2.9444389791664403,19
CKT_0067,T2,2,8,18,v_0,0,0.0,2.9444389791664403,19
CKT_0067,T2,2,9,18,v_0,0,0.0,2.9444389791664403,19
CKT_0067,T2,2,10,18,v_0,0,0.0,2.9444389791664403,19
CKT_0067,T2,2,11,18,v_0,0,0.0,2.9444389791664403,19
CKT_0067,T2,2,12,18,v_0,0,0.0,2.9444389791664403,19
CKT_0067,T2,2,13,18,v_0,0,0.0,2.9444389791664403,19
CKT_0067,T2,2,14,18,v_0,0,0.0,2.9444389791664403,19
CKT_0067,T2,2,15,18,v_0,0,0.0,2.9444389791664403,19
CKT_0067,T2,2,16,18,v_0,0,0.0,2.9444389791664403,19
CKT_0067,T2,2,17,18,v_0,0,0.0,2.9444389791664403,19
CKT_0067,T2,2,18,18,v_0,0,0.0,2.9444389791664403,19
CKT_0067,T2,2,19,18,v_0,0,0.0,2.9444389791664403,19
CKT_0067,T2,2,20,18,v_0,0,0.0,2.9444389791664403,19
CKT_0067,T2,2,21,18,v_0,0,0.0,2.9444389791664403,19
CKT_0067,T2,2,22,18,v_0,0,0.0,2.9444389791664403,19
CKT_0067,T2,2,23,18,v_0,0,0.0,2.9444389791664403,19
CKT_0067,T2,3,0,18,v_0,18,9178246019801.387,1.243395950216785e-27,19
CKT_0067,T2,3,1,18,v_0,0,0.0,2.9444389791664403,19
CKT_0067,T2,3,2,18,v_0,0,0.0,2.9444389791664403,19
CKT_0067,T2,3,3,18,v_0,0,0.0,2.9444389791664403,19
CKT_0067,T2,3,4,18,v_0,0,0.0,2.9444389791664403,19
CKT_0067,T2,3,5,18,v_0,0,0.0,2.9444389791664403,19
CKT_0067,T2,3,6,18,v_0,0,0.0,2.9444389791664403,19
CKT_0067,T2,3,7,18,v_0,0,0.0,2.9444389791664403,19
CKT_0067,T2,3,8,18,v_0,0,0.0,2.9444389791664403,19
CKT_0067,T2,3,9,18,v_0,0,0.0,2.9444389791664403,19
CKT_0067,T2,3,10,18,v_0,0,0.0,2.9444389791664403,19
CKT_0067,T2,3,11,18,v_0,0,0.0,2.9444389791664403,19
CKT_0067,T2,3,12,18,v_0,0,0.0,2.9444389791664403,19
CKT_0067,T2,3,13,18,v_0,0,0.0,2.9444389791664403,19
CKT_0067,T2,3,14,18,v_0,0,0.0,2.9444389791664403,19
CKT_0067,T2,3,15,18,v_0,0,0.0,2.9444389791664403,19
CKT_0067,T2,3,16,18,v_0,0,0.0,2.9444389791664403,19
CKT_0067,T2,3,17,18,v_0,0,0.0,2.9444389791664403,19
CKT_0067,T2,3,18,18,v_0,0,0.0,2.9444389791664403,19
CKT_0067,T2,3,19,18,v_0,0,0.0,2.9444389791664403,19
CKT_0067,T2,3,20,18,v_0,0,0.0,2.9444389791664403,19
CKT_0067,T2,3,21,18,v_0,0,0.0,2.9444389791664403,19
CKT_0067,T2,3,22,18,v_0,0,0.0,2.9444389791664403,19
CKT_0067,T2,3,23,18,v_0,0,0.0,2.9444389791664403,19
CKT_0067,T2,0,0,19,skip,19,10224764055957.477,1.3124735030066064e-27,20
CKT_0067,T2,0,1,19,skip,19,10224764055957.477,1.3124735030066064e-27,20
CKT_0067,T2,0,2,19,skip,0,0.0,2.995732273553991,20
CKT_0067,T2,0,3,19,skip,0,0.0,2.995732273553991,20
CKT_0067,T2,0,4,19,skip,0,0.0,2.995732273553991,20
CKT_0067,T2,0,5,19,skip,0,0.0,2.995732273553991,20
CKT_0067,T2,0,6,19,skip,0,0.0,2.995732273553991,20
CKT_0067,T2,0,7,19,skip,0,0.0,2.995732273553991,20
CKT_0067,T2,0,8,19,skip,0,0.0,2.995732273553991,20
CKT_0067,T2,0,9,19,skip,0,0.0,2.995732273553991,20
CKT_0067,T2,0,10,19,skip,0,0.0,2.995732273553991,20
CKT_0067,T2,0,11,19,skip,0,0.0,2.995732273553991,20
CKT_0067,T2,0,12,19,skip,0,0.0,2.995732273553991,20
CKT_0067,T2,0,13,19,skip,0,0.0,2.995732273553991,20
CKT_0067,T2,0,14,19,skip,0,0.0,2.995732273553991,20
CKT_0067,T2,0,15,19,skip,0,0.0,2.995732273553991,20
CKT_0067,T2,0,16,19,skip,0,0.0,2.995732273553991,20
CKT_0067,T2,0,17,19,skip,0,0.0,2.995732273553991,20
CKT_0067,T2,0,18,19,skip,0,0.0,2.995732273553991,20
CKT_0067,T2,0,19,19,skip,0,0.0,2.995732273553991,20
CKT_0067,T2,0,20,19,skip,0,0.0,2.995732273553991,20
CKT_0067,T2,0,21,19,skip,0,0.0,2.995732273553991,20
CKT_0067,T2,0,22,19,skip,0,0.0,2.995732273553991,20
CKT_0067,T2,0,23,19,skip,0,0.0,2.995732273553991,20
CKT_0067,T2,1,0,19,skip,18,5095873432968.759,1.3124735030066064e-27,20
CKT_0067,T2,1,1,19,skip,18,5095873432968.759,1.3124735030066064e-27,20
CKT_0067,T2,1,2,19,skip,18,5095873432968.759,1.3124735030066064e-27,20
CKT_0067,T2,1,3,19,skip,18,5095873432968.759,1.3124735030066064e-27,20
CKT_0067,T2,1,4,19,skip,18,5095873432968.759,1.3124735030066064e-27,20
CKT_0067,T2,1,5,19,skip,18,5095873432968.759,1.3124735030066064e-27,20
CKT_0067,T2,1,6,19,skip,18,5095873432968.759,1.3124735030066064e-27,20
CKT_0067,T2,1,7,19,skip,18,5095873432968.759,1.3124735030066064e-27,20
CKT_0067,T2,1,8,19,skip,18,5095873432968.759,1.3124735030066064e-27,20
CKT_0067,T2,1,9,19,skip,18,5095873432968.759,1.3124735030066064e-27,20
CKT_0067,T2,1,10,19,skip,19,10224764055957.477,1.3124735030066064e-27,20
CKT_0067,T2,1,11,19,skip,19,10224764055957.477,1.3124735030066064e-27,20
CKT_0067,T2,1,12,19,skip,19,10224764055957.477,1.3124735030066064e-27,20
CKT_0067,T2,1,13,19,skip,19,10224764055957.477,1.3124735030066064e-27,20
CKT_0067,T2,1,14,19,skip,19,10224764055957.477,1.3124735030066064e-27,20
CKT_0067,T2,1,15,19,skip,19,10224764055957.477,1.3124735030066064e-27,20
CKT_0067,T2,1,16,19,skip,0,0.0,2.995732273553991,20
CKT_0067,T2,1,17,19,skip,0,0.0,2.995732273553991,20
CKT_0067,T2,1,18,19,skip,0,0.0,2.995732273553991,20
CKT_0067,T2,1,19,19,skip,0,0.0,2.995732273553991,20
CKT_0067,T2,1,20,19,skip,0,0.0,2.995732273553991,20
CKT_0067,T2,1,21,19,skip,0,0.0,2.995732273553991,20
CKT_0067,T2,1,22,19,skip,0,0.0,2.995732273553991,20
CKT_0067,T2,1,23,19,skip,0,0.0,2.995732273553991,20
CKT_0067,T2,2,0,19,skip,0,0.0,2.995732273553991,20
CKT_0067,T2,2,1,19,skip,0,0.0,2.995732273553991,20
CKT_0067,T2,2,2,19,skip,0,0.0,2.995732273553991,20
CKT_0067,T2,2,3,19,skip,0,0.0,2.995732273553991,20
CKT_0067,T2,2,4,19,skip,0,0.0,2.995732273553991,20
CKT_0067,T2,2,5,19,skip,0,0.0,2.995732273553991,20
CKT_0067,T2,2,6,19,skip,0,0.0,2.995732273553991,20
CKT_0067,T2,2,7,19,skip,0,0.0,2.995732273553991,20
CKT_0067,T2,2,8,19,skip,0,0.0,2.995732273553991,20
CKT_0067,T2,2,9,19,skip,0,0.0,2.995732273553991,20
CKT_0067,T2,2,10,19,skip,0,0.0,2.995732273553991,20
CKT_0067,T2,2,11,19,skip,0,0.0,2.995732273553991,20
CKT_0067,T2,2,12,19,skip,0,0.0,2.995732273553991,20
CKT_0067,T2,2,13,19,skip,0,0.0,2.995732273553991,20
CKT_0067,T2,2,14,19,skip,0,0.0,2.995732273553991,20
CKT_0067,T2,2,15,19,skip,0,0.0,2.995732273553991,20
CKT_0067,T2,2,16,19,skip,0,0.0,2.995732273553991,20
CKT_0067,T2,2,17,19,skip,0,0.0,2.995732273553991,20
CKT_0067,T2,2,18,19,skip,0,0.0,2.995732273553991,20
CKT_0067,T2,2,19,19,skip,0,0.0,2.995732273553991,20
CKT_0067,T2,2,20,19,skip,0,0.0,2.995732273553991,20
CKT_0067,T2,2,21,19,skip,0,0.0,2.995732273553991,20
CKT_0067,T2,2,22,19,skip,0,0.0,2.995732273553991,20
CKT_0067,T2,2,23,19,skip,0,0.0,2.995732273553991,20
CKT_0067,T2,3,0,19,skip,19,10224764055957.477,1.3124735030066064e-27,20
CKT_0067,T2,3,1,19,skip,0,0.0,2.995732273553991,20
CKT_0067,T2,3,2,19,skip,0,0.0,2.995732273553991,20
CKT_0067,T2,3,3,19,skip,0,0.0,2.995732273553991,20
CKT_0067,T2,3,4,19,skip,0,0.0,2.995732273553991,20
CKT_0067,T2,3,5,19,skip,0,0.0,2.995732273553991,20
CKT_0067,T2,3,6,19,skip,0,0.0,2.995732273553991,20
CKT_0067,T2,3,7,19,skip,0,0.0,2.995732273553991,20
CKT_0067,T2,3,8,19,skip,0,0.0,2.995732273553991,20
CKT_0067,T2,3,9,19,skip,0,0.0,2.995732273553991,20
CKT_0067,T2,3,10,19,skip,0,0.0,2.995732273553991,20
CKT_0067,T2,3,11,19,skip,0,0.0,2.995732273553991,20
CKT_0067,T2,3,12,19,skip,0,0.0,2.995732273553991,20
CKT_0067,T2,3,13,19,skip,0,0.0,2.995732273553991,20
CKT_0067,T2,3,14,19,skip,0,0.0,2.995732273553991,20
CKT_0067,T2,3,15,19,skip,0,0.0,2.995732273553991,20
CKT_0067,T2,3,16,19,skip,0,0.0,2.995732273553991,20
CKT_0067,T2,3,17,19,skip,0,0.0,2.995732273553991,20
CKT_0067,T2,3,18,19,skip,0,0.0,2.995732273553991,20
CKT_0067,T2,3,19,19,skip,0,0.0,2.995732273553991,20
CKT_0067,T2,3,20,19,skip,0,0.0,2.995732273553991,20
CKT_0067,T2,3,21,19,skip,0,0.0,2.995732273553991,20
CKT_0067,T2,3,22,19,skip,0,0.0,2.995732273553991,20
CKT_0067,T2,3,23,19,skip,0,0.0,2.995732273553991,20
CKT_0067,T2,0,0,20,v_0,20,11327850634608.492,1.3815510557964278e-27,21
CKT_0067,T2,0,1,20,v_0,20,11327850634608.492,1.3815510557964278e-27,21
CKT_0067,T2,0,2,20,v_0,0,0.0,3.044522437723422,21
CKT_0067,T2,0,3,20,v_0,0,0.0,3.044522437723422,21
CKT_0067,T2,0,4,20,v_0,0,0.0,3.044522437723422,21
CKT_0067,T2,0,5,20,v_0,0,0.0,3.044522437723422,21
CKT_0067,T2,0,6,20,v_0,0,0.0,3.044522437723422,21
CKT_0067,T2,0,7,20,v_0,0,0.0,3.044522437723422,21
CKT_0067,T2,0,8,20,v_0,0,0.0,3.044522437723422,21
CKT_0067,T2,0,9,20,v_0,0,0.0,3.044522437723422,21
CKT_0067,T2,0,10,20,v_0,0,0.0,3.044522437723422,21
CKT_0067,T2,0,11,20,v_0,0,0.0,3.044522437723422,21
CKT_0067,T2,0,12,20,v_0,0,0.0,3.044522437723422,21
CKT_0067,T2,0,13,20,v_0,0,0.0,3.044522437723422,21
CKT_0067,T2,0,14,20,v_0,0,0.0,3.044522437723422,21
CKT_0067,T2,0,15,20,v_0,0,0.0,3.044522437723422,21
CKT_0067,T2,0,16,20,v_0,0,0.0,3.044522437723422,21
CKT_0067,T2,0,17,20,v_0,0,0.0,3.044522437723422,21
CKT_0067,T2,0,18,20,v_0,0,0.0,3.044522437723422,21
CKT_0067,T2,0,19,20,v_0,0,0.0,3.044522437723422,21
CKT_0067,T2,0,20,20,v_0,0,0.0,3.044522437723422,21
CKT_0067,T2,0,21,20,v_0,0,0.0,3.044522437723422,21
CKT_0067,T2,0,22,20,v_0,0,0.0,3.044522437723422,21
CKT_0067,T2,0,23,20,v_0,0,0.0,3.044522437723422,21
CKT_0067,T2,1,0,20,v_0,20,5661602526347.521,1.3815510557964278e-27,21
CKT_0067,T2,1,1,20,v_0,20,5661602526347.521,1.3815510557964278e-27,21
CKT_0067,T2,1,2,20,v_0,20,5661602526347.521,1.3815510557964278e-27,21
CKT_0067,T2,1,3,20,v_0,20,5661602526347.521,1.3815510557964278e-27,21
CKT_0067,T2,1,4,20,v_0,20,5661602526347.521,1.3815510557964278e-27,21
CKT_0067,T2,1,5,20,v_0,20,5661602526347.521,1.3815510557964278e-27,21
CKT_0067,T2,1,6,20,v_0,20,5661602526347.521,1.3815510557964278e-27,21
CKT_0067,T2,1,7,20,v_0,20,5661602526347.521,1.3815510557964278e-27,21
CKT_0067,T2,1,8,20,v_0,20,5661602526347.521,1.3815510557964278e-27,21
CKT_0067,T2,1,9,20,v_0,20,5661602526347.521,1.3815510557964278e-27,21
CKT_0067,T2,1,10,20,v_0,20,11327850634608.492,1.3815510557964278e-27,21
CKT_0067,T2,1,11,20,v_0,20,11327850634608.492,1.3815510557964278e-27,21
CKT_0067,T2,1,12,20,v_0,20,11327850634608.492,1.3815510557964278e-27,21
CKT_0067,T2,1,13,20,v_0,20,11327850634608.492,1.3815510557964278e-27,21
CKT_0067,T2,1,14,20,v_0,20,11327850634608.492,1.3815510557964278e-27,21
CKT_0067,T2,1,15,20,v_0,20,11327850634608.492,1.3815510557964278e-27,21
CKT_0067,T2,1,16,20,v_0,0,0.0,3.044522437723422,21
CKT_0067,T2,1,17,20,v_0,0,0.0,3.044522437723422,21
CKT_0067,T2,1,18,20,v_0,0,0.0,3.044522437723422,21
CKT_0067,T2,1,19,20,v_0,0,0.0,3.044522437723422,21
CKT_0067,T2,1,20,20,v_0,0,0.0,3.044522437723422,21
CKT_0067,T2,1,21,20,v_0,0,0.0,3.044522437723422,21
CKT_0067,T2,1,22,20,v_0,0,0.0,3.044522437723422,21
CKT_0067,T2,1,23,20,v_0,0,0.0,3.044522437723422,21
CKT_0067,T2,2,0,20,v_0,0,0.0,3.044522437723422,21
CKT_0067,T2,2,1,20,v_0,0,0.0,3.044522437723422,21
CKT_0067,T2,2,2,20,v_0,0,0.0,3.044522437723422,21
CKT_0067,T2,2,3,20,v_0,0,0.0,3.044522437723422,21
CKT_0067,T2,2,4,20,v_0,0,0.0,3.044522437723422,21
CKT_0067,T2,2,5,20,v_0,0,0.0,3.044522437723422,21
CKT_0067,T2,2,6,20,v_0,0,0.0,3.044522437723422,21
CKT_0067,T2,2,7,20,v_0,0,0.0,3.044522437723422,21
CKT_0067,T2,2,8,20,v_0,0,0.0,3.044522437723422,21
CKT_0067,T2,2,9,20,v_0,0,0.0,3.044522437723422,21
CKT_0067,T2,2,10,20,v_0,0,0.0,3.044522437723422,21
CKT_0067,T2,2,11,20,v_0,0,0.0,3.044522437723422,21
CKT_0067,T2,2,12,20,v_0,0,0.0,3.044522437723422,21
CKT_0067,T2,2,13,20,v_0,0,0.0,3.044522437723422,21
CKT_0067,T2,2,14,20,v_0,0,0.0,3.044522437723422,21
CKT_0067,T2,2,15,20,v_0,0,0.0,3.044522437723422,21
CKT_0067,T2,2,16,20,v_0,0,0.0,3.044522437723422,21
CKT_0067,T2,2,17,20,v_0,0,0.0,3.044522437723422,21
CKT_0067,T2,2,18,20,v_0,0,0.0,3.044522437723422,21
CKT_0067,T2,2,19,20,v_0,0,0.0,3.044522437723422,21
CKT_0067,T2,2,20,20,v_0,0,0.0,3.044522437723422,21
CKT_0067,T2,2,21,20,v_0,0,0.0,3.044522437723422,21
CKT_0067,T2,2,22,20,v_0,0,0.0,3.044522437723422,21
CKT_0067,T2,2,23,20,v_0,0,0.0,3.044522437723422,21
CKT_0067,T2,3,0,20,v_0,20,11327850634608.492,1.3815510557964278e-27,21
CKT_0067,T2,3,1,20,v_0,0,0.0,3.044522437723422,21
CKT_0067,T2,3,2,20,v_0,0,0.0,3.044522437723422,21
CKT_0067,T2,3,3,20,v_0,0,0.0,3.044522437723422,21
CKT_0067,T2,3,4,20,v_0,0,0.0,3.044522437723422,21
CKT_0067,T2,3,5,20,v_0,0,0.0,3.044522437723422,21
CKT_0067,T2,3,6,20,v_0,0,0.0,3.044522437723422,21
CKT_0067,T2,3,7,20,v_0,0,0.0,3.044522437723422,21
CKT_0067,T2,3,8,20,v_0,0,0.0,3.044522437723422,21
CKT_0067,T2,3,9,20,v_0,0,0.0,3.044522437723422,21
CKT_0067,T2,3,10,20,v_0,0,0.0,3.044522437723422,21
CKT_0067,T2,3,11,20,v_0,0,0.0,3.044522437723422,21
CKT_0067,T2,3,12,20,v_0,0,0.0,3.044522437723422,21
CKT_0067,T2,3,13,20,v_0,0,0.0,3.044522437723422,21
CKT_0067,T2,3,14,20,v_0,0,0.0,3.044522437723422,21
CKT_0067,T2,3,15,20,v_0,0,0.0,3.044522437723422,21
CKT_0067,T2,3,16,20,v_0,0,0.0,3.044522437723422,21
CKT_0067,T2,3,17,20,v_0,0,0.0,3.044522437723422,21
CKT_0067,T2,3,18,20,v_0,0,0.0,3.044522437723422,21
CKT_0067,T2,3,19,20,v_0,0,0.0,3.044522437723422,21
CKT_0067,T2,3,20,20,v_0,0,0.0,3.044522437723422,21
CKT_0067,T2,3,21,20,v_0,0,0.0,3.044522437723422,21
CKT_0067,T2,3,22,20,v_0,0,0.0,3.044522437723422,21
CKT_0067,T2,3,23,20,v_0,0,0.0,3.044522437723422,21
CKT_0067,T2,0,0,21,skip,21,12487505755754.43,1.4506286085862492e-27,22
CKT_0067,T2,0,1,21,skip,21,12487505755754.43,1.4506286085862492e-27,22
CKT_0067,T2,0,2,21,skip,0,0.0,3.091042453358315,22
CKT_0067,T2,0,3,21,skip,0,0.0,3.091042453358315,22
CKT_0067,T2,0,4,21,skip,0,0.0,3.091042453358315,22
CKT_0067,T2,0,5,21,skip,0,0.0,3.091042453358315,22
CKT_0067,T2,0,6,21,skip,0,0.0,3.091042453358315,22
CKT_0067,T2,0,7,21,skip,0,0.0,3.091042453358315,22
CKT_0067,T2,0,8,21,skip,0,0.0,3.091042453358315,22
CKT_0067,T2,0,9,21,skip,0,0.0,3.091042453358315,22
CKT_0067,T2,0,10,21,skip,0,0.0,3.091042453358315,22
CKT_0067,T2,0,11,21,skip,0,0.0,3.091042453358315,22
CKT_0067,T2,0,12,21,skip,0,0.0,3.091042453358315,22
CKT_0067,T2,0,13,21,skip,0,0.0,3.091042453358315,22
CKT_0067,T2,0,14,21,skip,0,0.0,3.091042453358315,22
CKT_0067,T2,0,15,21,skip,0,0.0,3.091042453358315,22
CKT_0067,T2,0,16,21,skip,0,0.0,3.091042453358315,22
CKT_0067,T2,0,17,21,skip,0,0.0,3.091042453358315,22
CKT_0067,T2,0,18,21,skip,0,0.0,3.091042453358315,22
CKT_0067,T2,0,19,21,skip,0,0.0,3.091042453358315,22
CKT_0067,T2,0,20,21,skip,0,0.0,3.091042453358315,22
CKT_0067,T2,0,21,21,skip,0,0.0,3.091042453358315,22
CKT_0067,T2,0,22,21,skip,0,0.0,3.091042453358315,22
CKT_0067,T2,0,23,21,skip,0,0.0,3.091042453358315,22
CKT_0067,T2,1,0,21,skip,20,6227287951296.76,1.4506286085862492e-27,22
CKT_0067,T2,1,1,21,skip,20,6227287951296.76,1.4506286085862492e-27,22
CKT_0067,T2,1,2,21,skip,20,6227287951296.76,1.4506286085862492e-27,22
CKT_0067,T2,1,3,21,skip,20,6227287951296.76,1.4506286085862492e-27,22
CKT_0067,T2,1,4,21,skip,20,6227287951296.76,1.4506286085862492e-27,22
CKT_0067,T2,1,5,21,skip,20,6227287951296.76,1.4506286085862492e-27,22
CKT_0067,T2,1,6,21,skip,20,6227287951296.76,1.4506286085862492e-27,22
CKT_0067,T2,1,7,21,skip,20,6227287951296.76,1.4506286085862492e-27,22
CKT_0067,T2,1,8,21,skip,20,6227287951296.76,1.4506286085862492e-27,22
CKT_0067,T2,1,9,21,skip,20,6227287951296.76,1.4506286085862492e-27,22
CKT_0067,T2,1,10,21,skip,21,12487505755754.43,1.4506286085862492e-27,22
CKT_0067,T2,1,11,21,skip,21,12487505755754.43,1.4506286085862492e-27,22
CKT_0067,T2,1,12,21,skip,21,12487505755754.43,1.4506286085862492e-27,22
CKT_0067,T2,1,13,21,skip,21,12487505755754.43,1.4506286085862492e-27,22
CKT_0067,T2,1,14,21,skip,21,12487505755754.43,1.4506286085862492e-27,22
CKT_0067,T2,1,15,21,skip,21,12487505755754.43,1.4506286085862492e-27,22
CKT_0067,T2,1,16,21,skip,0,0.0,3.091042453358315,22
CKT_0067,T2,1,17,21,skip,0,0.0,3.091042453358315,22
CKT_0067,T2,1,18,21,skip,0,0.0,3.091042453358315,22
CKT_0067,T2,1,19,21,skip,0,0.0,3.091042453358315,22
CKT_0067,T2,1,20,21,skip,0,0.0,3.091042453358315,22
CKT_0067,T2,1,21,21,skip,0,0.0,3.091042453358315,22
CKT_0067,T2,1,22,21,skip,0,0.0,3.091042453358315,22
CKT_0067,T2,1,23,21,skip,0,0.0,3.091042453358315,22
CKT_0067,T2,2,0,21,skip,0,0.0,3.091042453358315,22
CKT_0067,T2,2,1,21,skip,0,0.0,3.091042453358315,22
CKT_0067,T2,2,2,21,skip,0,0.0,3.091042453358315,22
CKT_0067,T2,2,3,21,skip,0,0.0,3.091042453358315,22
CKT_0067,T2,2,4,21,skip,0,0.0,3.091042453358315,22
CKT_0067,T2,2,5,21,skip,0,0.0,3.091042453358315,22
CKT_0067,T2,2,6,21,skip,0,0.0,3.091042453358315,22
CKT_0067,T2,2,7,21,skip,0,0.0,3.091042453358315,22
CKT_0067,T2,2,8,21,skip,0,0.0,3.091042453358315,22
CKT_0067,T2,2,9,21,skip,0,0.0,3.091042453358315,22
CKT_0067,T2,2,10,21,skip,0,0.0,3.091042453358315,22
CKT_0067,T2,2,11,21,skip,0,0.0,3.091042453358315,22
CKT_0067,T2,2,12,21,skip,0,0.0,3.091042453358315,22
CKT_0067,T2,2,13,21,skip,0,0.0,3.091042453358315,22
CKT_0067,T2,2,14,21,skip,0,0.0,3.091042453358315,22
CKT_0067,T2,2,15,21,skip,0,0.0,3.091042453358315,22
CKT_0067,T2,2,16,21,skip,0,0.0,3.091042453358315,22
CKT_0067,T2,2,17,21,skip,0,0.0,3.091042453358315,22
CKT_0067,T2,2,18,21,skip,0,0.0,3.091042453358315,22
CKT_0067,T2,2,19,21,skip,0,0.0,3.091042453358315,22
CKT_0067,T2,2,20,21,skip,0,0.0,3.091042453358315,22
CKT_0067,T2,2,21,21,skip,0,0.0,3.091042453358315,22
CKT_0067,T2,2,22,21,skip,0,0.0,3.091042453358315,22
CKT_0067,T2,2,23,21,skip,0,0.0,3.091042453358315,22
CKT_0067,T2,3,0,21,skip,21,12487505755754.43,1.4506286085862492e-27,22
CKT_0067,T2,3,1,21,skip,0,0.0,3.091042453358315,22
CKT_0067,T2,3,2,21,skip,0,0.0,3.091042453358315,22
CKT_0067,T2,3,3,21,skip,0,0.0,3.091042453358315,22
CKT_0067,T2,3,4,21,skip,0,0.0,3.091042453358315,22
CKT_0067,T2,3,5,21,skip,0,0.0,3.091042453358315,22
CKT_0067,T2,3,6,21,skip,0,0.0,3.091042453358315,22
CKT_0067,T2,3,7,21,skip,0,0.0,3.091042453358315,22
CKT_0067,T2,3,8,21,skip,0,0.0,3.091042453358315,22
CKT_0067,T2,3,9,21,skip,0,0.0,3.091042453358315,22
CKT_0067,T2,3,10,21,skip,0,0.0,3.091042453358315,22
CKT_0067,T2,3,11,21,skip,0,0.0,3.091042453358315,22
CKT_0067,T2,3,12,21,skip,0,0.0,3.091042453358315,22
CKT_0067,T2,3,13,21,skip,0,0.0,3.091042453358315,22
CKT_0067,T2,3,14,21,skip,0,0.0,3.091042453358315,22
CKT_0067,T2,3,15,21,skip,0,0.0,3.091042453358315,22
CKT_0067,T2,3,16,21,skip,0,0.0,3.091042453358315,22
CKT_0067,T2,3,17,21,skip,0,0.0,3.091042453358315,22
CKT_0067,T2,3,18,21,skip,0,0.0,3.091042453358315,22
CKT_0067,T2,3,19,21,skip,0,0.0,3.091042453358315,22
CKT_0067,T2,3,20,21,skip,0,0.0,3.091042453358315,22
CKT_0067,T2,3,21,21,skip,0,0.0,3.091042453358315,22
CKT_0067,T2,3,22,21,skip,0,0.0,3.091042453358315,22
CKT_0067,T2,3,23,21,skip,0,0.0,3.091042453358315,22
CKT_0067,T2,0,0,22,v_0,22,13703729419395.291,1.5197061613760707e-27,23
CKT_0067,T2,0,1,22,v_0,22,13703729419395.291,1.5197061613760707e-27,23
CKT_0067,T2,0,2,22,v_0,0,0.0,3.1354942159291497,23
CKT_0067,T2,0,3,22,v_0,0,0.0,3.1354942159291497,23
CKT_0067,T2,0,4,22,v_0,0,0.0,3.1354942159291497,23
CKT_0067,T2,0,5,22,v_0,0,0.0,3.1354942159291497,23
CKT_0067,T2,0,6,22,v_0,0,0.0,3.1354942159291497,23
CKT_0067,T2,0,7,22,v_0,0,0.0,3.1354942159291497,23
CKT_0067,T2,0,8,22,v_0,0,0.0,3.1354942159291497,23
CKT_0067,T2,0,9,22,v_0,0,0.0,3.1354942159291497,23
CKT_0067,T2,0,10,22,v_0,0,0.0,3.1354942159291497,23
CKT_0067,T2,0,11,22,v_0,0,0.0,3.1354942159291497,23
CKT_0067,T2,0,12,22,v_0,0,0.0,3.1354942159291497,23
CKT_0067,T2,0,13,22,v_0,0,0.0,3.1354942159291497,23
CKT_0067,T2,0,14,22,v_0,0,0.0,3.1354942159291497,23
CKT_0067,T2,0,15,22,v_0,0,0.0,3.1354942159291497,23
CKT_0067,T2,0,16,22,v_0,0,0.0,3.1354942159291497,23
CKT_0067,T2,0,17,22,v_0,0,0.0,3.1354942159291497,23
CKT_0067,T2,0,18,22,v_0,0,0.0,3.1354942159291497,23
CKT_0067,T2,0,19,22,v_0,0,0.0,3.1354942159291497,23
CKT_0067,T2,0,20,22,v_0,0,0.0,3.1354942159291497,23
CKT_0067,T2,0,21,22,v_0,0,0.0,3.1354942159291497,23
CKT_0067,T2,0,22,22,v_0,0,0.0,3.1354942159291497,23
CKT_0067,T2,0,23,22,v_0,0,0.0,3.1354942159291497,23
CKT_0067,T2,1,0,22,v_0,22,6849579497815.002,1.5197061613760707e-27,23
CKT_0067,T2,1,1,22,v_0,22,6849579497815.002,1.5197061613760707e-27,23
CKT_0067,T2,1,2,22,v_0,22,6849579497815.002,1.5197061613760707e-27,23
CKT_0067,T2,1,3,22,v_0,22,6849579497815.002,1.5197061613760707e-27,23
CKT_0067,T2,1,4,22,v_0,22,6849579497815.002,1.5197061613760707e-27,23
CKT_0067,T2,1,5,22,v_0,22,6849579497815.002,1.5197061613760707e-27,23
CKT_0067,T2,1,6,22,v_0,22,6849579497815.002,1.5197061613760707e-27,23
CKT_0067,T2,1,7,22,v_0,22,6849579497815.002,1.5197061613760707e-27,23
CKT_0067,T2,1,8,22,v_0,22,6849579497815.002,1.5197061613760707e-27,23
CKT_0067,T2,1,9,22,v_0,22,6849579497815.002,1.5197061613760707e-27,23
CKT_0067,T2,1,10,22,v_0,22,13703729419395.291,1.5197061613760707e-27,23
CKT_0067,T2,1,11,22,v_0,22,13703729419395.291,1.5197061613760707e-27,23
CKT_0067,T2,1,12,22,v_0,22,13703729419395.291,1.5197061613760707e-27,23
CKT_0067,T2,1,13,22,v_0,22,13703729419395.291,1.5197061613760707e-27,23
CKT_0067,T2,1,14,22,v_0,22,13703729419395.291,1.5197061613760707e-27,23
CKT_0067,T2,1,15,22,v_0,22,13703729419395.291,1.5197061613760707e-27,23
CKT_0067,T2,1,16,22,v_0,0,0.0,3.1354942159291497,23
CKT_0067,T2,1,17,22,v_0,0,0.0,3.1354942159291497,23
CKT_0067,T2,1,18,22,v_0,0,0.0,3.1354942159291497,23
CKT_0067,T2,1,19,22,v_0,0,0.0,3.1354942159291497,23
CKT_0067,T2,1,20,22,v_0,0,0.0,3.1354942159291497,23
CKT_0067,T2,1,21,22,v_0,0,0.0,3.1354942159291497,23
CKT_0067,T2,1,22,22,v_0,0,0.0,3.1354942159291497,23
CKT_0067,T2,1,23,22,v_0,0,0.0,3.1354942159291497,23
CKT_0067,T2,2,0,22,v_0,0,0.0,3.1354942159291497,23
CKT_0067,T2,2,1,22,v_0,0,0.0,3.1354942159291497,23
CKT_0067,T2,2,2,22,v_0,0,0.0,3.1354942159291497,23
CKT_0067,T2,2,3,22,v_0,0,0.0,3.1354942159291497,23
CKT_0067,T2,2,4,22,v_0,0,0.0,3.1354942159291497,23
CKT_0067,T2,2,5,22,v_0,0,0.0,3.1354942159291497,23
CKT_0067,T2,2,6,22,v_0,0,0.0,3.1354942159291497,23
CKT_0067,T2,2,7,22,v_0,0,0.0,3.1354942159291497,23
CKT_0067,T2,2,8,22,v_0,0,0.0,3.1354942159291497,23
CKT_0067,T2,2,9,22,v_0,0,0.0,3.1354942159291497,23
CKT_0067,T2,2,10,22,v_0,0,0.0,3.1354942159291497,23
CKT_0067,T2,2,11,22,v_0,0,0.0,3.1354942159291497,23
CKT_0067,T2,2,12,22,v_0,0,0.0,3.1354942159291497,23
CKT_0067,T2,2,13,22,v_0,0,0.0,3.1354942159291497,23
CKT_0067,T2,2,14,22,v_0,0,0.0,3.1354942159291497,23
CKT_0067,T2,2,15,22,v_0,0,0.0,3.1354942159291497,23
CKT_0067,T2,2,16,22,v_0,0,0.0,3.1354942159291497,23
CKT_0067,T2,2,17,22,v_0,0,0.0,3.1354942159291497,23
CKT_0067,T2,2,18,22,v_0,0,0.0,3.1354942159291497,23
CKT_0067,T2,2,19,22,v_0,0,0.0,3.1354942159291497,23
CKT_0067,T2,2,20,22,v_0,0,0.0,3.1354942159291497,23
CKT_0067,T2,2,21,22,v_0,0,0.0,3.1354942159291497,23
CKT_0067,T2,2,22,22,v_0,0,0.0,3.1354942159291497,23
CKT_0067,T2,2,23,22,v_0,0,0.0,3.1354942159291497,23
CKT_0067,T2,3,0,22,v_0,22,13703729419395.291,1.5197061613760707e-27,23
CKT_0067,T2,3,1,22,v_0,0,0.0,3.1354942159291497,23
CKT_0067,T2,3,2,22,v_0,0,0.0,3.1354942159291497,23
CKT_0067,T2,3,3,22,v_0,0,0.0,3.1354942159291497,23
CKT_0067,T2,3,4,22,v_0,0,0.0,3.1354942159291497,23
CKT_0067,T2,3,5,22,v_0,0,0.0,3.1354942159291497,23
CKT_0067,T2,3,6,22,v_0,0,0.0,3.1354942159291497,23
CKT_0067,T2,3,7,22,v_0,0,0.0,3.1354942159291497,23
CKT_0067,T2,3,8,22,v_0,0,0.0,3.1354942159291497,23
CKT_0067,T2,3,9,22,v_0,0,0.0,3.1354942159291497,23
CKT_0067,T2,3,10,22,v_0,0,0.0,3.1354942159291497,23
CKT_0067,T2,3,11,22,v_0,0,0.0,3.1354942159291497,23
CKT_0067,T2,3,12,22,v_0,0,0.0,3.1354942159291497,23
CKT_0067,T2,3,13,22,v_0,0,0.0,3.1354942159291497,23
CKT_0067,T2,3,14,22,v_0,0,0.0,3.1354942159291497,23
CKT_0067,T2,3,15,22,v_0,0,0.0,3.1354942159291497,23
CKT_0067,T2,3,16,22,v_0,0,0.0,3.1354942159291497,23
CKT_0067,T2,3,17,22,v_0,0,0.0,3.1354942159291497,23
CKT_0067,T2,3,18,22,v_0,0,0.0,3.1354942159291497,23
CKT_0067,T2,3,19,22,v_0,0,0.0,3.1354942159291497,23
CKT_0067,T2,3,20,22,v_0,0,0.0,3.1354942159291497,23
CKT_0067,T2,3,21,22,v_0,0,0.0,3.1354942159291497,23
CKT_0067,T2,3,22,22,v_0,0,0.0,3.1354942159291497,23
CKT_0067,T2,3,23,22,v_0,0,0.0,3.1354942159291497,23
CKT_0067,T2,0,0,23,readout,23,14976521625531.078,1.5887837141658916e-27,24
CKT_0067,T2,0,1,23,readout,23,14976521625531.078,1.5887837141658916e-27,24
CKT_0067,T2,0,2,23,readout,0,0.0,3.1780538303479453,24
CKT_0067,T2,0,3,23,readout,0,0.0,3.1780538303479453,24
CKT_0067,T2,0,4,23,readout,0,0.0,3.1780538303479453,24
CKT_0067,T2,0,5,23,readout,0,0.0,3.1780538303479453,24
CKT_0067,T2,0,6,23,readout,0,0.0,3.1780538303479453,24
CKT_0067,T2,0,7,23,readout,0,0.0,3.1780538303479453,24
CKT_0067,T2,0,8,23,readout,0,0.0,3.1780538303479453,24
CKT_0067,T2,0,9,23,readout,0,0.0,3.1780538303479453,24
CKT_0067,T2,0,10,23,readout,0,0.0,3.1780538303479453,24
CKT_0067,T2,0,11,23,readout,0,0.0,3.1780538303479453,24
CKT_0067,T2,0,12,23,readout,0,0.0,3.1780538303479453,24
CKT_0067,T2,0,13,23,readout,0,0.0,3.1780538303479453,24
CKT_0067,T2,0,14,23,readout,0,0.0,3.1780538303479453,24
CKT_0067,T2,0,15,23,readout,0,0.0,3.1780538303479453,24
CKT_0067,T2,0,16,23,readout,0,0.0,3.1780538303479453,24
CKT_0067,T2,0,17,23,readout,0,0.0,3.1780538303479453,24
CKT_0067,T2,0,18,23,readout,0,0.0,3.1780538303479453,24
CKT_0067,T2,0,19,23,readout,0,0.0,3.1780538303479453,24
CKT_0067,T2,0,20,23,readout,0,0.0,3.1780538303479453,24
CKT_0067,T2,0,21,23,readout,0,0.0,3.1780538303479453,24
CKT_0067,T2,0,22,23,readout,0,0.0,3.1780538303479453,24
CKT_0067,T2,0,23,23,readout,0,0.0,3.1780538303479453,24
CKT_0067,T2,1,0,23,readout,2,59628960834.71422,1.5887837141658916e-27,24
CKT_0067,T2,1,1,23,readout,4,230027143807.1562,1.5887837141658916e-27,24
CKT_0067,T2,1,2,23,readout,6,513197440240.7015,1.5887837141658916e-27,24
CKT_0067,T2,1,3,23,readout,12,2040980731588.9075,1.5887837141658916e-27,24
CKT_0067,T2,1,4,23,readout,16,3625039703413.1143,1.5887837141658916e-27,24
CKT_0067,T2,1,5,23,readout,22,7471833465259.164,1.5887837141658916e-27,24
CKT_0067,T2,1,6,23,readout,22,7471833465259.164,1.5887837141658916e-27,24
CKT_0067,T2,1,7,23,readout,22,7471833465259.164,1.5887837141658916e-27,24
CKT_0067,T2,1,8,23,readout,22,7471833465259.164,1.5887837141658916e-27,24
CKT_0067,T2,1,9,23,readout,22,7471833465259.164,1.5887837141658916e-27,24
CKT_0067,T2,1,10,23,readout,23,14976521625531.078,1.5887837141658916e-27,24
CKT_0067,T2,1,11,23,readout,23,14976521625531.078,1.5887837141658916e-27,24
CKT_0067,T2,1,12,23,readout,23,14976521625531.078,1.5887837141658916e-27,24
CKT_0067,T2,1,13,23,readout,23,14976521625531.078,1.5887837141658916e-27,24
CKT_0067,T2,1,14,23,readout,23,14976521625531.078,1.5887837141658916e-27,24
CKT_0067,T2,1,15,23,readout,23,14976521625531.078,1.5887837141658916e-27,24
CKT_0067,T2,1,16,23,readout,0,0.0,3.1780538303479453,24
CKT_0067,T2,1,17,23,readout,0,0.0,3.1780538303479453,24
CKT_0067,T2,1,18,23,readout,0,0.0,3.1780538303479453,24
CKT_0067,T2,1,19,23,readout,0,0.0,3.1780538303479453,24
CKT_0067,T2,1,20,23,readout,0,0.0,3.1780538303479453,24
CKT_0067,T2,1,21,23,readout,0,0.0,3.1780538303479453,24
CKT_0067,T2,1,22,23,readout,0,0.0,3.1780538303479453,24
CKT_0067,T2,1,23,23,readout,0,0.0,3.1780538303479453,24
CKT_0067,T2,2,0,23,readout,0,0.0,3.1780538303479453,24
CKT_0067,T2,2,1,23,readout,0,0.0,3.1780538303479453,24
CKT_0067,T2,2,2,23,readout,0,0.0,3.1780538303479453,24
CKT_0067,T2,2,3,23,readout,0,0.0,3.1780538303479453,24
CKT_0067,T2,2,4,23,readout,0,0.0,3.1780538303479453,24
CKT_0067,T2,2,5,23,readout,0,0.0,3.1780538303479453,24
CKT_0067,T2,2,6,23,readout,0,0.0,3.1780538303479453,24
CKT_0067,T2,2,7,23,readout,0,0.0,3.1780538303479453,24
CKT_0067,T2,2,8,23,readout,0,0.0,3.1780538303479453,24
CKT_0067,T2,2,9,23,readout,0,0.0,3.1780538303479453,24
CKT_0067,T2,2,10,23,readout,0,0.0,3.1780538303479453,24
CKT_0067,T2,2,11,23,readout,0,0.0,3.1780538303479453,24
CKT_0067,T2,2,12,23,readout,0,0.0,3.1780538303479453,24
CKT_0067,T2,2,13,23,readout,0,0.0,3.1780538303479453,24
CKT_0067,T2,2,14,23,readout,0,0.0,3.1780538303479453,24
CKT_0067,T2,2,15,23,readout,0,0.0,3.1780538303479453,24
CKT_0067,T2,2,16,23,readout,0,0.0,3.1780538303479453,24
CKT_0067,T2,2,17,23,readout,0,0.0,3.1780538303479453,24
CKT_0067,T2,2,18,23,readout,0,0.0,3.1780538303479453,24
CKT_0067,T2,2,19,23,readout,0,0.0,3.1780538303479453,24
CKT_0067,T2,2,20,23,readout,0,0.0,3.1780538303479453,24
CKT_0067,T2,2,21,23,readout,0,0.0,3.1780538303479453,24
CKT_0067,T2,2,22,23,readout,0,0.0,3.1780538303479453,24
CKT_0067,T2,2,23,23,readout,0,0.0,3.1780538303479453,24
CKT_0067,T2,3,0,23,readout,23,14976521625531.078,1.5887837141658916e-27,24
CKT_0067,T2,3,1,23,readout,0,0.0,3.1780538303479453,24
CKT_0067,T2,3,2,23,readout,0,0.0,3.1780538303479453,24
CKT_0067,T2,3,3,23,readout,0,0.0,3.1780538303479453,24
CKT_0067,T2,3,4,23,readout,0,0.0,3.1780538303479453,24
CKT_0067,T2,3,5,23,readout,0,0.0,3.1780538303479453,24
CKT_0067,T2,3,6,23,readout,0,0.0,3.1780538303479453,24
CKT_0067,T2,3,7,23,readout,0,0.0,3.1780538303479453,24
CKT_0067,T2,3,8,23,readout,0,0.0,3.1780538303479453,24
CKT_0067,T2,3,9,23,readout,0,0.0,3.1780538303479453,24
CKT_0067,T2,3,10,23,readout,0,0.0,3.1780538303479453,24
CKT_0067,T2,3,11,23,readout,0,0.0,3.1780538303479453,24
CKT_0067,T2,3,12,23,readout,0,0.0,3.1780538303479453,24
CKT_0067,T2,3,13,23,readout,0,0.0,3.1780538303479453,24
CKT_0067,T2,3,14,23,readout,0,0.0,3.1780538303479453,24
CKT_0067,T2,3,15,23,readout,0,0.0,3.1780538303479453,24
CKT_0067,T2,3,16,23,readout,0,0.0,3.1780538303479453,24
CKT_0067,T2,3,17,23,readout,0,0.0,3.1780538303479453,24
CKT_0067,T2,3,18,23,readout,0,0.0,3.1780538303479453,24
CKT_0067,T2,3,19,23,readout,0,0.0,3.1780538303479453,24
CKT_0067,T2,3,20,23,readout,0,0.0,3.1780538303479453,24
CKT_0067,T2,3,21,23,readout,0,0.0,3.1780538303479453,24
CKT_0067,T2,3,22,23,readout,0,0.0,3.1780538303479453,24
CKT_0067,T2,3,23,23,readout,0,0.0,3.1780538303479453,24
CKT_0067,T2,0,0,24,halt,24,16305882374161.787,1.657861266955713e-27,25
CKT_0067,T2,0,1,24,halt,24,16305882374161.787,1.657861266955713e-27,25
CKT_0067,T2,0,2,24,halt,0,0.0,3.2188758248682,25
CKT_0067,T2,0,3,24,halt,0,0.0,3.2188758248682,25
CKT_0067,T2,0,4,24,halt,0,0.0,3.2188758248682,25
CKT_0067,T2,0,5,24,halt,0,0.0,3.2188758248682,25
CKT_0067,T2,0,6,24,halt,0,0.0,3.2188758248682,25
CKT_0067,T2,0,7,24,halt,0,0.0,3.2188758248682,25
CKT_0067,T2,0,8,24,halt,0,0.0,3.2188758248682,25
CKT_0067,T2,0,9,24,halt,0,0.0,3.2188758248682,25
CKT_0067,T2,0,10,24,halt,0,0.0,3.2188758248682,25
CKT_0067,T2,0,11,24,halt,0,0.0,3.2188758248682,25
CKT_0067,T2,0,12,24,halt,0,0.0,3.2188758248682,25
CKT_0067,T2,0,13,24,halt,0,0.0,3.2188758248682,25
CKT_0067,T2,0,14,24,halt,0,0.0,3.2188758248682,25
CKT_0067,T2,0,15,24,halt,0,0.0,3.2188758248682,25
CKT_0067,T2,0,16,24,halt,0,0.0,3.2188758248682,25
CKT_0067,T2,0,17,24,halt,0,0.0,3.2188758248682,25
CKT_0067,T2,0,18,24,halt,0,0.0,3.2188758248682,25
CKT_0067,T2,0,19,24,halt,0,0.0,3.2188758248682,25
CKT_0067,T2,0,20,24,halt,0,0.0,3.2188758248682,25
CKT_0067,T2,0,21,24,halt,0,0.0,3.2188758248682,25
CKT_0067,T2,0,22,24,halt,0,0.0,3.2188758248682,25
CKT_0067,T2,0,23,24,halt,0,0.0,3.2188758248682,25
CKT_0067,T2,1,0,24,halt,22,8094087432703.326,1.657861266955713e-27,25
CKT_0067,T2,1,1,24,halt,22,8094087432703.326,1.657861266955713e-27,25
CKT_0067,T2,1,2,24,halt,22,8094087432703.326,1.657861266955713e-27,25
CKT_0067,T2,1,3,24,halt,22,8094087432703.326,1.657861266955713e-27,25
CKT_0067,T2,1,4,24,halt,22,8094087432703.326,1.657861266955713e-27,25
CKT_0067,T2,1,5,24,halt,22,8094087432703.326,1.657861266955713e-27,25
CKT_0067,T2,1,6,24,halt,22,8094087432703.326,1.657861266955713e-27,25
CKT_0067,T2,1,7,24,halt,22,8094087432703.326,1.657861266955713e-27,25
CKT_0067,T2,1,8,24,halt,22,8094087432703.326,1.657861266955713e-27,25
CKT_0067,T2,1,9,24,halt,22,8094087432703.326,1.657861266955713e-27,25
CKT_0067,T2,1,10,24,halt,24,16305882374161.787,1.657861266955713e-27,25
CKT_0067,T2,1,11,24,halt,24,16305882374161.787,1.657861266955713e-27,25
CKT_0067,T2,1,12,24,halt,24,16305882374161.787,1.657861266955713e-27,25
CKT_0067,T2,1,13,24,halt,24,16305882374161.787,1.657861266955713e-27,25
CKT_0067,T2,1,14,24,halt,24,16305882374161.787,1.657861266955713e-27,25
CKT_0067,T2,1,15,24,halt,24,16305882374161.787,1.657861266955713e-27,25
CKT_0067,T2,1,16,24,halt,0,0.0,3.2188758248682,25
CKT_0067,T2,1,17,24,halt,0,0.0,3.2188758248682,25
CKT_0067,T2,1,18,24,halt,0,0.0,3.2188758248682,25
CKT_0067,T2,1,19,24,halt,0,0.0,3.2188758248682,25
CKT_0067,T2,1,20,24,halt,0,0.0,3.2188758248682,25
CKT_0067,T2,1,21,24,halt,0,0.0,3.2188758248682,25
CKT_0067,T2,1,22,24,halt,0,0.0,3.2188758248682,25
CKT_0067,T2,1,23,24,halt,0,0.0,3.2188758248682,25
CKT_0067,T2,2,0,24,halt,0,0.0,3.2188758248682,25
CKT_0067,T2,2,1,24,halt,0,0.0,3.2188758248682,25
CKT_0067,T2,2,2,24,halt,0,0.0,3.2188758248682,25
CKT_0067,T2,2,3,24,halt,0,0.0,3.2188758248682,25
CKT_0067,T2,2,4,24,halt,0,0.0,3.2188758248682,25
CKT_0067,T2,2,5,24,halt,0,0.0,3.2188758248682,25
CKT_0067,T2,2,6,24,halt,0,0.0,3.2188758248682,25
CKT_0067,T2,2,7,24,halt,0,0.0,3.2188758248682,25
CKT_0067,T2,2,8,24,halt,0,0.0,3.2188758248682,25
CKT_0067,T2,2,9,24,halt,0,0.0,3.2188758248682,25
CKT_0067,T2,2,10,24,halt,0,0.0,3.2188758248682,25
CKT_0067,T2,2,11,24,halt,0,0.0,3.2188758248682,25
CKT_0067,T2,2,12,24,halt,0,0.0,3.2188758248682,25
CKT_0067,T2,2,13,24,halt,0,0.0,3.2188758248682,25
CKT_0067,T2,2,14,24,halt,0,0.0,3.2188758248682,25
CKT_0067,T2,2,15,24,halt,0,0.0,3.2188758248682,25
CKT_0067,T2,2,16,24,halt,0,0.0,3.2188758248682,25
CKT_0067,T2,2,17,24,halt,0,0.0,3.2188758248682,25
CKT_0067,T2,2,18,24,halt,0,0.0,3.2188758248682,25
CKT_0067,T2,2,19,24,halt,0,0.0,3.2188758248682,25
CKT_0067,T2,2,20,24,halt,0,0.0,3.2188758248682,25
CKT_0067,T2,2,21,24,halt,0,0.0,3.2188758248682,25
CKT_0067,T2,2,22,24,halt,0,0.0,3.2188758248682,25
CKT_0067,T2,2,23,24,halt,0,0.0,3.2188758248682,25
CKT_0067,T2,3,0,24,halt,24,16305882374161.787,1.657861266955713e-27,25
CKT_0067,T2,3,1,24,halt,0,0.0,3.2188758248682,25
CKT_0067,T2,3,2,24,halt,0,0.0,3.2188758248682,25
CKT_0067,T2,3,3,24,halt,0,0.0,3.2188758248682,25
CKT_0067,T2,3,4,24,halt,0,0.0,3.2188758248682,25
CKT_0067,T2,3,5,24,halt,0,0.0,3.2188758248682,25
CKT_0067,T2,3,6,24,halt,0,0.0,3.2188758248682,25
CKT_0067,T2,3,7,24,halt,0,0.0,3.2188758248682,25
CKT_0067,T2,3,8,24,halt,0,0.0,3.2188758248682,25
CKT_0067,T2,3,9,24,halt,0,0.0,3.2188758248682,25
CKT_0067,T2,3,10,24,halt,0,0.0,3.2188758248682,25
CKT_0067,T2,3,11,24,halt,0,0.0,3.2188758248682,25
CKT_0067,T2,3,12,24,halt,0,0.0,3.2188758248682,25
CKT_0067,T2,3,13,24,halt,0,0.0,3.2188758248682,25
CKT_0067,T2,3,14,24,halt,0,0.0,3.2188758248682,25
CKT_0067,T2,3,15,24,halt,0,0.0,3.2188758248682,25
CKT_0067,T2,3,16,24,halt,0,0.0,3.2188758248682,25
CKT_0067,T2,3,17,24,halt,0,0.0,3.2188758248682,25
CKT_0067,T2,3,18,24,halt,0,0.0,3.2188758248682,25
CKT_0067,T2,3,19,24,halt,0,0.0,3.2188758248682,25
CKT_0067,T2,3,20,24,halt,0,0.0,3.2188758248682,25
CKT_0067,T2,3,21,24,halt,0,0.0,3.2188758248682,25
CKT_0067,T2,3,22,24,halt,0,0.0,3.2188758248682,25
CKT_0067,T2,3,23,24,halt,0,0.0,3.2188758248682,25
