circuit,transformer,layer,head,query_pos,query_tok,argmax_key_pos,max_score,attn_entropy,n_past_keys
CKT_0015,T1,0,0,0,start,0,0.0,-0.0,1
CKT_0015,T1,0,1,0,start,0,0.0,-0.0,1
CKT_0015,T1,0,2,0,start,0,0.0,-0.0,1
CKT_0015,T1,0,3,0,start,0,0.0,-0.0,1
CKT_0015,T1,0,4,0,start,0,0.0,-0.0,1
CKT_0015,T1,0,5,0,start,0,0.0,-0.0,1
CKT_0015,T1,0,6,0,start,0,0.0,-0.0,1
CKT_0015,T1,0,7,0,start,0,0.0,-0.0,1
CKT_0015,T1,0,8,0,start,0,0.0,-0.0,1
CKT_0015,T1,0,9,0,start,0,0.0,-0.0,1
CKT_0015,T1,0,10,0,start,0,0.0,-0.0,1
CKT_0015,T1,0,11,0,start,0,0.0,-0.0,1
CKT_0015,T1,0,12,0,start,0,0.0,-0.0,1
CKT_0015,T1,1,0,0,start,0,0.0,-0.0,1
CKT_0015,T1,1,1,0,start,0,0.0,-0.0,1
CKT_0015,T1,1,2,0,start,0,0.0,-0.0,1
CKT_0015,T1,1,3,0,start,0,0.0,-0.0,1
CKT_0015,T1,1,4,0,start,0,0.0,-0.0,1
CKT_0015,T1,1,5,0,start,0,0.0,-0.0,1
CKT_0015,T1,1,6,0,start,0,0.0,-0.0,1
CKT_0015,T1,1,7,0,start,0,0.0,-0.0,1
CKT_0015,T1,1,8,0,start,0,0.0,-0.0,1
CKT_0015,T1,1,9,0,start,0,0.0,-0.0,1
CKT_0015,T1,1,10,0,start,0,0.0,-0.0,1
CKT_0015,T1,1,11,0,start,0,0.0,-0.0,1
CKT_0015,T1,1,12,0,start,0,0.0,-0.0,1
CKT_0015,T1,2,0,0,start,0,0.0,-0.0,1
CKT_0015,T1,2,1,0,start,0,0.0,-0.0,1
CKT_0015,T1,2,2,0,start,0,0.0,-0.0,1
CKT_0015,T1,2,3,0,start,0,0.0,-0.0,1
CKT_0015,T1,2,4,0,start,0,0.0,-0.0,1
CKT_0015,T1,2,5,0,start,0,0.0,-0.0,1
CKT_0015,T1,2,6,0,start,0,0.0,-0.0,1
CKT_0015,T1,2,7,0,start,0,0.0,-0.0,1
CKT_0015,T1,2,8,0,start,0,0.0,-0.0,1
CKT_0015,T1,2,9,0,start,0,0.0,-0.0,1
CKT_0015,T1,2,10,0,start,0,0.0,-0.0,1
CKT_0015,T1,2,11,0,start,0,0.0,-0.0,1
CKT_0015,T1,2,12,0,start,0,0.0,-0.0,1
CKT_0015,T1,0,0,1,init_0,1,42426406871.192856,6.907755278982138e-29,2
CKT_0015,T1,0,1,1,init_0,1,42426406871.192856,6.907755278982138e-29,2
CKT_0015,T1,0,2,1,init_0,1,42426406871.192856,6.907755278982138e-29,2
CKT_0015,T1,0,3,1,init_0,0,0.0,0.6931471805599453,2
CKT_0015,T1,0,4,1,init_0,0,0.0,0.6931471805599453,2
CKT_0015,T1,0,5,1,init_0,0,0.0,0.6931471805599453,2
CKT_0015,T1,0,6,1,init_0,0,0.0,0.6931471805599453,2
CKT_0015,T1,0,7,1,init_0,0,0.0,0.6931471805599453,2
CKT_0015,T1,0,8,1,init_0,0,0.0,0.6931471805599453,2
CKT_0015,T1,0,9,1,init_0,0,0.0,0.6931471805599453,2
CKT_0015,T1,0,10,1,init_0,0,0.0,0.6931471805599453,2
CKT_0015,T1,0,11,1,init_0,0,0.0,0.6931471805599453,2
CKT_0015,T1,0,12,1,init_0,0,0.0,0.6931471805599453,2
CKT_0015,T1,1,0,1,init_0,1,16401154325.412676,6.907755278982138e-29,2
CKT_0015,T1,1,1,1,init_0,1,16401154325.412676,6.907755278982138e-29,2
CKT_0015,T1,1,2,1,init_0,1,42426406871.192856,6.907755278982138e-29,2
CKT_0015,T1,1,3,1,init_0,1,42426406871.192856,6.907755278982138e-29,2
CKT_0015,T1,1,4,1,init_0,0,0.0,0.6931471805599453,2
CKT_0015,T1,1,5,1,init_0,0,0.0,0.6931471805599453,2
CKT_0015,T1,1,6,1,init_0,0,0.0,0.6931471805599453,2
CKT_0015,T1,1,7,1,init_0,0,0.0,0.6931471805599453,2
CKT_0015,T1,1,8,1,init_0,0,0.0,0.6931471805599453,2
CKT_0015,T1,1,9,1,init_0,0,0.0,0.6931471805599453,2
CKT_0015,T1,1,10,1,init_0,0,0.0,0.6931471805599453,2
CKT_0015,T1,1,11,1,init_0,0,0.0,0.6931471805599453,2
CKT_0015,T1,1,12,1,init_0,0,0.0,0.6931471805599453,2
CKT_0015,T1,2,0,1,init_0,0,0.0,0.6931471805599453,2
CKT_0015,T1,2,1,1,init_0,0,0.0,0.6931471805599453,2
CKT_0015,T1,2,2,1,init_0,0,0.0,0.6931471805599453,2
CKT_0015,T1,2,3,1,init_0,0,0.0,0.6931471805599453,2
CKT_0015,T1,2,4,1,init_0,0,0.0,0.6931471805599453,2
CKT_0015,T1,2,5,1,init_0,0,0.0,0.6931471805599453,2
CKT_0015,T1,2,6,1,init_0,0,0.0,0.6931471805599453,2
CKT_0015,T1,2,7,1,init_0,0,0.0,0.6931471805599453,2
CKT_0015,T1,2,8,1,init_0,0,0.0,0.6931471805599453,2
CKT_0015,T1,2,9,1,init_0,0,0.0,0.6931471805599453,2
CKT_0015,T1,2,10,1,init_0,0,0.0,0.6931471805599453,2
CKT_0015,T1,2,11,1,init_0,0,0.0,0.6931471805599453,2
CKT_0015,T1,2,12,1,init_0,0,0.0,0.6931471805599453,2
CKT_0015,T1,0,0,2,init_1,2,127279220613.57857,1.3815510557964276e-28,3
CKT_0015,T1,0,1,2,init_1,2,127279220613.57857,1.3815510557964276e-28,3
CKT_0015,T1,0,2,2,init_1,2,127279220613.57857,1.3815510557964276e-28,3
CKT_0015,T1,0,3,2,init_1,0,0.0,1.0986122886681096,3
CKT_0015,T1,0,4,2,init_1,0,0.0,1.0986122886681096,3
CKT_0015,T1,0,5,2,init_1,0,0.0,1.0986122886681096,3
CKT_0015,T1,0,6,2,init_1,0,0.0,1.0986122886681096,3
CKT_0015,T1,0,7,2,init_1,0,0.0,1.0986122886681096,3
CKT_0015,T1,0,8,2,init_1,0,0.0,1.0986122886681096,3
CKT_0015,T1,0,9,2,init_1,0,0.0,1.0986122886681096,3
CKT_0015,T1,0,10,2,init_1,0,0.0,1.0986122886681096,3
CKT_0015,T1,0,11,2,init_1,0,0.0,1.0986122886681096,3
CKT_0015,T1,0,12,2,init_1,0,0.0,1.0986122886681096,3
CKT_0015,T1,1,0,2,init_1,2,59628960834.71417,1.3815510557964276e-28,3
CKT_0015,T1,1,1,2,init_1,2,59628960834.71417,1.3815510557964276e-28,3
CKT_0015,T1,1,2,2,init_1,2,127279220613.57857,1.3815510557964276e-28,3
CKT_0015,T1,1,3,2,init_1,2,127279220613.57857,1.3815510557964276e-28,3
CKT_0015,T1,1,4,2,init_1,0,0.0,1.0986122886681096,3
CKT_0015,T1,1,5,2,init_1,0,0.0,1.0986122886681096,3
CKT_0015,T1,1,6,2,init_1,0,0.0,1.0986122886681096,3
CKT_0015,T1,1,7,2,init_1,0,0.0,1.0986122886681096,3
CKT_0015,T1,1,8,2,init_1,0,0.0,1.0986122886681096,3
CKT_0015,T1,1,9,2,init_1,0,0.0,1.0986122886681096,3
CKT_0015,T1,1,10,2,init_1,0,0.0,1.0986122886681096,3
CKT_0015,T1,1,11,2,init_1,0,0.0,1.0986122886681096,3
CKT_0015,T1,1,12,2,init_1,0,0.0,1.0986122886681096,3
CKT_0015,T1,2,0,2,init_1,0,0.0,1.0986122886681096,3
CKT_0015,T1,2,1,2,init_1,0,0.0,1.0986122886681096,3
CKT_0015,T1,2,2,2,init_1,0,0.0,1.0986122886681096,3
CKT_0015,T1,2,3,2,init_1,0,0.0,1.0986122886681096,3
CKT_0015,T1,2,4,2,init_1,0,0.0,1.0986122886681096,3
CKT_0015,T1,2,5,2,init_1,0,0.0,1.0986122886681096,3
CKT_0015,T1,2,6,2,init_1,0,0.0,1.0986122886681096,3
CKT_0015,T1,2,7,2,init_1,0,0.0,1.0986122886681096,3
CKT_0015,T1,2,8,2,init_1,0,0.0,1.0986122886681096,3
CKT_0015,T1,2,9,2,init_1,0,0.0,1.0986122886681096,3
CKT_0015,T1,2,10,2,init_1,0,0.0,1.0986122886681096,3
CKT_0015,T1,2,11,2,init_1,0,0.0,1.0986122886681096,3
CKT_0015,T1,2,12,2,init_1,0,0.0,1.0986122886681096,3
CKT_0015,T1,0,0,3,fwd_0,3,268700576850.8881,2.0723265836946412e-28,4
CKT_0015,T1,0,1,3,fwd_0,3,268700576850.8881,2.0723265836946412e-28,4
CKT_0015,T1,0,2,3,fwd_0,3,268700576850.8881,2.0723265836946412e-28,4
CKT_0015,T1,0,3,3,fwd_0,0,0.0,1.3862943611198906,4
CKT_0015,T1,0,4,3,fwd_0,0,0.0,1.3862943611198906,4
CKT_0015,T1,0,5,3,fwd_0,0,0.0,1.3862943611198906,4
CKT_0015,T1,0,6,3,fwd_0,0,0.0,1.3862943611198906,4
CKT_0015,T1,0,7,3,fwd_0,0,0.0,1.3862943611198906,4
CKT_0015,T1,0,8,3,fwd_0,0,0.0,1.3862943611198906,4
CKT_0015,T1,0,9,3,fwd_0,0,0.0,1.3862943611198906,4
CKT_0015,T1,0,10,3,fwd_0,0,0.0,1.3862943611198906,4
CKT_0015,T1,0,11,3,fwd_0,0,0.0,1.3862943611198906,4
CKT_0015,T1,0,12,3,fwd_0,0,0.0,1.3862943611198906,4
CKT_0015,T1,1,0,3,fwd_0,0,0.0,2.0723265836946412e-28,4
CKT_0015,T1,1,1,3,fwd_0,3,130763956419.46811,2.0723265836946412e-28,4
CKT_0015,T1,1,2,3,fwd_0,3,268700576850.8881,2.0723265836946412e-28,4
CKT_0015,T1,1,3,3,fwd_0,3,268700576850.8881,2.0723265836946412e-28,4
CKT_0015,T1,1,4,3,fwd_0,0,0.0,1.3862943611198906,4
CKT_0015,T1,1,5,3,fwd_0,0,0.0,1.3862943611198906,4
CKT_0015,T1,1,6,3,fwd_0,0,0.0,1.3862943611198906,4
CKT_0015,T1,1,7,3,fwd_0,0,0.0,1.3862943611198906,4
CKT_0015,T1,1,8,3,fwd_0,0,0.0,1.3862943611198906,4
CKT_0015,T1,1,9,3,fwd_0,0,0.0,1.3862943611198906,4
CKT_0015,T1,1,10,3,fwd_0,0,0.0,1.3862943611198906,4
CKT_0015,T1,1,11,3,fwd_0,0,0.0,1.3862943611198906,4
CKT_0015,T1,1,12,3,fwd_0,0,0.0,1.3862943611198906,4
CKT_0015,T1,2,0,3,fwd_0,0,0.0,1.3862943611198906,4
CKT_0015,T1,2,1,3,fwd_0,0,0.0,1.3862943611198906,4
CKT_0015,T1,2,2,3,fwd_0,0,0.0,1.3862943611198906,4
CKT_0015,T1,2,3,3,fwd_0,0,0.0,1.3862943611198906,4
CKT_0015,T1,2,4,3,fwd_0,0,0.0,1.3862943611198906,4
CKT_0015,T1,2,5,3,fwd_0,0,0.0,1.3862943611198906,4
CKT_0015,T1,2,6,3,fwd_0,0,0.0,1.3862943611198906,4
CKT_0015,T1,2,7,3,fwd_0,0,0.0,1.3862943611198906,4
CKT_0015,T1,2,8,3,fwd_0,0,0.0,1.3862943611198906,4
CKT_0015,T1,2,9,3,fwd_0,0,0.0,1.3862943611198906,4
CKT_0015,T1,2,10,3,fwd_0,0,0.0,1.3862943611198906,4
CKT_0015,T1,2,11,3,fwd_0,0,0.0,1.3862943611198906,4
CKT_0015,T1,2,12,3,fwd_0,0,0.0,1.3862943611198906,4
CKT_0015,T1,0,0,4,fwd_1,4,466690475583.1214,2.763102111592855e-28,5
CKT_0015,T1,0,1,4,fwd_1,4,466690475583.1214,2.763102111592855e-28,5
CKT_0015,T1,0,2,4,fwd_1,4,466690475583.1214,2.763102111592855e-28,5
CKT_0015,T1,0,3,4,fwd_1,0,0.0,1.6094379124341005,5
CKT_0015,T1,0,4,4,fwd_1,0,0.0,1.6094379124341005,5
CKT_0015,T1,0,5,4,fwd_1,0,0.0,1.6094379124341005,5
CKT_0015,T1,0,6,4,fwd_1,0,0.0,1.6094379124341005,5
CKT_0015,T1,0,7,4,fwd_1,0,0.0,1.6094379124341005,5
CKT_0015,T1,0,8,4,fwd_1,0,0.0,1.6094379124341005,5
CKT_0015,T1,0,9,4,fwd_1,0,0.0,1.6094379124341005,5
CKT_0015,T1,0,10,4,fwd_1,0,0.0,1.6094379124341005,5
CKT_0015,T1,0,11,4,fwd_1,0,0.0,1.6094379124341005,5
CKT_0015,T1,0,12,4,fwd_1,0,0.0,1.6094379124341005,5
CKT_0015,T1,1,0,4,fwd_1,3,130763956419.46811,2.763102111592855e-28,5
CKT_0015,T1,1,1,4,fwd_1,4,230027143807.156,2.763102111592855e-28,5
CKT_0015,T1,1,2,4,fwd_1,4,466690475583.1214,2.763102111592855e-28,5
CKT_0015,T1,1,3,4,fwd_1,4,466690475583.1214,2.763102111592855e-28,5
CKT_0015,T1,1,4,4,fwd_1,0,0.0,1.6094379124341005,5
CKT_0015,T1,1,5,4,fwd_1,0,0.0,1.6094379124341005,5
CKT_0015,T1,1,6,4,fwd_1,0,0.0,1.6094379124341005,5
CKT_0015,T1,1,7,4,fwd_1,0,0.0,1.6094379124341005,5
CKT_0015,T1,1,8,4,fwd_1,0,0.0,1.6094379124341005,5
CKT_0015,T1,1,9,4,fwd_1,0,0.0,1.6094379124341005,5
CKT_0015,T1,1,10,4,fwd_1,0,0.0,1.6094379124341005,5
CKT_0015,T1,1,11,4,fwd_1,0,0.0,1.6094379124341005,5
CKT_0015,T1,1,12,4,fwd_1,0,0.0,1.6094379124341005,5
CKT_0015,T1,2,0,4,fwd_1,0,0.0,1.6094379124341005,5
CKT_0015,T1,2,1,4,fwd_1,0,0.0,1.6094379124341005,5
CKT_0015,T1,2,2,4,fwd_1,0,0.0,1.6094379124341005,5
CKT_0015,T1,2,3,4,fwd_1,0,0.0,1.6094379124341005,5
CKT_0015,T1,2,4,4,fwd_1,0,0.0,1.6094379124341005,5
CKT_0015,T1,2,5,4,fwd_1,0,0.0,1.6094379124341005,5
CKT_0015,T1,2,6,4,fwd_1,0,0.0,1.6094379124341005,5
CKT_0015,T1,2,7,4,fwd_1,0,0.0,1.6094379124341005,5
CKT_0015,T1,2,8,4,fwd_1,0,0.0,1.6094379124341005,5
CKT_0015,T1,2,9,4,fwd_1,0,0.0,1.6094379124341005,5
CKT_0015,T1,2,10,4,fwd_1,0,0.0,1.6094379124341005,5
CKT_0015,T1,2,11,4,fwd_1,0,0.0,1.6094379124341005,5
CKT_0015,T1,2,12,4,fwd_1,0,0.0,1.6094379124341005,5
CKT_0015,T1,0,0,5,bck_1,5,721248916810.2786,3.453877639491069e-28,6
CKT_0015,T1,0,1,5,bck_1,5,721248916810.2786,3.453877639491069e-28,6
CKT_0015,T1,0,2,5,bck_1,5,721248916810.2786,3.453877639491069e-28,6
CKT_0015,T1,0,3,5,bck_1,0,0.0,1.7917594692280547,6
CKT_0015,T1,0,4,5,bck_1,0,0.0,1.7917594692280547,6
CKT_0015,T1,0,5,5,bck_1,0,0.0,1.7917594692280547,6
CKT_0015,T1,0,6,5,bck_1,0,0.0,1.7917594692280547,6
CKT_0015,T1,0,7,5,bck_1,0,0.0,1.7917594692280547,6
CKT_0015,T1,0,8,5,bck_1,0,0.0,1.7917594692280547,6
CKT_0015,T1,0,9,5,bck_1,0,0.0,1.7917594692280547,6
CKT_0015,T1,0,10,5,bck_1,0,0.0,1.7917594692280547,6
CKT_0015,T1,0,11,5,bck_1,0,0.0,1.7917594692280547,6
CKT_0015,T1,0,12,5,bck_1,0,0.0,1.7917594692280547,6
CKT_0015,T1,1,0,5,bck_1,5,357493941256.4735,3.453877639491069e-28,6
CKT_0015,T1,1,1,5,bck_1,0,0.0,3.453877639491069e-28,6
CKT_0015,T1,1,2,5,bck_1,5,721248916810.2786,3.453877639491069e-28,6
CKT_0015,T1,1,3,5,bck_1,5,721248916810.2786,3.453877639491069e-28,6
CKT_0015,T1,1,4,5,bck_1,0,0.0,1.7917594692280547,6
CKT_0015,T1,1,5,5,bck_1,0,0.0,1.7917594692280547,6
CKT_0015,T1,1,6,5,bck_1,0,0.0,1.7917594692280547,6
CKT_0015,T1,1,7,5,bck_1,0,0.0,1.7917594692280547,6
CKT_0015,T1,1,8,5,bck_1,0,0.0,1.7917594692280547,6
CKT_0015,T1,1,9,5,bck_1,0,0.0,1.7917594692280547,6
CKT_0015,T1,1,10,5,bck_1,0,0.0,1.7917594692280547,6
CKT_0015,T1,1,11,5,bck_1,0,0.0,1.7917594692280547,6
CKT_0015,T1,1,12,5,bck_1,0,0.0,1.7917594692280547,6
CKT_0015,T1,2,0,5,bck_1,0,0.0,1.7917594692280547,6
CKT_0015,T1,2,1,5,bck_1,0,0.0,1.7917594692280547,6
CKT_0015,T1,2,2,5,bck_1,0,0.0,1.7917594692280547,6
CKT_0015,T1,2,3,5,bck_1,0,0.0,1.7917594692280547,6
CKT_0015,T1,2,4,5,bck_1,0,0.0,1.7917594692280547,6
CKT_0015,T1,2,5,5,bck_1,0,0.0,1.7917594692280547,6
CKT_0015,T1,2,6,5,bck_1,0,0.0,1.7917594692280547,6
CKT_0015,T1,2,7,5,bck_1,0,0.0,1.7917594692280547,6
CKT_0015,T1,2,8,5,bck_1,0,0.0,1.7917594692280547,6
CKT_0015,T1,2,9,5,bck_1,0,0.0,1.7917594692280547,6
CKT_0015,T1,2,10,5,bck_1,0,0.0,1.7917594692280547,6
CKT_0015,T1,2,11,5,bck_1,0,0.0,1.7917594692280547,6
CKT_0015,T1,2,12,5,bck_1,0,0.0,1.7917594692280547,6
CKT_0015,T1,0,0,6,bck_0,6,1032375900532.3595,4.1446531673892825e-28,7
CKT_0015,T1,0,1,6,bck_0,6,1032375900532.3595,4.1446531673892825e-28,7
CKT_0015,T1,0,2,6,bck_0,6,1032375900532.3595,4.1446531673892825e-28,7
CKT_0015,T1,0,3,6,bck_0,0,0.0,1.945910149055313,7
CKT_0015,T1,0,4,6,bck_0,0,0.0,1.945910149055313,7
CKT_0015,T1,0,5,6,bck_0,0,0.0,1.945910149055313,7
CKT_0015,T1,0,6,6,bck_0,0,0.0,1.945910149055313,7
CKT_0015,T1,0,7,6,bck_0,0,0.0,1.945910149055313,7
CKT_0015,T1,0,8,6,bck_0,0,0.0,1.945910149055313,7
CKT_0015,T1,0,9,6,bck_0,0,0.0,1.945910149055313,7
CKT_0015,T1,0,10,6,bck_0,0,0.0,1.945910149055313,7
CKT_0015,T1,0,11,6,bck_0,0,0.0,1.945910149055313,7
CKT_0015,T1,0,12,6,bck_0,0,0.0,1.945910149055313,7
CKT_0015,T1,1,0,6,bck_0,6,513197440240.7015,4.1446531673892825e-28,7
CKT_0015,T1,1,1,6,bck_0,5,357493941256.4735,4.1446531673892825e-28,7
CKT_0015,T1,1,2,6,bck_0,6,1032375900532.3595,4.1446531673892825e-28,7
CKT_0015,T1,1,3,6,bck_0,6,1032375900532.3595,4.1446531673892825e-28,7
CKT_0015,T1,1,4,6,bck_0,0,0.0,1.945910149055313,7
CKT_0015,T1,1,5,6,bck_0,0,0.0,1.945910149055313,7
CKT_0015,T1,1,6,6,bck_0,0,0.0,1.945910149055313,7
CKT_0015,T1,1,7,6,bck_0,0,0.0,1.945910149055313,7
CKT_0015,T1,1,8,6,bck_0,0,0.0,1.945910149055313,7
CKT_0015,T1,1,9,6,bck_0,0,0.0,1.945910149055313,7
CKT_0015,T1,1,10,6,bck_0,0,0.0,1.945910149055313,7
CKT_0015,T1,1,11,6,bck_0,0,0.0,1.945910149055313,7
CKT_0015,T1,1,12,6,bck_0,0,0.0,1.945910149055313,7
CKT_0015,T1,2,0,6,bck_0,0,0.0,1.945910149055313,7
CKT_0015,T1,2,1,6,bck_0,0,0.0,1.945910149055313,7
CKT_0015,T1,2,2,6,bck_0,0,0.0,1.945910149055313,7
CKT_0015,T1,2,3,6,bck_0,0,0.0,1.945910149055313,7
CKT_0015,T1,2,4,6,bck_0,0,0.0,1.945910149055313,7
CKT_0015,T1,2,5,6,bck_0,0,0.0,1.945910149055313,7
CKT_0015,T1,2,6,6,bck_0,0,0.0,1.945910149055313,7
CKT_0015,T1,2,7,6,bck_0,0,0.0,1.945910149055313,7
CKT_0015,T1,2,8,6,bck_0,0,0.0,1.945910149055313,7
CKT_0015,T1,2,9,6,bck_0,0,0.0,1.945910149055313,7
CKT_0015,T1,2,10,6,bck_0,0,0.0,1.945910149055313,7
CKT_0015,T1,2,11,6,bck_0,0,0.0,1.945910149055313,7
CKT_0015,T1,2,12,6,bck_0,0,0.0,1.945910149055313,7
CKT_0015,T1,0,0,7,halt,7,1400071426749.364,4.835428695287497e-28,8
CKT_0015,T1,0,1,7,halt,7,1400071426749.364,4.835428695287497e-28,8
CKT_0015,T1,0,2,7,halt,7,1400071426749.364,4.835428695287497e-28,8
CKT_0015,T1,0,3,7,halt,0,0.0,2.0794415416798357,8
CKT_0015,T1,0,4,7,halt,0,0.0,2.0794415416798357,8
CKT_0015,T1,0,5,7,halt,0,0.0,2.0794415416798357,8
CKT_0015,T1,0,6,7,halt,0,0.0,2.0794415416798357,8
CKT_0015,T1,0,7,7,halt,0,0.0,2.0794415416798357,8
CKT_0015,T1,0,8,7,halt,0,0.0,2.0794415416798357,8
CKT_0015,T1,0,9,7,halt,0,0.0,2.0794415416798357,8
CKT_0015,T1,0,10,7,halt,0,0.0,2.0794415416798357,8
CKT_0015,T1,0,11,7,halt,0,0.0,2.0794415416798357,8
CKT_0015,T1,0,12,7,halt,0,0.0,2.0794415416798357,8
CKT_0015,T1,1,0,7,halt,6,682903067725.4729,4.835428695287497e-28,8
CKT_0015,T1,1,1,7,halt,6,682903067725.4729,4.835428695287497e-28,8
CKT_0015,T1,1,2,7,halt,7,1400071426749.364,4.835428695287497e-28,8
CKT_0015,T1,1,3,7,halt,7,1400071426749.364,4.835428695287497e-28,8
CKT_0015,T1,1,4,7,halt,0,0.0,2.0794415416798357,8
CKT_0015,T1,1,5,7,halt,0,0.0,2.0794415416798357,8
CKT_0015,T1,1,6,7,halt,0,0.0,2.0794415416798357,8
CKT_0015,T1,1,7,7,halt,0,0.0,2.0794415416798357,8
CKT_0015,T1,1,8,7,halt,0,0.0,2.0794415416798357,8
CKT_0015,T1,1,9,7,halt,0,0.0,2.0794415416798357,8
CKT_0015,T1,1,10,7,halt,0,0.0,2.0794415416798357,8
CKT_0015,T1,1,11,7,halt,0,0.0,2.0794415416798357,8
CKT_0015,T1,1,12,7,halt,0,0.0,2.0794415416798357,8
CKT_0015,T1,2,0,7,halt,0,0.0,2.0794415416798357,8
CKT_0015,T1,2,1,7,halt,0,0.0,2.0794415416798357,8
CKT_0015,T1,2,2,7,halt,0,0.0,2.0794415416798357,8
CKT_0015,T1,2,3,7,halt,0,0.0,2.0794415416798357,8
CKT_0015,T1,2,4,7,halt,0,0.0,2.0794415416798357,8
CKT_0015,T1,2,5,7,halt,0,0.0,2.0794415416798357,8
CKT_0015,T1,2,6,7,halt,0,0.0,2.0794415416798357,8
CKT_0015,T1,2,7,7,halt,0,0.0,2.0794415416798357,8
CKT_0015,T1,2,8,7,halt,0,0.0,2.0794415416798357,8
CKT_0015,T1,2,9,7,halt,0,0.0,2.0794415416798357,8
CKT_0015,T1,2,10,7,halt,0,0.0,2.0794415416798357,8
CKT_0015,T1,2,11,7,halt,0,0.0,2.0794415416798357,8
CKT_0015,T1,2,12,7,halt,0,0.0,2.0794415416798357,8
CKT_0067,T1,0,0,0,start,0,0.0,-0.0,1
CKT_0067,T1,0,1,0,start,0,0.0,-0.0,1
CKT_0067,T1,0,2,0,start,0,0.0,-0.0,1
CKT_0067,T1,0,3,0,start,0,0.0,-0.0,1
CKT_0067,T1,0,4,0,start,0,0.0,-0.0,1
CKT_0067,T1,0,5,0,start,0,0.0,-0.0,1
CKT_0067,T1,0,6,0,start,0,0.0,-0.0,1
CKT_0067,T1,0,7,0,start,0,0.0,-0.0,1
CKT_0067,T1,0,8,0,start,0,0.0,-0.0,1
CKT_0067,T1,0,9,0,start,0,0.0,-0.0,1
CKT_0067,T1,0,10,0,start,0,0.0,-0.0,1
CKT_0067,T1,0,11,0,start,0,0.0,-0.0,1
CKT_0067,T1,0,12,0,start,0,0.0,-0.0,1
CKT_0067,T1,0,13,0,start,0,0.0,-0.0,1
CKT_0067,T1,0,14,0,start,0,0.0,-0.0,1
CKT_0067,T1,0,15,0,start,0,0.0,-0.0,1
CKT_0067,T1,0,16,0,start,0,0.0,-0.0,1
CKT_0067,T1,0,17,0,start,0,0.0,-0.0,1
CKT_0067,T1,0,18,0,start,0,0.0,-0.0,1
CKT_0067,T1,0,19,0,start,0,0.0,-0.0,1
CKT_0067,T1,0,20,0,start,0,0.0,-0.0,1
CKT_0067,T1,0,21,0,start,0,0.0,-0.0,1
CKT_0067,T1,0,22,0,start,0,0.0,-0.0,1
CKT_0067,T1,0,23,0,start,0,0.0,-0.0,1
CKT_0067,T1,0,24,0,start,0,0.0,-0.0,1
CKT_0067,T1,0,25,0,start,0,0.0,-0.0,1
CKT_0067,T1,0,26,0,start,0,0.0,-0.0,1
CKT_0067,T1,0,27,0,start,0,0.0,-0.0,1
CKT_0067,T1,0,28,0,start,0,0.0,-0.0,1
CKT_0067,T1,0,29,0,start,0,0.0,-0.0,1
CKT_0067,T1,0,30,0,start,0,0.0,-0.0,1
CKT_0067,T1,0,31,0,start,0,0.0,-0.0,1
CKT_0067,T1,0,32,0,start,0,0.0,-0.0,1
CKT_0067,T1,0,33,0,start,0,0.0,-0.0,1
CKT_0067,T1,0,34,0,start,0,0.0,-0.0,1
CKT_0067,T1,1,0,0,start,0,0.0,-0.0,1
CKT_0067,T1,1,1,0,start,0,0.0,-0.0,1
CKT_0067,T1,1,2,0,start,0,0.0,-0.0,1
CKT_0067,T1,1,3,0,start,0,0.0,-0.0,1
CKT_0067,T1,1,4,0,start,0,0.0,-0.0,1
CKT_0067,T1,1,5,0,start,0,0.0,-0.0,1
CKT_0067,T1,1,6,0,start,0,0.0,-0.0,1
CKT_0067,T1,1,7,0,start,0,0.0,-0.0,1
CKT_0067,T1,1,8,0,start,0,0.0,-0.0,1
CKT_0067,T1,1,9,0,start,0,0.0,-0.0,1
CKT_0067,T1,1,10,0,start,0,0.0,-0.0,1
CKT_0067,T1,1,11,0,start,0,0.0,-0.0,1
CKT_0067,T1,1,12,0,start,0,0.0,-0.0,1
CKT_0067,T1,1,13,0,start,0,0.0,-0.0,1
CKT_0067,T1,1,14,0,start,0,0.0,-0.0,1
CKT_0067,T1,1,15,0,start,0,0.0,-0.0,1
CKT_0067,T1,1,16,0,start,0,0.0,-0.0,1
CKT_0067,T1,1,17,0,start,0,0.0,-0.0,1
CKT_0067,T1,1,18,0,start,0,0.0,-0.0,1
CKT_0067,T1,1,19,0,start,0,0.0,-0.0,1
CKT_0067,T1,1,20,0,start,0,0.0,-0.0,1
CKT_0067,T1,1,21,0,start,0,0.0,-0.0,1
CKT_0067,T1,1,22,0,start,0,0.0,-0.0,1
CKT_0067,T1,1,23,0,start,0,0.0,-0.0,1
CKT_0067,T1,1,24,0,start,0,0.0,-0.0,1
CKT_0067,T1,1,25,0,start,0,0.0,-0.0,1
CKT_0067,T1,1,26,0,start,0,0.0,-0.0,1
CKT_0067,T1,1,27,0,start,0,0.0,-0.0,1
CKT_0067,T1,1,28,0,start,0,0.0,-0.0,1
CKT_0067,T1,1,29,0,start,0,0.0,-0.0,1
CKT_0067,T1,1,30,0,start,0,0.0,-0.0,1
CKT_0067,T1,1,31,0,start,0,0.0,-0.0,1
CKT_0067,T1,1,32,0,start,0,0.0,-0.0,1
CKT_0067,T1,1,33,0,start,0,0.0,-0.0,1
CKT_0067,T1,1,34,0,start,0,0.0,-0.0,1
CKT_0067,T1,2,0,0,start,0,0.0,-0.0,1
CKT_0067,T1,2,1,0,start,0,0.0,-0.0,1
CKT_0067,T1,2,2,0,start,0,0.0,-0.0,1
CKT_0067,T1,2,3,0,start,0,0.0,-0.0,1
CKT_0067,T1,2,4,0,start,0,0.0,-0.0,1
CKT_0067,T1,2,5,0,start,0,0.0,-0.0,1
CKT_0067,T1,2,6,0,start,0,0.0,-0.0,1
CKT_0067,T1,2,7,0,start,0,0.0,-0.0,1
CKT_0067,T1,2,8,0,start,0,0.0,-0.0,1
CKT_0067,T1,2,9,0,start,0,0.0,-0.0,1
CKT_0067,T1,2,10,0,start,0,0.0,-0.0,1
CKT_0067,T1,2,11,0,start,0,0.0,-0.0,1
CKT_0067,T1,2,12,0,start,0,0.0,-0.0,1
CKT_0067,T1,2,13,0,start,0,0.0,-0.0,1
CKT_0067,T1,2,14,0,start,0,0.0,-0.0,1
CKT_0067,T1,2,15,0,start,0,0.0,-0.0,1
CKT_0067,T1,2,16,0,start,0,0.0,-0.0,1
CKT_0067,T1,2,17,0,start,0,0.0,-0.0,1
CKT_0067,T1,2,18,0,start,0,0.0,-0.0,1
CKT_0067,T1,2,19,0,start,0,0.0,-0.0,1
CKT_0067,T1,2,20,0,start,0,0.0,-0.0,1
CKT_0067,T1,2,21,0,start,0,0.0,-0.0,1
CKT_0067,T1,2,22,0,start,0,0.0,-0.0,1
CKT_0067,T1,2,23,0,start,0,0.0,-0.0,1
CKT_0067,T1,2,24,0,start,0,0.0,-0.0,1
CKT_0067,T1,2,25,0,start,0,0.0,-0.0,1
CKT_0067,T1,2,26,0,start,0,0.0,-0.0,1
CKT_0067,T1,2,27,0,start,0,0.0,-0.0,1
CKT_0067,T1,2,28,0,start,0,0.0,-0.0,1
CKT_0067,T1,2,29,0,start,0,0.0,-0.0,1
CKT_0067,T1,2,30,0,start,0,0.0,-0.0,1
CKT_0067,T1,2,31,0,start,0,0.0,-0.0,1
CKT_0067,T1,2,32,0,start,0,0.0,-0.0,1
CKT_0067,T1,2,33,0,start,0,0.0,-0.0,1
CKT_0067,T1,2,34,0,start,0,0.0,-0.0,1
CKT_0067,T1,0,0,1,init_0,1,42426406871.192856,6.907755278982138e-29,2
CKT_0067,T1,0,1,1,init_0,1,42426406871.192856,6.907755278982138e-29,2
CKT_0067,T1,0,2,1,init_0,1,42426406871.192856,6.907755278982138e-29,2
CKT_0067,T1,0,3,1,init_0,0,0.0,0.6931471805599453,2
CKT_0067,T1,0,4,1,init_0,0,0.0,0.6931471805599453,2
CKT_0067,T1,0,5,1,init_0,0,0.0,0.6931471805599453,2
CKT_0067,T1,0,6,1,init_0,0,0.0,0.6931471805599453,2
CKT_0067,T1,0,7,1,init_0,0,0.0,0.6931471805599453,2
CKT_0067,T1,0,8,1,init_0,0,0.0,0.6931471805599453,2
CKT_0067,T1,0,9,1,init_0,0,0.0,0.6931471805599453,2
CKT_0067,T1,0,10,1,init_0,0,0.0,0.6931471805599453,2
CKT_0067,T1,0,11,1,init_0,0,0.0,0.6931471805599453,2
CKT_0067,T1,0,12,1,init_0,0,0.0,0.6931471805599453,2
CKT_0067,T1,0,13,1,init_0,0,0.0,0.6931471805599453,2
CKT_0067,T1,0,14,1,init_0,0,0.0,0.6931471805599453,2
CKT_0067,T1,0,15,1,init_0,0,0.0,0.6931471805599453,2
CKT_0067,T1,0,16,1,init_0,0,0.0,0.6931471805599453,2
CKT_0067,T1,0,17,1,init_0,0,0.0,0.6931471805599453,2
CKT_0067,T1,0,18,1,init_0,0,0.0,0.6931471805599453,2
CKT_0067,T1,0,19,1,init_0,0,0.0,0.6931471805599453,2
CKT_0067,T1,0,20,1,init_0,0,0.0,0.6931471805599453,2
CKT_0067,T1,0,21,1,init_0,0,0.0,0.6931471805599453,2
CKT_0067,T1,0,22,1,init_0,0,0.0,0.6931471805599453,2
CKT_0067,T1,0,23,1,init_0,0,0.0,0.6931471805599453,2
CKT_0067,T1,0,24,1,init_0,0,0.0,0.6931471805599453,2
CKT_0067,T1,0,25,1,init_0,0,0.0,0.6931471805599453,2
CKT_0067,T1,0,26,1,init_0,0,0.0,0.6931471805599453,2
CKT_0067,T1,0,27,1,init_0,0,0.0,0.6931471805599453,2
CKT_0067,T1,0,28,1,init_0,0,0.0,0.6931471805599453,2
CKT_0067,T1,0,29,1,init_0,0,0.0,0.6931471805599453,2
CKT_0067,T1,0,30,1,init_0,0,0.0,0.6931471805599453,2
CKT_0067,T1,0,31,1,init_0,0,0.0,0.6931471805599453,2
CKT_0067,T1,0,32,1,init_0,0,0.0,0.6931471805599453,2
CKT_0067,T1,0,33,1,init_0,0,0.0,0.6931471805599453,2
CKT_0067,T1,0,34,1,init_0,0,0.0,0.6931471805599453,2
CKT_0067,T1,1,0,1,init_0,1,16401154325.412676,6.907755278982138e-29,2
CKT_0067,T1,1,1,1,init_0,1,16401154325.412676,6.907755278982138e-29,2
CKT_0067,T1,1,2,1,init_0,1,16401154325.412676,6.907755278982138e-29,2
CKT_0067,T1,1,3,1,init_0,1,16401154325.412676,6.907755278982138e-29,2
CKT_0067,T1,1,4,1,init_0,1,16401154325.412676,6.907755278982138e-29,2
CKT_0067,T1,1,5,1,init_0,1,16401154325.412676,6.907755278982138e-29,2
CKT_0067,T1,1,6,1,init_0,1,16401154325.412676,6.907755278982138e-29,2
CKT_0067,T1,1,7,1,init_0,1,16401154325.412676,6.907755278982138e-29,2
CKT_0067,T1,1,8,1,init_0,1,16401154325.412676,6.907755278982138e-29,2
CKT_0067,T1,1,9,1,init_0,1,16401154325.412676,6.907755278982138e-29,2
CKT_0067,T1,1,10,1,init_0,1,42426406871.192856,6.907755278982138e-29,2
CKT_0067,T1,1,11,1,init_0,1,42426406871.192856,6.907755278982138e-29,2
CKT_0067,T1,1,12,1,init_0,1,42426406871.192856,6.907755278982138e-29,2
CKT_0067,T1,1,13,1,init_0,1,42426406871.192856,6.907755278982138e-29,2
CKT_0067,T1,1,14,1,init_0,1,42426406871.192856,6.907755278982138e-29,2
CKT_0067,T1,1,15,1,init_0,1,42426406871.192856,6.907755278982138e-29,2
CKT_0067,T1,1,16,1,init_0,0,0.0,0.6931471805599453,2
CKT_0067,T1,1,17,1,init_0,0,0.0,0.6931471805599453,2
CKT_0067,T1,1,18,1,init_0,0,0.0,0.6931471805599453,2
CKT_0067,T1,1,19,1,init_0,0,0.0,0.6931471805599453,2
CKT_0067,T1,1,20,1,init_0,0,0.0,0.6931471805599453,2
CKT_0067,T1,1,21,1,init_0,0,0.0,0.6931471805599453,2
CKT_0067,T1,1,22,1,init_0,0,0.0,0.6931471805599453,2
CKT_0067,T1,1,23,1,init_0,0,0.0,0.6931471805599453,2
CKT_0067,T1,1,24,1,init_0,0,0.0,0.6931471805599453,2
CKT_0067,T1,1,25,1,init_0,0,0.0,0.6931471805599453,2
CKT_0067,T1,1,26,1,init_0,0,0.0,0.6931471805599453,2
CKT_0067,T1,1,27,1,init_0,0,0.0,0.6931471805599453,2
CKT_0067,T1,1,28,1,init_0,0,0.0,0.6931471805599453,2
CKT_0067,T1,1,29,1,init_0,0,0.0,0.6931471805599453,2
CKT_0067,T1,1,30,1,init_0,0,0.0,0.6931471805599453,2
CKT_0067,T1,1,31,1,init_0,0,0.0,0.6931471805599453,2
CKT_0067,T1,1,32,1,init_0,0,0.0,0.6931471805599453,2
CKT_0067,T1,1,33,1,init_0,0,0.0,0.6931471805599453,2
CKT_0067,T1,1,34,1,init_0,0,0.0,0.6931471805599453,2
CKT_0067,T1,2,0,1,init_0,0,0.0,0.6931471805599453,2
CKT_0067,T1,2,1,1,init_0,0,0.0,0.6931471805599453,2
CKT_0067,T1,2,2,1,init_0,0,0.0,0.6931471805599453,2
CKT_0067,T1,2,3,1,init_0,0,0.0,0.6931471805599453,2
CKT_0067,T1,2,4,1,init_0,0,0.0,0.6931471805599453,2
CKT_0067,T1,2,5,1,init_0,0,0.0,0.6931471805599453,2
CKT_0067,T1,2,6,1,init_0,0,0.0,0.6931471805599453,2
CKT_0067,T1,2,7,1,init_0,0,0.0,0.6931471805599453,2
CKT_0067,T1,2,8,1,init_0,0,0.0,0.6931471805599453,2
CKT_0067,T1,2,9,1,init_0,0,0.0,0.6931471805599453,2
CKT_0067,T1,2,10,1,init_0,0,0.0,0.6931471805599453,2
CKT_0067,T1,2,11,1,init_0,0,0.0,0.6931471805599453,2
CKT_0067,T1,2,12,1,init_0,0,0.0,0.6931471805599453,2
CKT_0067,T1,2,13,1,init_0,0,0.0,0.6931471805599453,2
CKT_0067,T1,2,14,1,init_0,0,0.0,0.6931471805599453,2
CKT_0067,T1,2,15,1,init_0,0,0.0,0.6931471805599453,2
CKT_0067,T1,2,16,1,init_0,0,0.0,0.6931471805599453,2
CKT_0067,T1,2,17,1,init_0,0,0.0,0.6931471805599453,2
CKT_0067,T1,2,18,1,init_0,0,0.0,0.6931471805599453,2
CKT_0067,T1,2,19,1,init_0,0,0.0,0.6931471805599453,2
CKT_0067,T1,2,20,1,init_0,0,0.0,0.6931471805599453,2
CKT_0067,T1,2,21,1,init_0,0,0.0,0.6931471805599453,2
CKT_0067,T1,2,22,1,init_0,0,0.0,0.6931471805599453,2
CKT_0067,T1,2,23,1,init_0,0,0.0,0.6931471805599453,2
CKT_0067,T1,2,24,1,init_0,0,0.0,0.6931471805599453,2
CKT_0067,T1,2,25,1,init_0,0,0.0,0.6931471805599453,2
CKT_0067,T1,2,26,1,init_0,0,0.0,0.6931471805599453,2
CKT_0067,T1,2,27,1,init_0,0,0.0,0.6931471805599453,2
CKT_0067,T1,2,28,1,init_0,0,0.0,0.6931471805599453,2
CKT_0067,T1,2,29,1,init_0,0,0.0,0.6931471805599453,2
CKT_0067,T1,2,30,1,init_0,0,0.0,0.6931471805599453,2
CKT_0067,T1,2,31,1,init_0,0,0.0,0.6931471805599453,2
CKT_0067,T1,2,32,1,init_0,0,0.0,0.6931471805599453,2
CKT_0067,T1,2,33,1,init_0,0,0.0,0.6931471805599453,2
CKT_0067,T1,2,34,1,init_0,0,0.0,0.6931471805599453,2
CKT_0067,T1,0,0,2,init_1,2,127279220613.57857,1.3815510557964276e-28,3
CKT_0067,T1,0,1,2,init_1,2,127279220613.57857,1.3815510557964276e-28,3
CKT_0067,T1,0,2,2,init_1,2,127279220613.57857,1.3815510557964276e-28,3
CKT_0067,T1,0,3,2,init_1,0,0.0,1.0986122886681096,3
CKT_0067,T1,0,4,2,init_1,0,0.0,1.0986122886681096,3
CKT_0067,T1,0,5,2,init_1,0,0.0,1.0986122886681096,3
CKT_0067,T1,0,6,2,init_1,0,0.0,1.0986122886681096,3
CKT_0067,T1,0,7,2,init_1,0,0.0,1.0986122886681096,3
CKT_0067,T1,0,8,2,init_1,0,0.0,1.0986122886681096,3
CKT_0067,T1,0,9,2,init_1,0,0.0,1.0986122886681096,3
CKT_0067,T1,0,10,2,init_1,0,0.0,1.0986122886681096,3
CKT_0067,T1,0,11,2,init_1,0,0.0,1.0986122886681096,3
CKT_0067,T1,0,12,2,init_1,0,0.0,1.0986122886681096,3
CKT_0067,T1,0,13,2,init_1,0,0.0,1.0986122886681096,3
CKT_0067,T1,0,14,2,init_1,0,0.0,1.0986122886681096,3
CKT_0067,T1,0,15,2,init_1,0,0.0,1.0986122886681096,3
CKT_0067,T1,0,16,2,init_1,0,0.0,1.0986122886681096,3
CKT_0067,T1,0,17,2,init_1,0,0.0,1.0986122886681096,3
CKT_0067,T1,0,18,2,init_1,0,0.0,1.0986122886681096,3
CKT_0067,T1,0,19,2,init_1,0,0.0,1.0986122886681096,3
CKT_0067,T1,0,20,2,init_1,0,0.0,1.0986122886681096,3
CKT_0067,T1,0,21,2,init_1,0,0.0,1.0986122886681096,3
CKT_0067,T1,0,22,2,init_1,0,0.0,1.0986122886681096,3
CKT_0067,T1,0,23,2,init_1,0,0.0,1.0986122886681096,3
CKT_0067,T1,0,24,2,init_1,0,0.0,1.0986122886681096,3
CKT_0067,T1,0,25,2,init_1,0,0.0,1.0986122886681096,3
CKT_0067,T1,0,26,2,init_1,0,0.0,1.0986122886681096,3
CKT_0067,T1,0,27,2,init_1,0,0.0,1.0986122886681096,3
CKT_0067,T1,0,28,2,init_1,0,0.0,1.0986122886681096,3
CKT_0067,T1,0,29,2,init_1,0,0.0,1.0986122886681096,3
CKT_0067,T1,0,30,2,init_1,0,0.0,1.0986122886681096,3
CKT_0067,T1,0,31,2,init_1,0,0.0,1.0986122886681096,3
CKT_0067,T1,0,32,2,init_1,0,0.0,1.0986122886681096,3
CKT_0067,T1,0,33,2,init_1,0,0.0,1.0986122886681096,3
CKT_0067,T1,0,34,2,init_1,0,0.0,1.0986122886681096,3
CKT_0067,T1,1,0,2,init_1,2,59628960834.71417,1.3815510557964276e-28,3
CKT_0067,T1,1,1,2,init_1,2,59628960834.71417,1.3815510557964276e-28,3
CKT_0067,T1,1,2,2,init_1,2,59628960834.71417,1.3815510557964276e-28,3
CKT_0067,T1,1,3,2,init_1,2,59628960834.71417,1.3815510557964276e-28,3
CKT_0067,T1,1,4,2,init_1,2,59628960834.71417,1.3815510557964276e-28,3
CKT_0067,T1,1,5,2,init_1,2,59628960834.71417,1.3815510557964276e-28,3
CKT_0067,T1,1,6,2,init_1,2,59628960834.71417,1.3815510557964276e-28,3
CKT_0067,T1,1,7,2,init_1,2,59628960834.71417,1.3815510557964276e-28,3
CKT_0067,T1,1,8,2,init_1,2,59628960834.71417,1.3815510557964276e-28,3
CKT_0067,T1,1,9,2,init_1,2,59628960834.71417,1.3815510557964276e-28,3
CKT_0067,T1,1,10,2,init_1,2,127279220613.57857,1.3815510557964276e-28,3
CKT_0067,T1,1,11,2,init_1,2,127279220613.57857,1.3815510557964276e-28,3
CKT_0067,T1,1,12,2,init_1,2,127279220613.57857,1.3815510557964276e-28,3
CKT_0067,T1,1,13,2,init_1,2,127279220613.57857,1.3815510557964276e-28,3
CKT_0067,T1,1,14,2,init_1,2,127279220613.57857,1.3815510557964276e-28,3
CKT_0067,T1,1,15,2,init_1,2,127279220613.57857,1.3815510557964276e-28,3
CKT_0067,T1,1,16,2,init_1,0,0.0,1.0986122886681096,3
CKT_0067,T1,1,17,2,init_1,0,0.0,1.0986122886681096,3
CKT_0067,T1,1,18,2,init_1,0,0.0,1.0986122886681096,3
CKT_0067,T1,1,19,2,init_1,0,0.0,1.0986122886681096,3
CKT_0067,T1,1,20,2,init_1,0,0.0,1.0986122886681096,3
CKT_0067,T1,1,21,2,init_1,0,0.0,1.0986122886681096,3
CKT_0067,T1,1,22,2,init_1,0,0.0,1.0986122886681096,3
CKT_0067,T1,1,23,2,init_1,0,0.0,1.0986122886681096,3
CKT_0067,T1,1,24,2,init_1,0,0.0,1.0986122886681096,3
CKT_0067,T1,1,25,2,init_1,0,0.0,1.0986122886681096,3
CKT_0067,T1,1,26,2,init_1,0,0.0,1.0986122886681096,3
CKT_0067,T1,1,27,2,init_1,0,0.0,1.0986122886681096,3
CKT_0067,T1,1,28,2,init_1,0,0.0,1.0986122886681096,3
CKT_0067,T1,1,29,2,init_1,0,0.0,1.0986122886681096,3
CKT_0067,T1,1,30,2,init_1,0,0.0,1.0986122886681096,3
CKT_0067,T1,1,31,2,init_1,0,0.0,1.0986122886681096,3
CKT_0067,T1,1,32,2,init_1,0,0.0,1.0986122886681096,3
CKT_0067,T1,1,33,2,init_1,0,0.0,1.0986122886681096,3
CKT_0067,T1,1,34,2,init_1,0,0.0,1.0986122886681096,3
CKT_0067,T1,2,0,2,init_1,0,0.0,1.0986122886681096,3
CKT_0067,T1,2,1,2,init_1,0,0.0,1.0986122886681096,3
CKT_0067,T1,2,2,2,init_1,0,0.0,1.0986122886681096,3
CKT_0067,T1,2,3,2,init_1,0,0.0,1.0986122886681096,3
CKT_0067,T1,2,4,2,init_1,0,0.0,1.0986122886681096,3
CKT_0067,T1,2,5,2,init_1,0,0.0,1.0986122886681096,3
CKT_0067,T1,2,6,2,init_1,0,0.0,1.0986122886681096,3
CKT_0067,T1,2,7,2,init_1,0,0.0,1.0986122886681096,3
CKT_0067,T1,2,8,2,init_1,0,0.0,1.0986122886681096,3
CKT_0067,T1,2,9,2,init_1,0,0.0,1.0986122886681096,3
CKT_0067,T1,2,10,2,init_1,0,0.0,1.0986122886681096,3
CKT_0067,T1,2,11,2,init_1,0,0.0,1.0986122886681096,3
CKT_0067,T1,2,12,2,init_1,0,0.0,1.0986122886681096,3
CKT_0067,T1,2,13,2,init_1,0,0.0,1.0986122886681096,3
CKT_0067,T1,2,14,2,init_1,0,0.0,1.0986122886681096,3
CKT_0067,T1,2,15,2,init_1,0,0.0,1.0986122886681096,3
CKT_0067,T1,2,16,2,init_1,0,0.0,1.0986122886681096,3
CKT_0067,T1,2,17,2,init_1,0,0.0,1.0986122886681096,3
CKT_0067,T1,2,18,2,init_1,0,0.0,1.0986122886681096,3
CKT_0067,T1,2,19,2,init_1,0,0.0,1.0986122886681096,3
CKT_0067,T1,2,20,2,init_1,0,0.0,1.0986122886681096,3
CKT_0067,T1,2,21,2,init_1,0,0.0,1.0986122886681096,3
CKT_0067,T1,2,22,2,init_1,0,0.0,1.0986122886681096,3
CKT_0067,T1,2,23,2,init_1,0,0.0,1.0986122886681096,3
CKT_0067,T1,2,24,2,init_1,0,0.0,1.0986122886681096,3
CKT_0067,T1,2,25,2,init_1,0,0.0,1.0986122886681096,3
CKT_0067,T1,2,26,2,init_1,0,0.0,1.0986122886681096,3
CKT_0067,T1,2,27,2,init_1,0,0.0,1.0986122886681096,3
CKT_0067,T1,2,28,2,init_1,0,0.0,1.0986122886681096,3
CKT_0067,T1,2,29,2,init_1,0,0.0,1.0986122886681096,3
CKT_0067,T1,2,30,2,init_1,0,0.0,1.0986122886681096,3
CKT_0067,T1,2,31,2,init_1,0,0.0,1.0986122886681096,3
CKT_0067,T1,2,32,2,init_1,0,0.0,1.0986122886681096,3
CKT_0067,T1,2,33,2,init_1,0,0.0,1.0986122886681096,3
CKT_0067,T1,2,34,2,init_1,0,0.0,1.0986122886681096,3
CKT_0067,T1,0,0,3,init_2,3,268700576850.8881,2.0723265836946412e-28,4
CKT_0067,T1,0,1,3,init_2,3,268700576850.8881,2.0723265836946412e-28,4
CKT_0067,T1,0,2,3,init_2,3,268700576850.8881,2.0723265836946412e-28,4
CKT_0067,T1,0,3,3,init_2,0,0.0,1.3862943611198906,4
CKT_0067,T1,0,4,3,init_2,0,0.0,1.3862943611198906,4
CKT_0067,T1,0,5,3,init_2,0,0.0,1.3862943611198906,4
CKT_0067,T1,0,6,3,init_2,0,0.0,1.3862943611198906,4
CKT_0067,T1,0,7,3,init_2,0,0.0,1.3862943611198906,4
CKT_0067,T1,0,8,3,init_2,0,0.0,1.3862943611198906,4
CKT_0067,T1,0,9,3,init_2,0,0.0,1.3862943611198906,4
CKT_0067,T1,0,10,3,init_2,0,0.0,1.3862943611198906,4
CKT_0067,T1,0,11,3,init_2,0,0.0,1.3862943611198906,4
CKT_0067,T1,0,12,3,init_2,0,0.0,1.3862943611198906,4
CKT_0067,T1,0,13,3,init_2,0,0.0,1.3862943611198906,4
CKT_0067,T1,0,14,3,init_2,0,0.0,1.3862943611198906,4
CKT_0067,T1,0,15,3,init_2,0,0.0,1.3862943611198906,4
CKT_0067,T1,0,16,3,init_2,0,0.0,1.3862943611198906,4
CKT_0067,T1,0,17,3,init_2,0,0.0,1.3862943611198906,4
CKT_0067,T1,0,18,3,init_2,0,0.0,1.3862943611198906,4
CKT_0067,T1,0,19,3,init_2,0,0.0,1.3862943611198906,4
CKT_0067,T1,0,20,3,init_2,0,0.0,1.3862943611198906,4
CKT_0067,T1,0,21,3,init_2,0,0.0,1.3862943611198906,4
CKT_0067,T1,0,22,3,init_2,0,0.0,1.3862943611198906,4
CKT_0067,T1,0,23,3,init_2,0,0.0,1.3862943611198906,4
CKT_0067,T1,0,24,3,init_2,0,0.0,1.3862943611198906,4
CKT_0067,T1,0,25,3,init_2,0,0.0,1.3862943611198906,4
CKT_0067,T1,0,26,3,init_2,0,0.0,1.3862943611198906,4
CKT_0067,T1,0,27,3,init_2,0,0.0,1.3862943611198906,4
CKT_0067,T1,0,28,3,init_2,0,0.0,1.3862943611198906,4
CKT_0067,T1,0,29,3,init_2,0,0.0,1.3862943611198906,4
CKT_0067,T1,0,30,3,init_2,0,0.0,1.3862943611198906,4
CKT_0067,T1,0,31,3,init_2,0,0.0,1.3862943611198906,4
CKT_0067,T1,0,32,3,init_2,0,0.0,1.3862943611198906,4
CKT_0067,T1,0,33,3,init_2,0,0.0,1.3862943611198906,4
CKT_0067,T1,0,34,3,init_2,0,0.0,1.3862943611198906,4
CKT_0067,T1,1,0,3,init_2,3,130763956419.46811,2.0723265836946412e-28,4
CKT_0067,T1,1,1,3,init_2,3,130763956419.46811,2.0723265836946412e-28,4
CKT_0067,T1,1,2,3,init_2,3,130763956419.46811,2.0723265836946412e-28,4
CKT_0067,T1,1,3,3,init_2,3,130763956419.46811,2.0723265836946412e-28,4
CKT_0067,T1,1,4,3,init_2,3,130763956419.46811,2.0723265836946412e-28,4
CKT_0067,T1,1,5,3,init_2,3,130763956419.46811,2.0723265836946412e-28,4
CKT_0067,T1,1,6,3,init_2,3,130763956419.46811,2.0723265836946412e-28,4
CKT_0067,T1,1,7,3,init_2,3,130763956419.46811,2.0723265836946412e-28,4
CKT_0067,T1,1,8,3,init_2,3,130763956419.46811,2.0723265836946412e-28,4
CKT_0067,T1,1,9,3,init_2,3,130763956419.46811,2.0723265836946412e-28,4
CKT_0067,T1,1,10,3,init_2,3,268700576850.8881,2.0723265836946412e-28,4
CKT_0067,T1,1,11,3,init_2,3,268700576850.8881,2.0723265836946412e-28,4
CKT_0067,T1,1,12,3,init_2,3,268700576850.8881,2.0723265836946412e-28,4
CKT_0067,T1,1,13,3,init_2,3,268700576850.8881,2.0723265836946412e-28,4
CKT_0067,T1,1,14,3,init_2,3,268700576850.8881,2.0723265836946412e-28,4
CKT_0067,T1,1,15,3,init_2,3,268700576850.8881,2.0723265836946412e-28,4
CKT_0067,T1,1,16,3,init_2,0,0.0,1.3862943611198906,4
CKT_0067,T1,1,17,3,init_2,0,0.0,1.3862943611198906,4
CKT_0067,T1,1,18,3,init_2,0,0.0,1.3862943611198906,4
CKT_0067,T1,1,19,3,init_2,0,0.0,1.3862943611198906,4
CKT_0067,T1,1,20,3,init_2,0,0.0,1.3862943611198906,4
CKT_0067,T1,1,21,3,init_2,0,0.0,1.3862943611198906,4
CKT_0067,T1,1,22,3,init_2,0,0.0,1.3862943611198906,4
CKT_0067,T1,1,23,3,init_2,0,0.0,1.3862943611198906,4
CKT_0067,T1,1,24,3,init_2,0,0.0,1.3862943611198906,4
CKT_0067,T1,1,25,3,init_2,0,0.0,1.3862943611198906,4
CKT_0067,T1,1,26,3,init_2,0,0.0,1.3862943611198906,4
CKT_0067,T1,1,27,3,init_2,0,0.0,1.3862943611198906,4
CKT_0067,T1,1,28,3,init_2,0,0.0,1.3862943611198906,4
CKT_0067,T1,1,29,3,init_2,0,0.0,1.3862943611198906,4
CKT_0067,T1,1,30,3,init_2,0,0.0,1.3862943611198906,4
CKT_0067,T1,1,31,3,init_2,0,0.0,1.3862943611198906,4
CKT_0067,T1,1,32,3,init_2,0,0.0,1.3862943611198906,4
CKT_0067,T1,1,33,3,init_2,0,0.0,1.3862943611198906,4
CKT_0067,T1,1,34,3,init_2,0,0.0,1.3862943611198906,4
CKT_0067,T1,2,0,3,init_2,0,0.0,1.3862943611198906,4
CKT_0067,T1,2,1,3,init_2,0,0.0,1.3862943611198906,4
CKT_0067,T1,2,2,3,init_2,0,0.0,1.3862943611198906,4
CKT_0067,T1,2,3,3,init_2,0,0.0,1.3862943611198906,4
CKT_0067,T1,2,4,3,init_2,0,0.0,1.3862943611198906,4
CKT_0067,T1,2,5,3,init_2,0,0.0,1.3862943611198906,4
CKT_0067,T1,2,6,3,init_2,0,0.0,1.3862943611198906,4
CKT_0067,T1,2,7,3,init_2,0,0.0,1.3862943611198906,4
CKT_0067,T1,2,8,3,init_2,0,0.0,1.3862943611198906,4
CKT_0067,T1,2,9,3,init_2,0,0.0,1.3862943611198906,4
CKT_0067,T1,2,10,3,init_2,0,0.0,1.3862943611198906,4
CKT_0067,T1,2,11,3,init_2,0,0.0,1.3862943611198906,4
CKT_0067,T1,2,12,3,init_2,0,0.0,1.3862943611198906,4
CKT_0067,T1,2,13,3,init_2,0,0.0,1.3862943611198906,4
CKT_0067,T1,2,14,3,init_2,0,0.0,1.3862943611198906,4
CKT_0067,T1,2,15,3,init_2,0,0.0,1.3862943611198906,4
CKT_0067,T1,2,16,3,init_2,0,0.0,1.3862943611198906,4
CKT_0067,T1,2,17,3,init_2,0,0.0,1.3862943611198906,4
CKT_0067,T1,2,18,3,init_2,0,0.0,1.3862943611198906,4
CKT_0067,T1,2,19,3,init_2,0,0.0,1.3862943611198906,4
CKT_0067,T1,2,20,3,init_2,0,0.0,1.3862943611198906,4
CKT_0067,T1,2,21,3,init_2,0,0.0,1.3862943611198906,4
CKT_0067,T1,2,22,3,init_2,0,0.0,1.3862943611198906,4
CKT_0067,T1,2,23,3,init_2,0,0.0,1.3862943611198906,4
CKT_0067,T1,2,24,3,init_2,0,0.0,1.3862943611198906,4
CKT_0067,T1,2,25,3,init_2,0,0.0,1.3862943611198906,4
CKT_0067,T1,2,26,3,init_2,0,0.0,1.3862943611198906,4
CKT_0067,T1,2,27,3,init_2,0,0.0,1.3862943611198906,4
CKT_0067,T1,2,28,3,init_2,0,0.0,1.3862943611198906,4
CKT_0067,T1,2,29,3,init_2,0,0.0,1.3862943611198906,4
CKT_0067,T1,2,30,3,init_2,0,0.0,1.3862943611198906,4
CKT_0067,T1,2,31,3,init_2,0,0.0,1.3862943611198906,4
CKT_0067,T1,2,32,3,init_2,0,0.0,1.3862943611198906,4
CKT_0067,T1,2,33,3,init_2,0,0.0,1.3862943611198906,4
CKT_0067,T1,2,34,3,init_2,0,0.0,1.3862943611198906,4
CKT_0067,T1,0,0,4,init_3,4,466690475583.1214,2.763102111592855e-28,5
CKT_0067,T1,0,1,4,init_3,4,466690475583.1214,2.763102111592855e-28,5
CKT_0067,T1,0,2,4,init_3,4,466690475583.1214,2.763102111592855e-28,5
CKT_0067,T1,0,3,4,init_3,0,0.0,1.6094379124341005,5
CKT_0067,T1,0,4,4,init_3,0,0.0,1.6094379124341005,5
CKT_0067,T1,0,5,4,init_3,0,0.0,1.6094379124341005,5
CKT_0067,T1,0,6,4,init_3,0,0.0,1.6094379124341005,5
CKT_0067,T1,0,7,4,init_3,0,0.0,1.6094379124341005,5
CKT_0067,T1,0,8,4,init_3,0,0.0,1.6094379124341005,5
CKT_0067,T1,0,9,4,init_3,0,0.0,1.6094379124341005,5
CKT_0067,T1,0,10,4,init_3,0,0.0,1.6094379124341005,5
CKT_0067,T1,0,11,4,init_3,0,0.0,1.6094379124341005,5
CKT_0067,T1,0,12,4,init_3,0,0.0,1.6094379124341005,5
CKT_0067,T1,0,13,4,init_3,0,0.0,1.6094379124341005,5
CKT_0067,T1,0,14,4,init_3,0,0.0,1.6094379124341005,5
CKT_0067,T1,0,15,4,init_3,0,0.0,1.6094379124341005,5
CKT_0067,T1,0,16,4,init_3,0,0.0,1.6094379124341005,5
CKT_0067,T1,0,17,4,init_3,0,0.0,1.6094379124341005,5
CKT_0067,T1,0,18,4,init_3,0,0.0,1.6094379124341005,5
CKT_0067,T1,0,19,4,init_3,0,0.0,1.6094379124341005,5
CKT_0067,T1,0,20,4,init_3,0,0.0,1.6094379124341005,5
CKT_0067,T1,0,21,4,init_3,0,0.0,1.6094379124341005,5
CKT_0067,T1,0,22,4,init_3,0,0.0,1.6094379124341005,5
CKT_0067,T1,0,23,4,init_3,0,0.0,1.6094379124341005,5
CKT_0067,T1,0,24,4,init_3,0,0.0,1.6094379124341005,5
CKT_0067,T1,0,25,4,init_3,0,0.0,1.6094379124341005,5
CKT_0067,T1,0,26,4,init_3,0,0.0,1.6094379124341005,5
CKT_0067,T1,0,27,4,init_3,0,0.0,1.6094379124341005,5
CKT_0067,T1,0,28,4,init_3,0,0.0,1.6094379124341005,5
CKT_0067,T1,0,29,4,init_3,0,0.0,1.6094379124341005,5
CKT_0067,T1,0,30,4,init_3,0,0.0,1.6094379124341005,5
CKT_0067,T1,0,31,4,init_3,0,0.0,1.6094379124341005,5
CKT_0067,T1,0,32,4,init_3,0,0.0,1.6094379124341005,5
CKT_0067,T1,0,33,4,init_3,0,0.0,1.6094379124341005,5
CKT_0067,T1,0,34,4,init_3,0,0.0,1.6094379124341005,5
CKT_0067,T1,1,0,4,init_3,4,230027143807.156,2.763102111592855e-28,5
CKT_0067,T1,1,1,4,init_3,4,230027143807.156,2.763102111592855e-28,5
CKT_0067,T1,1,2,4,init_3,4,230027143807.156,2.763102111592855e-28,5
CKT_0067,T1,1,3,4,init_3,4,230027143807.156,2.763102111592855e-28,5
CKT_0067,T1,1,4,4,init_3,4,230027143807.156,2.763102111592855e-28,5
CKT_0067,T1,1,5,4,init_3,4,230027143807.156,2.763102111592855e-28,5
CKT_0067,T1,1,6,4,init_3,4,230027143807.156,2.763102111592855e-28,5
CKT_0067,T1,1,7,4,init_3,4,230027143807.156,2.763102111592855e-28,5
CKT_0067,T1,1,8,4,init_3,4,230027143807.156,2.763102111592855e-28,5
CKT_0067,T1,1,9,4,init_3,4,230027143807.156,2.763102111592855e-28,5
CKT_0067,T1,1,10,4,init_3,4,466690475583.1214,2.763102111592855e-28,5
CKT_0067,T1,1,11,4,init_3,4,466690475583.1214,2.763102111592855e-28,5
CKT_0067,T1,1,12,4,init_3,4,466690475583.1214,2.763102111592855e-28,5
CKT_0067,T1,1,13,4,init_3,4,466690475583.1214,2.763102111592855e-28,5
CKT_0067,T1,1,14,4,init_3,4,466690475583.1214,2.763102111592855e-28,5
CKT_0067,T1,1,15,4,init_3,4,466690475583.1214,2.763102111592855e-28,5
CKT_0067,T1,1,16,4,init_3,0,0.0,1.6094379124341005,5
CKT_0067,T1,1,17,4,init_3,0,0.0,1.6094379124341005,5
CKT_0067,T1,1,18,4,init_3,0,0.0,1.6094379124341005,5
CKT_0067,T1,1,19,4,init_3,0,0.0,1.6094379124341005,5
CKT_0067,T1,1,20,4,init_3,0,0.0,1.6094379124341005,5
CKT_0067,T1,1,21,4,init_3,0,0.0,1.6094379124341005,5
CKT_0067,T1,1,22,4,init_3,0,0.0,1.6094379124341005,5
CKT_0067,T1,1,23,4,init_3,0,0.0,1.6094379124341005,5
CKT_0067,T1,1,24,4,init_3,0,0.0,1.6094379124341005,5
CKT_0067,T1,1,25,4,init_3,0,0.0,1.6094379124341005,5
CKT_0067,T1,1,26,4,init_3,0,0.0,1.6094379124341005,5
CKT_0067,T1,1,27,4,init_3,0,0.0,1.6094379124341005,5
CKT_0067,T1,1,28,4,init_3,0,0.0,1.6094379124341005,5
CKT_0067,T1,1,29,4,init_3,0,0.0,1.6094379124341005,5
CKT_0067,T1,1,30,4,init_3,0,0.0,1.6094379124341005,5
CKT_0067,T1,1,31,4,init_3,0,0.0,1.6094379124341005,5
CKT_0067,T1,1,32,4,init_3,0,0.0,1.6094379124341005,5
CKT_0067,T1,1,33,4,init_3,0,0.0,1.6094379124341005,5
CKT_0067,T1,1,34,4,init_3,0,0.0,1.6094379124341005,5
CKT_0067,T1,2,0,4,init_3,0,0.0,1.6094379124341005,5
CKT_0067,T1,2,1,4,init_3,0,0.0,1.6094379124341005,5
CKT_0067,T1,2,2,4,init_3,0,0.0,1.6094379124341005,5
CKT_0067,T1,2,3,4,init_3,0,0.0,1.6094379124341005,5
CKT_0067,T1,2,4,4,init_3,0,0.0,1.6094379124341005,5
CKT_0067,T1,2,5,4,init_3,0,0.0,1.6094379124341005,5
CKT_0067,T1,2,6,4,init_3,0,0.0,1.6094379124341005,5
CKT_0067,T1,2,7,4,init_3,0,0.0,1.6094379124341005,5
CKT_0067,T1,2,8,4,init_3,0,0.0,1.6094379124341005,5
CKT_0067,T1,2,9,4,init_3,0,0.0,1.6094379124341005,5
CKT_0067,T1,2,10,4,init_3,0,0.0,1.6094379124341005,5
CKT_0067,T1,2,11,4,init_3,0,0.0,1.6094379124341005,5
CKT_0067,T1,2,12,4,init_3,0,0.0,1.6094379124341005,5
CKT_0067,T1,2,13,4,init_3,0,0.0,1.6094379124341005,5
CKT_0067,T1,2,14,4,init_3,0,0.0,1.6094379124341005,5
CKT_0067,T1,2,15,4,init_3,0,0.0,1.6094379124341005,5
CKT_0067,T1,2,16,4,init_3,0,0.0,1.6094379124341005,5
CKT_0067,T1,2,17,4,init_3,0,0.0,1.6094379124341005,5
CKT_0067,T1,2,18,4,init_3,0,0.0,1.6094379124341005,5
CKT_0067,T1,2,19,4,init_3,0,0.0,1.6094379124341005,5
CKT_0067,T1,2,20,4,init_3,0,0.0,1.6094379124341005,5
CKT_0067,T1,2,21,4,init_3,0,0.0,1.6094379124341005,5
CKT_0067,T1,2,22,4,init_3,0,0.0,1.6094379124341005,5
CKT_0067,T1,2,23,4,init_3,0,0.0,1.6094379124341005,5
CKT_0067,T1,2,24,4,init_3,0,0.0,1.6094379124341005,5
CKT_0067,T1,2,25,4,init_3,0,0.0,1.6094379124341005,5
CKT_0067,T1,2,26,4,init_3,0,0.0,1.6094379124341005,5
CKT_0067,T1,2,27,4,init_3,0,0.0,1.6094379124341005,5
CKT_0067,T1,2,28,4,init_3,0,0.0,1.6094379124341005,5
CKT_0067,T1,2,29,4,init_3,0,0.0,1.6094379124341005,5
CKT_0067,T1,2,30,4,init_3,0,0.0,1.6094379124341005,5
CKT_0067,T1,2,31,4,init_3,0,0.0,1.6094379124341005,5
CKT_0067,T1,2,32,4,init_3,0,0.0,1.6094379124341005,5
CKT_0067,T1,2,33,4,init_3,0,0.0,1.6094379124341005,5
CKT_0067,T1,2,34,4,init_3,0,0.0,1.6094379124341005,5
CKT_0067,T1,0,0,5,init_4,5,721248916810.2786,3.453877639491069e-28,6
CKT_0067,T1,0,1,5,init_4,5,721248916810.2786,3.453877639491069e-28,6
CKT_0067,T1,0,2,5,init_4,5,721248916810.2786,3.453877639491069e-28,6
CKT_0067,T1,0,3,5,init_4,0,0.0,1.7917594692280547,6
CKT_0067,T1,0,4,5,init_4,0,0.0,1.7917594692280547,6
CKT_0067,T1,0,5,5,init_4,0,0.0,1.7917594692280547,6
CKT_0067,T1,0,6,5,init_4,0,0.0,1.7917594692280547,6
CKT_0067,T1,0,7,5,init_4,0,0.0,1.7917594692280547,6
CKT_0067,T1,0,8,5,init_4,0,0.0,1.7917594692280547,6
CKT_0067,T1,0,9,5,init_4,0,0.0,1.7917594692280547,6
CKT_0067,T1,0,10,5,init_4,0,0.0,1.7917594692280547,6
CKT_0067,T1,0,11,5,init_4,0,0.0,1.7917594692280547,6
CKT_0067,T1,0,12,5,init_4,0,0.0,1.7917594692280547,6
CKT_0067,T1,0,13,5,init_4,0,0.0,1.7917594692280547,6
CKT_0067,T1,0,14,5,init_4,0,0.0,1.7917594692280547,6
CKT_0067,T1,0,15,5,init_4,0,0.0,1.7917594692280547,6
CKT_0067,T1,0,16,5,init_4,0,0.0,1.7917594692280547,6
CKT_0067,T1,0,17,5,init_4,0,0.0,1.7917594692280547,6
CKT_0067,T1,0,18,5,init_4,0,0.0,1.7917594692280547,6
CKT_0067,T1,0,19,5,init_4,0,0.0,1.7917594692280547,6
CKT_0067,T1,0,20,5,init_4,0,0.0,1.7917594692280547,6
CKT_0067,T1,0,21,5,init_4,0,0.0,1.7917594692280547,6
CKT_0067,T1,0,22,5,init_4,0,0.0,1.7917594692280547,6
CKT_0067,T1,0,23,5,init_4,0,0.0,1.7917594692280547,6
CKT_0067,T1,0,24,5,init_4,0,0.0,1.7917594692280547,6
CKT_0067,T1,0,25,5,init_4,0,0.0,1.7917594692280547,6
CKT_0067,T1,0,26,5,init_4,0,0.0,1.7917594692280547,6
CKT_0067,T1,0,27,5,init_4,0,0.0,1.7917594692280547,6
CKT_0067,T1,0,28,5,init_4,0,0.0,1.7917594692280547,6
CKT_0067,T1,0,29,5,init_4,0,0.0,1.7917594692280547,6
CKT_0067,T1,0,30,5,init_4,0,0.0,1.7917594692280547,6
CKT_0067,T1,0,31,5,init_4,0,0.0,1.7917594692280547,6
CKT_0067,T1,0,32,5,init_4,0,0.0,1.7917594692280547,6
CKT_0067,T1,0,33,5,init_4,0,0.0,1.7917594692280547,6
CKT_0067,T1,0,34,5,init_4,0,0.0,1.7917594692280547,6
CKT_0067,T1,1,0,5,init_4,5,357493941256.4735,3.453877639491069e-28,6
CKT_0067,T1,1,1,5,init_4,5,357493941256.4735,3.453877639491069e-28,6
CKT_0067,T1,1,2,5,init_4,5,357493941256.4735,3.453877639491069e-28,6
CKT_0067,T1,1,3,5,init_4,5,357493941256.4735,3.453877639491069e-28,6
CKT_0067,T1,1,4,5,init_4,5,357493941256.4735,3.453877639491069e-28,6
CKT_0067,T1,1,5,5,init_4,5,357493941256.4735,3.453877639491069e-28,6
CKT_0067,T1,1,6,5,init_4,5,357493941256.4735,3.453877639491069e-28,6
CKT_0067,T1,1,7,5,init_4,5,357493941256.4735,3.453877639491069e-28,6
CKT_0067,T1,1,8,5,init_4,5,357493941256.4735,3.453877639491069e-28,6
CKT_0067,T1,1,9,5,init_4,5,357493941256.4735,3.453877639491069e-28,6
CKT_0067,T1,1,10,5,init_4,5,721248916810.2786,3.453877639491069e-28,6
CKT_0067,T1,1,11,5,init_4,5,721248916810.2786,3.453877639491069e-28,6
CKT_0067,T1,1,12,5,init_4,5,721248916810.2786,3.453877639491069e-28,6
CKT_0067,T1,1,13,5,init_4,5,721248916810.2786,3.453877639491069e-28,6
CKT_0067,T1,1,14,5,init_4,5,721248916810.2786,3.453877639491069e-28,6
CKT_0067,T1,1,15,5,init_4,5,721248916810.2786,3.453877639491069e-28,6
CKT_0067,T1,1,16,5,init_4,0,0.0,1.7917594692280547,6
CKT_0067,T1,1,17,5,init_4,0,0.0,1.7917594692280547,6
CKT_0067,T1,1,18,5,init_4,0,0.0,1.7917594692280547,6
CKT_0067,T1,1,19,5,init_4,0,0.0,1.7917594692280547,6
CKT_0067,T1,1,20,5,init_4,0,0.0,1.7917594692280547,6
CKT_0067,T1,1,21,5,init_4,0,0.0,1.7917594692280547,6
CKT_0067,T1,1,22,5,init_4,0,0.0,1.7917594692280547,6
CKT_0067,T1,1,23,5,init_4,0,0.0,1.7917594692280547,6
CKT_0067,T1,1,24,5,init_4,0,0.0,1.7917594692280547,6
CKT_0067,T1,1,25,5,init_4,0,0.0,1.7917594692280547,6
CKT_0067,T1,1,26,5,init_4,0,0.0,1.7917594692280547,6
CKT_0067,T1,1,27,5,init_4,0,0.0,1.7917594692280547,6
CKT_0067,T1,1,28,5,init_4,0,0.0,1.7917594692280547,6
CKT_0067,T1,1,29,5,init_4,0,0.0,1.7917594692280547,6
CKT_0067,T1,1,30,5,init_4,0,0.0,1.7917594692280547,6
CKT_0067,T1,1,31,5,init_4,0,0.0,1.7917594692280547,6
CKT_0067,T1,1,32,5,init_4,0,0.0,1.7917594692280547,6
CKT_0067,T1,1,33,5,init_4,0,0.0,1.7917594692280547,6
CKT_0067,T1,1,34,5,init_4,0,0.0,1.7917594692280547,6
CKT_0067,T1,2,0,5,init_4,0,0.0,1.7917594692280547,6
CKT_0067,T1,2,1,5,init_4,0,0.0,1.7917594692280547,6
CKT_0067,T1,2,2,5,init_4,0,0.0,1.7917594692280547,6
CKT_0067,T1,2,3,5,init_4,0,0.0,1.7917594692280547,6
CKT_0067,T1,2,4,5,init_4,0,0.0,1.7917594692280547,6
CKT_0067,T1,2,5,5,init_4,0,0.0,1.7917594692280547,6
CKT_0067,T1,2,6,5,init_4,0,0.0,1.7917594692280547,6
CKT_0067,T1,2,7,5,init_4,0,0.0,1.7917594692280547,6
CKT_0067,T1,2,8,5,init_4,0,0.0,1.7917594692280547,6
CKT_0067,T1,2,9,5,init_4,0,0.0,1.7917594692280547,6
CKT_0067,T1,2,10,5,init_4,0,0.0,1.7917594692280547,6
CKT_0067,T1,2,11,5,init_4,0,0.0,1.7917594692280547,6
CKT_0067,T1,2,12,5,init_4,0,0.0,1.7917594692280547,6
CKT_0067,T1,2,13,5,init_4,0,0.0,1.7917594692280547,6
CKT_0067,T1,2,14,5,init_4,0,0.0,1.7917594692280547,6
CKT_0067,T1,2,15,5,init_4,0,0.0,1.7917594692280547,6
CKT_0067,T1,2,16,5,init_4,0,0.0,1.7917594692280547,6
CKT_0067,T1,2,17,5,init_4,0,0.0,1.7917594692280547,6
CKT_0067,T1,2,18,5,init_4,0,0.0,1.7917594692280547,6
CKT_0067,T1,2,19,5,init_4,0,0.0,1.7917594692280547,6
CKT_0067,T1,2,20,5,init_4,0,0.0,1.7917594692280547,6
CKT_0067,T1,2,21,5,init_4,0,0.0,1.7917594692280547,6
CKT_0067,T1,2,22,5,init_4,0,0.0,1.7917594692280547,6
CKT_0067,T1,2,23,5,init_4,0,0.0,1.7917594692280547,6
CKT_0067,T1,2,24,5,init_4,0,0.0,1.7917594692280547,6
CKT_0067,T1,2,25,5,init_4,0,0.0,1.7917594692280547,6
CKT_0067,T1,2,26,5,init_4,0,0.0,1.7917594692280547,6
CKT_0067,T1,2,27,5,init_4,0,0.0,1.7917594692280547,6
CKT_0067,T1,2,28,5,init_4,0,0.0,1.7917594692280547,6
CKT_0067,T1,2,29,5,init_4,0,0.0,1.7917594692280547,6
CKT_0067,T1,2,30,5,init_4,0,0.0,1.7917594692280547,6
CKT_0067,T1,2,31,5,init_4,0,0.0,1.7917594692280547,6
CKT_0067,T1,2,32,5,init_4,0,0.0,1.7917594692280547,6
CKT_0067,T1,2,33,5,init_4,0,0.0,1.7917594692280547,6
CKT_0067,T1,2,34,5,init_4,0,0.0,1.7917594692280547,6
CKT_0067,T1,0,0,6,init_5,6,1032375900532.3595,4.1446531673892825e-28,7
CKT_0067,T1,0,1,6,init_5,6,1032375900532.3595,4.1446531673892825e-28,7
CKT_0067,T1,0,2,6,init_5,6,1032375900532.3595,4.1446531673892825e-28,7
CKT_0067,T1,0,3,6,init_5,0,0.0,1.945910149055313,7
CKT_0067,T1,0,4,6,init_5,0,0.0,1.945910149055313,7
CKT_0067,T1,0,5,6,init_5,0,0.0,1.945910149055313,7
CKT_0067,T1,0,6,6,init_5,0,0.0,1.945910149055313,7
CKT_0067,T1,0,7,6,init_5,0,0.0,1.945910149055313,7
CKT_0067,T1,0,8,6,init_5,0,0.0,1.945910149055313,7
CKT_0067,T1,0,9,6,init_5,0,0.0,1.945910149055313,7
CKT_0067,T1,0,10,6,init_5,0,0.0,1.945910149055313,7
CKT_0067,T1,0,11,6,init_5,0,0.0,1.945910149055313,7
CKT_0067,T1,0,12,6,init_5,0,0.0,1.945910149055313,7
CKT_0067,T1,0,13,6,init_5,0,0.0,1.945910149055313,7
CKT_0067,T1,0,14,6,init_5,0,0.0,1.945910149055313,7
CKT_0067,T1,0,15,6,init_5,0,0.0,1.945910149055313,7
CKT_0067,T1,0,16,6,init_5,0,0.0,1.945910149055313,7
CKT_0067,T1,0,17,6,init_5,0,0.0,1.945910149055313,7
CKT_0067,T1,0,18,6,init_5,0,0.0,1.945910149055313,7
CKT_0067,T1,0,19,6,init_5,0,0.0,1.945910149055313,7
CKT_0067,T1,0,20,6,init_5,0,0.0,1.945910149055313,7
CKT_0067,T1,0,21,6,init_5,0,0.0,1.945910149055313,7
CKT_0067,T1,0,22,6,init_5,0,0.0,1.945910149055313,7
CKT_0067,T1,0,23,6,init_5,0,0.0,1.945910149055313,7
CKT_0067,T1,0,24,6,init_5,0,0.0,1.945910149055313,7
CKT_0067,T1,0,25,6,init_5,0,0.0,1.945910149055313,7
CKT_0067,T1,0,26,6,init_5,0,0.0,1.945910149055313,7
CKT_0067,T1,0,27,6,init_5,0,0.0,1.945910149055313,7
CKT_0067,T1,0,28,6,init_5,0,0.0,1.945910149055313,7
CKT_0067,T1,0,29,6,init_5,0,0.0,1.945910149055313,7
CKT_0067,T1,0,30,6,init_5,0,0.0,1.945910149055313,7
CKT_0067,T1,0,31,6,init_5,0,0.0,1.945910149055313,7
CKT_0067,T1,0,32,6,init_5,0,0.0,1.945910149055313,7
CKT_0067,T1,0,33,6,init_5,0,0.0,1.945910149055313,7
CKT_0067,T1,0,34,6,init_5,0,0.0,1.945910149055313,7
CKT_0067,T1,1,0,6,init_5,6,513197440240.7015,4.1446531673892825e-28,7
CKT_0067,T1,1,1,6,init_5,6,513197440240.7015,4.1446531673892825e-28,7
CKT_0067,T1,1,2,6,init_5,6,513197440240.7015,4.1446531673892825e-28,7
CKT_0067,T1,1,3,6,init_5,6,513197440240.7015,4.1446531673892825e-28,7
CKT_0067,T1,1,4,6,init_5,6,513197440240.7015,4.1446531673892825e-28,7
CKT_0067,T1,1,5,6,init_5,6,513197440240.7015,4.1446531673892825e-28,7
CKT_0067,T1,1,6,6,init_5,6,513197440240.7015,4.1446531673892825e-28,7
CKT_0067,T1,1,7,6,init_5,6,513197440240.7015,4.1446531673892825e-28,7
CKT_0067,T1,1,8,6,init_5,6,513197440240.7015,4.1446531673892825e-28,7
CKT_0067,T1,1,9,6,init_5,6,513197440240.7015,4.1446531673892825e-28,7
CKT_0067,T1,1,10,6,init_5,6,1032375900532.3595,4.1446531673892825e-28,7
CKT_0067,T1,1,11,6,init_5,6,1032375900532.3595,4.1446531673892825e-28,7
CKT_0067,T1,1,12,6,init_5,6,1032375900532.3595,4.1446531673892825e-28,7
CKT_0067,T1,1,13,6,init_5,6,1032375900532.3595,4.1446531673892825e-28,7
CKT_0067,T1,1,14,6,init_5,6,1032375900532.3595,4.1446531673892825e-28,7
CKT_0067,T1,1,15,6,init_5,6,1032375900532.3595,4.1446531673892825e-28,7
CKT_0067,T1,1,16,6,init_5,0,0.0,1.945910149055313,7
CKT_0067,T1,1,17,6,init_5,0,0.0,1.945910149055313,7
CKT_0067,T1,1,18,6,init_5,0,0.0,1.945910149055313,7
CKT_0067,T1,1,19,6,init_5,0,0.0,1.945910149055313,7
CKT_0067,T1,1,20,6,init_5,0,0.0,1.945910149055313,7
CKT_0067,T1,1,21,6,init_5,0,0.0,1.945910149055313,7
CKT_0067,T1,1,22,6,init_5,0,0.0,1.945910149055313,7
CKT_0067,T1,1,23,6,init_5,0,0.0,1.945910149055313,7
CKT_0067,T1,1,24,6,init_5,0,0.0,1.945910149055313,7
CKT_0067,T1,1,25,6,init_5,0,0.0,1.945910149055313,7
CKT_0067,T1,1,26,6,init_5,0,0.0,1.945910149055313,7
CKT_0067,T1,1,27,6,init_5,0,0.0,1.945910149055313,7
CKT_0067,T1,1,28,6,init_5,0,0.0,1.945910149055313,7
CKT_0067,T1,1,29,6,init_5,0,0.0,1.945910149055313,7
CKT_0067,T1,1,30,6,init_5,0,0.0,1.945910149055313,7
CKT_0067,T1,1,31,6,init_5,0,0.0,1.945910149055313,7
CKT_0067,T1,1,32,6,init_5,0,0.0,1.945910149055313,7
CKT_0067,T1,1,33,6,init_5,0,0.0,1.945910149055313,7
CKT_0067,T1,1,34,6,init_5,0,0.0,1.945910149055313,7
CKT_0067,T1,2,0,6,init_5,0,0.0,1.945910149055313,7
CKT_0067,T1,2,1,6,init_5,0,0.0,1.945910149055313,7
CKT_0067,T1,2,2,6,init_5,0,0.0,1.945910149055313,7
CKT_0067,T1,2,3,6,init_5,0,0.0,1.945910149055313,7
CKT_0067,T1,2,4,6,init_5,0,0.0,1.945910149055313,7
CKT_0067,T1,2,5,6,init_5,0,0.0,1.945910149055313,7
CKT_0067,T1,2,6,6,init_5,0,0.0,1.945910149055313,7
CKT_0067,T1,2,7,6,init_5,0,0.0,1.945910149055313,7
CKT_0067,T1,2,8,6,init_5,0,0.0,1.945910149055313,7
CKT_0067,T1,2,9,6,init_5,0,0.0,1.945910149055313,7
CKT_0067,T1,2,10,6,init_5,0,0.0,1.945910149055313,7
CKT_0067,T1,2,11,6,init_5,0,0.0,1.945910149055313,7
CKT_0067,T1,2,12,6,init_5,0,0.0,1.945910149055313,7
CKT_0067,T1,2,13,6,init_5,0,0.0,1.945910149055313,7
CKT_0067,T1,2,14,6,init_5,0,0.0,1.945910149055313,7
CKT_0067,T1,2,15,6,init_5,0,0.0,1.945910149055313,7
CKT_0067,T1,2,16,6,init_5,0,0.0,1.945910149055313,7
CKT_0067,T1,2,17,6,init_5,0,0.0,1.945910149055313,7
CKT_0067,T1,2,18,6,init_5,0,0.0,1.945910149055313,7
CKT_0067,T1,2,19,6,init_5,0,0.0,1.945910149055313,7
CKT_0067,T1,2,20,6,init_5,0,0.0,1.945910149055313,7
CKT_0067,T1,2,21,6,init_5,0,0.0,1.945910149055313,7
CKT_0067,T1,2,22,6,init_5,0,0.0,1.945910149055313,7
CKT_0067,T1,2,23,6,init_5,0,0.0,1.945910149055313,7
CKT_0067,T1,2,24,6,init_5,0,0.0,1.945910149055313,7
CKT_0067,T1,2,25,6,init_5,0,0.0,1.945910149055313,7
CKT_0067,T1,2,26,6,init_5,0,0.0,1.945910149055313,7
CKT_0067,T1,2,27,6,init_5,0,0.0,1.945910149055313,7
CKT_0067,T1,2,28,6,init_5,0,0.0,1.945910149055313,7
CKT_0067,T1,2,29,6,init_5,0,0.0,1.945910149055313,7
CKT_0067,T1,2,30,6,init_5,0,0.0,1.945910149055313,7
CKT_0067,T1,2,31,6,init_5,0,0.0,1.945910149055313,7
CKT_0067,T1,2,32,6,init_5,0,0.0,1.945910149055313,7
CKT_0067,T1,2,33,6,init_5,0,0.0,1.945910149055313,7
CKT_0067,T1,2,34,6,init_5,0,0.0,1.945910149055313,7
CKT_0067,T1,0,0,7,fwd_0,7,1400071426749.364,4.835428695287497e-28,8
CKT_0067,T1,0,1,7,fwd_0,7,1400071426749.364,4.835428695287497e-28,8
CKT_0067,T1,0,2,7,fwd_0,7,1400071426749.364,4.835428695287497e-28,8
CKT_0067,T1,0,3,7,fwd_0,0,0.0,2.0794415416798357,8
CKT_0067,T1,0,4,7,fwd_0,0,0.0,2.0794415416798357,8
CKT_0067,T1,0,5,7,fwd_0,0,0.0,2.0794415416798357,8
CKT_0067,T1,0,6,7,fwd_0,0,0.0,2.0794415416798357,8
CKT_0067,T1,0,7,7,fwd_0,0,0.0,2.0794415416798357,8
CKT_0067,T1,0,8,7,fwd_0,0,0.0,2.0794415416798357,8
CKT_0067,T1,0,9,7,fwd_0,0,0.0,2.0794415416798357,8
CKT_0067,T1,0,10,7,fwd_0,0,0.0,2.0794415416798357,8
CKT_0067,T1,0,11,7,fwd_0,0,0.0,2.0794415416798357,8
CKT_0067,T1,0,12,7,fwd_0,0,0.0,2.0794415416798357,8
CKT_0067,T1,0,13,7,fwd_0,0,0.0,2.0794415416798357,8
CKT_0067,T1,0,14,7,fwd_0,0,0.0,2.0794415416798357,8
CKT_0067,T1,0,15,7,fwd_0,0,0.0,2.0794415416798357,8
CKT_0067,T1,0,16,7,fwd_0,0,0.0,2.0794415416798357,8
CKT_0067,T1,0,17,7,fwd_0,0,0.0,2.0794415416798357,8
CKT_0067,T1,0,18,7,fwd_0,0,0.0,2.0794415416798357,8
CKT_0067,T1,0,19,7,fwd_0,0,0.0,2.0794415416798357,8
CKT_0067,T1,0,20,7,fwd_0,0,0.0,2.0794415416798357,8
CKT_0067,T1,0,21,7,fwd_0,0,0.0,2.0794415416798357,8
CKT_0067,T1,0,22,7,fwd_0,0,0.0,2.0794415416798357,8
CKT_0067,T1,0,23,7,fwd_0,0,0.0,2.0794415416798357,8
CKT_0067,T1,0,24,7,fwd_0,0,0.0,2.0794415416798357,8
CKT_0067,T1,0,25,7,fwd_0,0,0.0,2.0794415416798357,8
CKT_0067,T1,0,26,7,fwd_0,0,0.0,2.0794415416798357,8
CKT_0067,T1,0,27,7,fwd_0,0,0.0,2.0794415416798357,8
CKT_0067,T1,0,28,7,fwd_0,0,0.0,2.0794415416798357,8
CKT_0067,T1,0,29,7,fwd_0,0,0.0,2.0794415416798357,8
CKT_0067,T1,0,30,7,fwd_0,0,0.0,2.0794415416798357,8
CKT_0067,T1,0,31,7,fwd_0,0,0.0,2.0794415416798357,8
CKT_0067,T1,0,32,7,fwd_0,0,0.0,2.0794415416798357,8
CKT_0067,T1,0,33,7,fwd_0,0,0.0,2.0794415416798357,8
CKT_0067,T1,0,34,7,fwd_0,0,0.0,2.0794415416798357,8
CKT_0067,T1,1,0,7,fwd_0,0,0.0,4.835428695287497e-28,8
CKT_0067,T1,1,1,7,fwd_0,0,0.0,4.835428695287497e-28,8
CKT_0067,T1,1,2,7,fwd_0,0,0.0,4.835428695287497e-28,8
CKT_0067,T1,1,3,7,fwd_0,0,0.0,4.835428695287497e-28,8
CKT_0067,T1,1,4,7,fwd_0,0,0.0,4.835428695287497e-28,8
CKT_0067,T1,1,5,7,fwd_0,7,697154573253.4476,4.835428695287497e-28,8
CKT_0067,T1,1,6,7,fwd_0,7,697154573253.4476,4.835428695287497e-28,8
CKT_0067,T1,1,7,7,fwd_0,7,697154573253.4476,4.835428695287497e-28,8
CKT_0067,T1,1,8,7,fwd_0,7,697154573253.4476,4.835428695287497e-28,8
CKT_0067,T1,1,9,7,fwd_0,7,697154573253.4476,4.835428695287497e-28,8
CKT_0067,T1,1,10,7,fwd_0,7,1400071426749.364,4.835428695287497e-28,8
CKT_0067,T1,1,11,7,fwd_0,7,1400071426749.364,4.835428695287497e-28,8
CKT_0067,T1,1,12,7,fwd_0,7,1400071426749.364,4.835428695287497e-28,8
CKT_0067,T1,1,13,7,fwd_0,7,1400071426749.364,4.835428695287497e-28,8
CKT_0067,T1,1,14,7,fwd_0,7,1400071426749.364,4.835428695287497e-28,8
CKT_0067,T1,1,15,7,fwd_0,7,1400071426749.364,4.835428695287497e-28,8
CKT_0067,T1,1,16,7,fwd_0,0,0.0,2.0794415416798357,8
CKT_0067,T1,1,17,7,fwd_0,0,0.0,2.0794415416798357,8
CKT_0067,T1,1,18,7,fwd_0,0,0.0,2.0794415416798357,8
CKT_0067,T1,1,19,7,fwd_0,0,0.0,2.0794415416798357,8
CKT_0067,T1,1,20,7,fwd_0,0,0.0,2.0794415416798357,8
CKT_0067,T1,1,21,7,fwd_0,0,0.0,2.0794415416798357,8
CKT_0067,T1,1,22,7,fwd_0,0,0.0,2.0794415416798357,8
CKT_0067,T1,1,23,7,fwd_0,0,0.0,2.0794415416798357,8
CKT_0067,T1,1,24,7,fwd_0,0,0.0,2.0794415416798357,8
CKT_0067,T1,1,25,7,fwd_0,0,0.0,2.0794415416798357,8
CKT_0067,T1,1,26,7,fwd_0,0,0.0,2.0794415416798357,8
CKT_0067,T1,1,27,7,fwd_0,0,0.0,2.0794415416798357,8
CKT_0067,T1,1,28,7,fwd_0,0,0.0,2.0794415416798357,8
CKT_0067,T1,1,29,7,fwd_0,0,0.0,2.0794415416798357,8
CKT_0067,T1,1,30,7,fwd_0,0,0.0,2.0794415416798357,8
CKT_0067,T1,1,31,7,fwd_0,0,0.0,2.0794415416798357,8
CKT_0067,T1,1,32,7,fwd_0,0,0.0,2.0794415416798357,8
CKT_0067,T1,1,33,7,fwd_0,0,0.0,2.0794415416798357,8
CKT_0067,T1,1,34,7,fwd_0,0,0.0,2.0794415416798357,8
CKT_0067,T1,2,0,7,fwd_0,0,0.0,2.0794415416798357,8
CKT_0067,T1,2,1,7,fwd_0,0,0.0,2.0794415416798357,8
CKT_0067,T1,2,2,7,fwd_0,0,0.0,2.0794415416798357,8
CKT_0067,T1,2,3,7,fwd_0,0,0.0,2.0794415416798357,8
CKT_0067,T1,2,4,7,fwd_0,0,0.0,2.0794415416798357,8
CKT_0067,T1,2,5,7,fwd_0,0,0.0,2.0794415416798357,8
CKT_0067,T1,2,6,7,fwd_0,0,0.0,2.0794415416798357,8
CKT_0067,T1,2,7,7,fwd_0,0,0.0,2.0794415416798357,8
CKT_0067,T1,2,8,7,fwd_0,0,0.0,2.0794415416798357,8
CKT_0067,T1,2,9,7,fwd_0,0,0.0,2.0794415416798357,8
CKT_0067,T1,2,10,7,fwd_0,0,0.0,2.0794415416798357,8
CKT_0067,T1,2,11,7,fwd_0,0,0.0,2.0794415416798357,8
CKT_0067,T1,2,12,7,fwd_0,0,0.0,2.0794415416798357,8
CKT_0067,T1,2,13,7,fwd_0,0,0.0,2.0794415416798357,8
CKT_0067,T1,2,14,7,fwd_0,0,0.0,2.0794415416798357,8
CKT_0067,T1,2,15,7,fwd_0,0,0.0,2.0794415416798357,8
CKT_0067,T1,2,16,7,fwd_0,0,0.0,2.0794415416798357,8
CKT_0067,T1,2,17,7,fwd_0,0,0.0,2.0794415416798357,8
CKT_0067,T1,2,18,7,fwd_0,0,0.0,2.0794415416798357,8
CKT_0067,T1,2,19,7,fwd_0,0,0.0,2.0794415416798357,8
CKT_0067,T1,2,20,7,fwd_0,0,0.0,2.0794415416798357,8
CKT_0067,T1,2,21,7,fwd_0,0,0.0,2.0794415416798357,8
CKT_0067,T1,2,22,7,fwd_0,0,0.0,2.0794415416798357,8
CKT_0067,T1,2,23,7,fwd_0,0,0.0,2.0794415416798357,8
CKT_0067,T1,2,24,7,fwd_0,0,0.0,2.0794415416798357,8
CKT_0067,T1,2,25,7,fwd_0,0,0.0,2.0794415416798357,8
CKT_0067,T1,2,26,7,fwd_0,0,0.0,2.0794415416798357,8
CKT_0067,T1,2,27,7,fwd_0,0,0.0,2.0794415416798357,8
CKT_0067,T1,2,28,7,fwd_0,0,0.0,2.0794415416798357,8
CKT_0067,T1,2,29,7,fwd_0,0,0.0,2.0794415416798357,8
CKT_0067,T1,2,30,7,fwd_0,0,0.0,2.0794415416798357,8
CKT_0067,T1,2,31,7,fwd_0,0,0.0,2.0794415416798357,8
CKT_0067,T1,2,32,7,fwd_0,0,0.0,2.0794415416798357,8
CKT_0067,T1,2,33,7,fwd_0,0,0.0,2.0794415416798357,8
CKT_0067,T1,2,34,7,fwd_0,0,0.0,2.0794415416798357,8
CKT_0067,T1,0,0,8,fwd_1,8,1824335495461.2927,5.52620422318571e-28,9
CKT_0067,T1,0,1,8,fwd_1,8,1824335495461.2927,5.52620422318571e-28,9
CKT_0067,T1,0,2,8,fwd_1,8,1824335495461.2927,5.52620422318571e-28,9
CKT_0067,T1,0,3,8,fwd_1,0,0.0,2.1972245773362196,9
CKT_0067,T1,0,4,8,fwd_1,0,0.0,2.1972245773362196,9
CKT_0067,T1,0,5,8,fwd_1,0,0.0,2.1972245773362196,9
CKT_0067,T1,0,6,8,fwd_1,0,0.0,2.1972245773362196,9
CKT_0067,T1,0,7,8,fwd_1,0,0.0,2.1972245773362196,9
CKT_0067,T1,0,8,8,fwd_1,0,0.0,2.1972245773362196,9
CKT_0067,T1,0,9,8,fwd_1,0,0.0,2.1972245773362196,9
CKT_0067,T1,0,10,8,fwd_1,0,0.0,2.1972245773362196,9
CKT_0067,T1,0,11,8,fwd_1,0,0.0,2.1972245773362196,9
CKT_0067,T1,0,12,8,fwd_1,0,0.0,2.1972245773362196,9
CKT_0067,T1,0,13,8,fwd_1,0,0.0,2.1972245773362196,9
CKT_0067,T1,0,14,8,fwd_1,0,0.0,2.1972245773362196,9
CKT_0067,T1,0,15,8,fwd_1,0,0.0,2.1972245773362196,9
CKT_0067,T1,0,16,8,fwd_1,0,0.0,2.1972245773362196,9
CKT_0067,T1,0,17,8,fwd_1,0,0.0,2.1972245773362196,9
CKT_0067,T1,0,18,8,fwd_1,0,0.0,2.1972245773362196,9
CKT_0067,T1,0,19,8,fwd_1,0,0.0,2.1972245773362196,9
CKT_0067,T1,0,20,8,fwd_1,0,0.0,2.1972245773362196,9
CKT_0067,T1,0,21,8,fwd_1,0,0.0,2.1972245773362196,9
CKT_0067,T1,0,22,8,fwd_1,0,0.0,2.1972245773362196,9
CKT_0067,T1,0,23,8,fwd_1,0,0.0,2.1972245773362196,9
CKT_0067,T1,0,24,8,fwd_1,0,0.0,2.1972245773362196,9
CKT_0067,T1,0,25,8,fwd_1,0,0.0,2.1972245773362196,9
CKT_0067,T1,0,26,8,fwd_1,0,0.0,2.1972245773362196,9
CKT_0067,T1,0,27,8,fwd_1,0,0.0,2.1972245773362196,9
CKT_0067,T1,0,28,8,fwd_1,0,0.0,2.1972245773362196,9
CKT_0067,T1,0,29,8,fwd_1,0,0.0,2.1972245773362196,9
CKT_0067,T1,0,30,8,fwd_1,0,0.0,2.1972245773362196,9
CKT_0067,T1,0,31,8,fwd_1,0,0.0,2.1972245773362196,9
CKT_0067,T1,0,32,8,fwd_1,0,0.0,2.1972245773362196,9
CKT_0067,T1,0,33,8,fwd_1,0,0.0,2.1972245773362196,9
CKT_0067,T1,0,34,8,fwd_1,0,0.0,2.1972245773362196,9
CKT_0067,T1,1,0,8,fwd_1,7,697154573253.4476,5.52620422318571e-28,9
CKT_0067,T1,1,1,8,fwd_1,0,0.0,5.52620422318571e-28,9
CKT_0067,T1,1,2,8,fwd_1,0,0.0,5.52620422318571e-28,9
CKT_0067,T1,1,3,8,fwd_1,0,0.0,5.52620422318571e-28,9
CKT_0067,T1,1,4,8,fwd_1,0,0.0,5.52620422318571e-28,9
CKT_0067,T1,1,5,8,fwd_1,8,909374961159.2474,5.52620422318571e-28,9
CKT_0067,T1,1,6,8,fwd_1,8,909374961159.2474,5.52620422318571e-28,9
CKT_0067,T1,1,7,8,fwd_1,8,909374961159.2474,5.52620422318571e-28,9
CKT_0067,T1,1,8,8,fwd_1,8,909374961159.2474,5.52620422318571e-28,9
CKT_0067,T1,1,9,8,fwd_1,8,909374961159.2474,5.52620422318571e-28,9
CKT_0067,T1,1,10,8,fwd_1,8,1824335495461.2927,5.52620422318571e-28,9
CKT_0067,T1,1,11,8,fwd_1,8,1824335495461.2927,5.52620422318571e-28,9
CKT_0067,T1,1,12,8,fwd_1,8,1824335495461.2927,5.52620422318571e-28,9
CKT_0067,T1,1,13,8,fwd_1,8,1824335495461.2927,5.52620422318571e-28,9
CKT_0067,T1,1,14,8,fwd_1,8,1824335495461.2927,5.52620422318571e-28,9
CKT_0067,T1,1,15,8,fwd_1,8,1824335495461.2927,5.52620422318571e-28,9
CKT_0067,T1,1,16,8,fwd_1,0,0.0,2.1972245773362196,9
CKT_0067,T1,1,17,8,fwd_1,0,0.0,2.1972245773362196,9
CKT_0067,T1,1,18,8,fwd_1,0,0.0,2.1972245773362196,9
CKT_0067,T1,1,19,8,fwd_1,0,0.0,2.1972245773362196,9
CKT_0067,T1,1,20,8,fwd_1,0,0.0,2.1972245773362196,9
CKT_0067,T1,1,21,8,fwd_1,0,0.0,2.1972245773362196,9
CKT_0067,T1,1,22,8,fwd_1,0,0.0,2.1972245773362196,9
CKT_0067,T1,1,23,8,fwd_1,0,0.0,2.1972245773362196,9
CKT_0067,T1,1,24,8,fwd_1,0,0.0,2.1972245773362196,9
CKT_0067,T1,1,25,8,fwd_1,0,0.0,2.1972245773362196,9
CKT_0067,T1,1,26,8,fwd_1,0,0.0,2.1972245773362196,9
CKT_0067,T1,1,27,8,fwd_1,0,0.0,2.1972245773362196,9
CKT_0067,T1,1,28,8,fwd_1,0,0.0,2.1972245773362196,9
CKT_0067,T1,1,29,8,fwd_1,0,0.0,2.1972245773362196,9
CKT_0067,T1,1,30,8,fwd_1,0,0.0,2.1972245773362196,9
CKT_0067,T1,1,31,8,fwd_1,0,0.0,2.1972245773362196,9
CKT_0067,T1,1,32,8,fwd_1,0,0.0,2.1972245773362196,9
CKT_0067,T1,1,33,8,fwd_1,0,0.0,2.1972245773362196,9
CKT_0067,T1,1,34,8,fwd_1,0,0.0,2.1972245773362196,9
CKT_0067,T1,2,0,8,fwd_1,0,0.0,2.1972245773362196,9
CKT_0067,T1,2,1,8,fwd_1,0,0.0,2.1972245773362196,9
CKT_0067,T1,2,2,8,fwd_1,0,0.0,2.1972245773362196,9
CKT_0067,T1,2,3,8,fwd_1,0,0.0,2.1972245773362196,9
CKT_0067,T1,2,4,8,fwd_1,0,0.0,2.1972245773362196,9
CKT_0067,T1,2,5,8,fwd_1,0,0.0,2.1972245773362196,9
CKT_0067,T1,2,6,8,fwd_1,0,0.0,2.1972245773362196,9
CKT_0067,T1,2,7,8,fwd_1,0,0.0,2.1972245773362196,9
CKT_0067,T1,2,8,8,fwd_1,0,0.0,2.1972245773362196,9
CKT_0067,T1,2,9,8,fwd_1,0,0.0,2.1972245773362196,9
CKT_0067,T1,2,10,8,fwd_1,0,0.0,2.1972245773362196,9
CKT_0067,T1,2,11,8,fwd_1,0,0.0,2.1972245773362196,9
CKT_0067,T1,2,12,8,fwd_1,0,0.0,2.1972245773362196,9
CKT_0067,T1,2,13,8,fwd_1,0,0.0,2.1972245773362196,9
CKT_0067,T1,2,14,8,fwd_1,0,0.0,2.1972245773362196,9
CKT_0067,T1,2,15,8,fwd_1,0,0.0,2.1972245773362196,9
CKT_0067,T1,2,16,8,fwd_1,0,0.0,2.1972245773362196,9
CKT_0067,T1,2,17,8,fwd_1,0,0.0,2.1972245773362196,9
CKT_0067,T1,2,18,8,fwd_1,0,0.0,2.1972245773362196,9
CKT_0067,T1,2,19,8,fwd_1,0,0.0,2.1972245773362196,9
CKT_0067,T1,2,20,8,fwd_1,0,0.0,2.1972245773362196,9
CKT_0067,T1,2,21,8,fwd_1,0,0.0,2.1972245773362196,9
CKT_0067,T1,2,22,8,fwd_1,0,0.0,2.1972245773362196,9
CKT_0067,T1,2,23,8,fwd_1,0,0.0,2.1972245773362196,9
CKT_0067,T1,2,24,8,fwd_1,0,0.0,2.1972245773362196,9
CKT_0067,T1,2,25,8,fwd_1,0,0.0,2.1972245773362196,9
CKT_0067,T1,2,26,8,fwd_1,0,0.0,2.1972245773362196,9
CKT_0067,T1,2,27,8,fwd_1,0,0.0,2.1972245773362196,9
CKT_0067,T1,2,28,8,fwd_1,0,0.0,2.1972245773362196,9
CKT_0067,T1,2,29,8,fwd_1,0,0.0,2.1972245773362196,9
CKT_0067,T1,2,30,8,fwd_1,0,0.0,2.1972245773362196,9
CKT_0067,T1,2,31,8,fwd_1,0,0.0,2.1972245773362196,9
CKT_0067,T1,2,32,8,fwd_1,0,0.0,2.1972245773362196,9
CKT_0067,T1,2,33,8,fwd_1,0,0.0,2.1972245773362196,9
CKT_0067,T1,2,34,8,fwd_1,0,0.0,2.1972245773362196,9
CKT_0067,T1,0,0,9,fwd_2,9,2305168106668.145,6.216979751083924e-28,10
CKT_0067,T1,0,1,9,fwd_2,9,2305168106668.145,6.216979751083924e-28,10
CKT_0067,T1,0,2,9,fwd_2,9,2305168106668.145,6.216979751083924e-28,10
CKT_0067,T1,0,3,9,fwd_2,0,0.0,2.3025850929940455,10
CKT_0067,T1,0,4,9,fwd_2,0,0.0,2.3025850929940455,10
CKT_0067,T1,0,5,9,fwd_2,0,0.0,2.3025850929940455,10
CKT_0067,T1,0,6,9,fwd_2,0,0.0,2.3025850929940455,10
CKT_0067,T1,0,7,9,fwd_2,0,0.0,2.3025850929940455,10
CKT_0067,T1,0,8,9,fwd_2,0,0.0,2.3025850929940455,10
CKT_0067,T1,0,9,9,fwd_2,0,0.0,2.3025850929940455,10
CKT_0067,T1,0,10,9,fwd_2,0,0.0,2.3025850929940455,10
CKT_0067,T1,0,11,9,fwd_2,0,0.0,2.3025850929940455,10
CKT_0067,T1,0,12,9,fwd_2,0,0.0,2.3025850929940455,10
CKT_0067,T1,0,13,9,fwd_2,0,0.0,2.3025850929940455,10
CKT_0067,T1,0,14,9,fwd_2,0,0.0,2.3025850929940455,10
CKT_0067,T1,0,15,9,fwd_2,0,0.0,2.3025850929940455,10
CKT_0067,T1,0,16,9,fwd_2,0,0.0,2.3025850929940455,10
CKT_0067,T1,0,17,9,fwd_2,0,0.0,2.3025850929940455,10
CKT_0067,T1,0,18,9,fwd_2,0,0.0,2.3025850929940455,10
CKT_0067,T1,0,19,9,fwd_2,0,0.0,2.3025850929940455,10
CKT_0067,T1,0,20,9,fwd_2,0,0.0,2.3025850929940455,10
CKT_0067,T1,0,21,9,fwd_2,0,0.0,2.3025850929940455,10
CKT_0067,T1,0,22,9,fwd_2,0,0.0,2.3025850929940455,10
CKT_0067,T1,0,23,9,fwd_2,0,0.0,2.3025850929940455,10
CKT_0067,T1,0,24,9,fwd_2,0,0.0,2.3025850929940455,10
CKT_0067,T1,0,25,9,fwd_2,0,0.0,2.3025850929940455,10
CKT_0067,T1,0,26,9,fwd_2,0,0.0,2.3025850929940455,10
CKT_0067,T1,0,27,9,fwd_2,0,0.0,2.3025850929940455,10
CKT_0067,T1,0,28,9,fwd_2,0,0.0,2.3025850929940455,10
CKT_0067,T1,0,29,9,fwd_2,0,0.0,2.3025850929940455,10
CKT_0067,T1,0,30,9,fwd_2,0,0.0,2.3025850929940455,10
CKT_0067,T1,0,31,9,fwd_2,0,0.0,2.3025850929940455,10
CKT_0067,T1,0,32,9,fwd_2,0,0.0,2.3025850929940455,10
CKT_0067,T1,0,33,9,fwd_2,0,0.0,2.3025850929940455,10
CKT_0067,T1,0,34,9,fwd_2,0,0.0,2.3025850929940455,10
CKT_0067,T1,1,0,9,fwd_2,7,697154573253.4479,6.216979751083924e-28,10
CKT_0067,T1,1,1,9,fwd_2,8,909374961159.2474,6.216979751083924e-28,10
CKT_0067,T1,1,2,9,fwd_2,0,0.0,6.216979751083924e-28,10
CKT_0067,T1,1,3,9,fwd_2,0,0.0,6.216979751083924e-28,10
CKT_0067,T1,1,4,9,fwd_2,0,0.0,6.216979751083924e-28,10
CKT_0067,T1,1,5,9,fwd_2,9,1149864503610.0845,6.216979751083924e-28,10
CKT_0067,T1,1,6,9,fwd_2,9,1149864503610.0845,6.216979751083924e-28,10
CKT_0067,T1,1,7,9,fwd_2,9,1149864503610.0845,6.216979751083924e-28,10
CKT_0067,T1,1,8,9,fwd_2,9,1149864503610.0845,6.216979751083924e-28,10
CKT_0067,T1,1,9,9,fwd_2,9,1149864503610.0845,6.216979751083924e-28,10
CKT_0067,T1,1,10,9,fwd_2,9,2305168106668.145,6.216979751083924e-28,10
CKT_0067,T1,1,11,9,fwd_2,9,2305168106668.145,6.216979751083924e-28,10
CKT_0067,T1,1,12,9,fwd_2,9,2305168106668.145,6.216979751083924e-28,10
CKT_0067,T1,1,13,9,fwd_2,9,2305168106668.145,6.216979751083924e-28,10
CKT_0067,T1,1,14,9,fwd_2,9,2305168106668.145,6.216979751083924e-28,10
CKT_0067,T1,1,15,9,fwd_2,9,2305168106668.145,6.216979751083924e-28,10
CKT_0067,T1,1,16,9,fwd_2,0,0.0,2.3025850929940455,10
CKT_0067,T1,1,17,9,fwd_2,0,0.0,2.3025850929940455,10
CKT_0067,T1,1,18,9,fwd_2,0,0.0,2.3025850929940455,10
CKT_0067,T1,1,19,9,fwd_2,0,0.0,2.3025850929940455,10
CKT_0067,T1,1,20,9,fwd_2,0,0.0,2.3025850929940455,10
CKT_0067,T1,1,21,9,fwd_2,0,0.0,2.3025850929940455,10
CKT_0067,T1,1,22,9,fwd_2,0,0.0,2.3025850929940455,10
CKT_0067,T1,1,23,9,fwd_2,0,0.0,2.3025850929940455,10
CKT_0067,T1,1,24,9,fwd_2,0,0.0,2.3025850929940455,10
CKT_0067,T1,1,25,9,fwd_2,0,0.0,2.3025850929940455,10
CKT_0067,T1,1,26,9,fwd_2,0,0.0,2.3025850929940455,10
CKT_0067,T1,1,27,9,fwd_2,0,0.0,2.3025850929940455,10
CKT_0067,T1,1,28,9,fwd_2,0,0.0,2.3025850929940455,10
CKT_0067,T1,1,29,9,fwd_2,0,0.0,2.3025850929940455,10
CKT_0067,T1,1,30,9,fwd_2,0,0.0,2.3025850929940455,10
CKT_0067,T1,1,31,9,fwd_2,0,0.0,2.3025850929940455,10
CKT_0067,T1,1,32,9,fwd_2,0,0.0,2.3025850929940455,10
CKT_0067,T1,1,33,9,fwd_2,0,0.0,2.3025850929940455,10
CKT_0067,T1,1,34,9,fwd_2,0,0.0,2.3025850929940455,10
CKT_0067,T1,2,0,9,fwd_2,0,0.0,2.3025850929940455,10
CKT_0067,T1,2,1,9,fwd_2,0,0.0,2.3025850929940455,10
CKT_0067,T1,2,2,9,fwd_2,0,0.0,2.3025850929940455,10
CKT_0067,T1,2,3,9,fwd_2,0,0.0,2.3025850929940455,10
CKT_0067,T1,2,4,9,fwd_2,0,0.0,2.3025850929940455,10
CKT_0067,T1,2,5,9,fwd_2,0,0.0,2.3025850929940455,10
CKT_0067,T1,2,6,9,fwd_2,0,0.0,2.3025850929940455,10
CKT_0067,T1,2,7,9,fwd_2,0,0.0,2.3025850929940455,10
CKT_0067,T1,2,8,9,fwd_2,0,0.0,2.3025850929940455,10
CKT_0067,T1,2,9,9,fwd_2,0,0.0,2.3025850929940455,10
CKT_0067,T1,2,10,9,fwd_2,0,0.0,2.3025850929940455,10
CKT_0067,T1,2,11,9,fwd_2,0,0.0,2.3025850929940455,10
CKT_0067,T1,2,12,9,fwd_2,0,0.0,2.3025850929940455,10
CKT_0067,T1,2,13,9,fwd_2,0,0.0,2.3025850929940455,10
CKT_0067,T1,2,14,9,fwd_2,0,0.0,2.3025850929940455,10
CKT_0067,T1,2,15,9,fwd_2,0,0.0,2.3025850929940455,10
CKT_0067,T1,2,16,9,fwd_2,0,0.0,2.3025850929940455,10
CKT_0067,T1,2,17,9,fwd_2,0,0.0,2.3025850929940455,10
CKT_0067,T1,2,18,9,fwd_2,0,0.0,2.3025850929940455,10
CKT_0067,T1,2,19,9,fwd_2,0,0.0,2.3025850929940455,10
CKT_0067,T1,2,20,9,fwd_2,0,0.0,2.3025850929940455,10
CKT_0067,T1,2,21,9,fwd_2,0,0.0,2.3025850929940455,10
CKT_0067,T1,2,22,9,fwd_2,0,0.0,2.3025850929940455,10
CKT_0067,T1,2,23,9,fwd_2,0,0.0,2.3025850929940455,10
CKT_0067,T1,2,24,9,fwd_2,0,0.0,2.3025850929940455,10
CKT_0067,T1,2,25,9,fwd_2,0,0.0,2.3025850929940455,10
CKT_0067,T1,2,26,9,fwd_2,0,0.0,2.3025850929940455,10
CKT_0067,T1,2,27,9,fwd_2,0,0.0,2.3025850929940455,10
CKT_0067,T1,2,28,9,fwd_2,0,0.0,2.3025850929940455,10
CKT_0067,T1,2,29,9,fwd_2,0,0.0,2.3025850929940455,10
CKT_0067,T1,2,30,9,fwd_2,0,0.0,2.3025850929940455,10
CKT_0067,T1,2,31,9,fwd_2,0,0.0,2.3025850929940455,10
CKT_0067,T1,2,32,9,fwd_2,0,0.0,2.3025850929940455,10
CKT_0067,T1,2,33,9,fwd_2,0,0.0,2.3025850929940455,10
CKT_0067,T1,2,34,9,fwd_2,0,0.0,2.3025850929940455,10
CKT_0067,T1,0,0,10,fwd_3,10,2842569260369.9214,6.907755278982137e-28,11
CKT_0067,T1,0,1,10,fwd_3,10,2842569260369.9214,6.907755278982137e-28,11
CKT_0067,T1,0,2,10,fwd_3,10,2842569260369.9214,6.907755278982137e-28,11
CKT_0067,T1,0,3,10,fwd_3,0,0.0,2.3978952727983707,11
CKT_0067,T1,0,4,10,fwd_3,0,0.0,2.3978952727983707,11
CKT_0067,T1,0,5,10,fwd_3,0,0.0,2.3978952727983707,11
CKT_0067,T1,0,6,10,fwd_3,0,0.0,2.3978952727983707,11
CKT_0067,T1,0,7,10,fwd_3,0,0.0,2.3978952727983707,11
CKT_0067,T1,0,8,10,fwd_3,0,0.0,2.3978952727983707,11
CKT_0067,T1,0,9,10,fwd_3,0,0.0,2.3978952727983707,11
CKT_0067,T1,0,10,10,fwd_3,0,0.0,2.3978952727983707,11
CKT_0067,T1,0,11,10,fwd_3,0,0.0,2.3978952727983707,11
CKT_0067,T1,0,12,10,fwd_3,0,0.0,2.3978952727983707,11
CKT_0067,T1,0,13,10,fwd_3,0,0.0,2.3978952727983707,11
CKT_0067,T1,0,14,10,fwd_3,0,0.0,2.3978952727983707,11
CKT_0067,T1,0,15,10,fwd_3,0,0.0,2.3978952727983707,11
CKT_0067,T1,0,16,10,fwd_3,0,0.0,2.3978952727983707,11
CKT_0067,T1,0,17,10,fwd_3,0,0.0,2.3978952727983707,11
CKT_0067,T1,0,18,10,fwd_3,0,0.0,2.3978952727983707,11
CKT_0067,T1,0,19,10,fwd_3,0,0.0,2.3978952727983707,11
CKT_0067,T1,0,20,10,fwd_3,0,0.0,2.3978952727983707,11
CKT_0067,T1,0,21,10,fwd_3,0,0.0,2.3978952727983707,11
CKT_0067,T1,0,22,10,fwd_3,0,0.0,2.3978952727983707,11
CKT_0067,T1,0,23,10,fwd_3,0,0.0,2.3978952727983707,11
CKT_0067,T1,0,24,10,fwd_3,0,0.0,2.3978952727983707,11
CKT_0067,T1,0,25,10,fwd_3,0,0.0,2.3978952727983707,11
CKT_0067,T1,0,26,10,fwd_3,0,0.0,2.3978952727983707,11
CKT_0067,T1,0,27,10,fwd_3,0,0.0,2.3978952727983707,11
CKT_0067,T1,0,28,10,fwd_3,0,0.0,2.3978952727983707,11
CKT_0067,T1,0,29,10,fwd_3,0,0.0,2.3978952727983707,11
CKT_0067,T1,0,30,10,fwd_3,0,0.0,2.3978952727983707,11
CKT_0067,T1,0,31,10,fwd_3,0,0.0,2.3978952727983707,11
CKT_0067,T1,0,32,10,fwd_3,0,0.0,2.3978952727983707,11
CKT_0067,T1,0,33,10,fwd_3,0,0.0,2.3978952727983707,11
CKT_0067,T1,0,34,10,fwd_3,0,0.0,2.3978952727983707,11
CKT_0067,T1,1,0,10,fwd_3,7,697154573253.4476,6.907755278982137e-28,11
CKT_0067,T1,1,1,10,fwd_3,8,909374961159.2474,6.907755278982137e-28,11
CKT_0067,T1,1,2,10,fwd_3,9,1149864503610.0845,6.907755278982137e-28,11
CKT_0067,T1,1,3,10,fwd_3,0,0.0,6.907755278982137e-28,11
CKT_0067,T1,1,4,10,fwd_3,0,0.0,6.907755278982137e-28,11
CKT_0067,T1,1,5,10,fwd_3,10,1418627034839.4243,6.907755278982137e-28,11
CKT_0067,T1,1,6,10,fwd_3,10,1418627034839.4243,6.907755278982137e-28,11
CKT_0067,T1,1,7,10,fwd_3,10,1418627034839.4243,6.907755278982137e-28,11
CKT_0067,T1,1,8,10,fwd_3,10,1418627034839.4243,6.907755278982137e-28,11
CKT_0067,T1,1,9,10,fwd_3,10,1418627034839.4243,6.907755278982137e-28,11
CKT_0067,T1,1,10,10,fwd_3,10,2842569260369.9214,6.907755278982137e-28,11
CKT_0067,T1,1,11,10,fwd_3,10,2842569260369.9214,6.907755278982137e-28,11
CKT_0067,T1,1,12,10,fwd_3,10,2842569260369.9214,6.907755278982137e-28,11
CKT_0067,T1,1,13,10,fwd_3,10,2842569260369.9214,6.907755278982137e-28,11
CKT_0067,T1,1,14,10,fwd_3,10,2842569260369.9214,6.907755278982137e-28,11
CKT_0067,T1,1,15,10,fwd_3,10,2842569260369.9214,6.907755278982137e-28,11
CKT_0067,T1,1,16,10,fwd_3,0,0.0,2.3978952727983707,11
CKT_0067,T1,1,17,10,fwd_3,0,0.0,2.3978952727983707,11
CKT_0067,T1,1,18,10,fwd_3,0,0.0,2.3978952727983707,11
CKT_0067,T1,1,19,10,fwd_3,0,0.0,2.3978952727983707,11
CKT_0067,T1,1,20,10,fwd_3,0,0.0,2.3978952727983707,11
CKT_0067,T1,1,21,10,fwd_3,0,0.0,2.3978952727983707,11
CKT_0067,T1,1,22,10,fwd_3,0,0.0,2.3978952727983707,11
CKT_0067,T1,1,23,10,fwd_3,0,0.0,2.3978952727983707,11
CKT_0067,T1,1,24,10,fwd_3,0,0.0,2.3978952727983707,11
CKT_0067,T1,1,25,10,fwd_3,0,0.0,2.3978952727983707,11
CKT_0067,T1,1,26,10,fwd_3,0,0.0,2.3978952727983707,11
CKT_0067,T1,1,27,10,fwd_3,0,0.0,2.3978952727983707,11
CKT_0067,T1,1,28,10,fwd_3,0,0.0,2.3978952727983707,11
CKT_0067,T1,1,29,10,fwd_3,0,0.0,2.3978952727983707,11
CKT_0067,T1,1,30,10,fwd_3,0,0.0,2.3978952727983707,11
CKT_0067,T1,1,31,10,fwd_3,0,0.0,2.3978952727983707,11
CKT_0067,T1,1,32,10,fwd_3,0,0.0,2.3978952727983707,11
CKT_0067,T1,1,33,10,fwd_3,0,0.0,2.3978952727983707,11
CKT_0067,T1,1,34,10,fwd_3,0,0.0,2.3978952727983707,11
CKT_0067,T1,2,0,10,fwd_3,0,0.0,2.3978952727983707,11
CKT_0067,T1,2,1,10,fwd_3,0,0.0,2.3978952727983707,11
CKT_0067,T1,2,2,10,fwd_3,0,0.0,2.3978952727983707,11
CKT_0067,T1,2,3,10,fwd_3,0,0.0,2.3978952727983707,11
CKT_0067,T1,2,4,10,fwd_3,0,0.0,2.3978952727983707,11
CKT_0067,T1,2,5,10,fwd_3,0,0.0,2.3978952727983707,11
CKT_0067,T1,2,6,10,fwd_3,0,0.0,2.3978952727983707,11
CKT_0067,T1,2,7,10,fwd_3,0,0.0,2.3978952727983707,11
CKT_0067,T1,2,8,10,fwd_3,0,0.0,2.3978952727983707,11
CKT_0067,T1,2,9,10,fwd_3,0,0.0,2.3978952727983707,11
CKT_0067,T1,2,10,10,fwd_3,0,0.0,2.3978952727983707,11
CKT_0067,T1,2,11,10,fwd_3,0,0.0,2.3978952727983707,11
CKT_0067,T1,2,12,10,fwd_3,0,0.0,2.3978952727983707,11
CKT_0067,T1,2,13,10,fwd_3,0,0.0,2.3978952727983707,11
CKT_0067,T1,2,14,10,fwd_3,0,0.0,2.3978952727983707,11
CKT_0067,T1,2,15,10,fwd_3,0,0.0,2.3978952727983707,11
CKT_0067,T1,2,16,10,fwd_3,0,0.0,2.3978952727983707,11
CKT_0067,T1,2,17,10,fwd_3,0,0.0,2.3978952727983707,11
CKT_0067,T1,2,18,10,fwd_3,0,0.0,2.3978952727983707,11
CKT_0067,T1,2,19,10,fwd_3,0,0.0,2.3978952727983707,11
CKT_0067,T1,2,20,10,fwd_3,0,0.0,2.3978952727983707,11
CKT_0067,T1,2,21,10,fwd_3,0,0.0,2.3978952727983707,11
CKT_0067,T1,2,22,10,fwd_3,0,0.0,2.3978952727983707,11
CKT_0067,T1,2,23,10,fwd_3,0,0.0,2.3978952727983707,11
CKT_0067,T1,2,24,10,fwd_3,0,0.0,2.3978952727983707,11
CKT_0067,T1,2,25,10,fwd_3,0,0.0,2.3978952727983707,11
CKT_0067,T1,2,26,10,fwd_3,0,0.0,2.3978952727983707,11
CKT_0067,T1,2,27,10,fwd_3,0,0.0,2.3978952727983707,11
CKT_0067,T1,2,28,10,fwd_3,0,0.0,2.3978952727983707,11
CKT_0067,T1,2,29,10,fwd_3,0,0.0,2.3978952727983707,11
CKT_0067,T1,2,30,10,fwd_3,0,0.0,2.3978952727983707,11
CKT_0067,T1,2,31,10,fwd_3,0,0.0,2.3978952727983707,11
CKT_0067,T1,2,32,10,fwd_3,0,0.0,2.3978952727983707,11
CKT_0067,T1,2,33,10,fwd_3,0,0.0,2.3978952727983707,11
CKT_0067,T1,2,34,10,fwd_3,0,0.0,2.3978952727983707,11
CKT_0067,T1,0,0,11,fwd_4,11,3436538956566.621,7.598530806880351e-28,12
CKT_0067,T1,0,1,11,fwd_4,11,3436538956566.621,7.598530806880351e-28,12
CKT_0067,T1,0,2,11,fwd_4,11,3436538956566.621,7.598530806880351e-28,12
CKT_0067,T1,0,3,11,fwd_4,0,0.0,2.484906649788001,12
CKT_0067,T1,0,4,11,fwd_4,0,0.0,2.484906649788001,12
CKT_0067,T1,0,5,11,fwd_4,0,0.0,2.484906649788001,12
CKT_0067,T1,0,6,11,fwd_4,0,0.0,2.484906649788001,12
CKT_0067,T1,0,7,11,fwd_4,0,0.0,2.484906649788001,12
CKT_0067,T1,0,8,11,fwd_4,0,0.0,2.484906649788001,12
CKT_0067,T1,0,9,11,fwd_4,0,0.0,2.484906649788001,12
CKT_0067,T1,0,10,11,fwd_4,0,0.0,2.484906649788001,12
CKT_0067,T1,0,11,11,fwd_4,0,0.0,2.484906649788001,12
CKT_0067,T1,0,12,11,fwd_4,0,0.0,2.484906649788001,12
CKT_0067,T1,0,13,11,fwd_4,0,0.0,2.484906649788001,12
CKT_0067,T1,0,14,11,fwd_4,0,0.0,2.484906649788001,12
CKT_0067,T1,0,15,11,fwd_4,0,0.0,2.484906649788001,12
CKT_0067,T1,0,16,11,fwd_4,0,0.0,2.484906649788001,12
CKT_0067,T1,0,17,11,fwd_4,0,0.0,2.484906649788001,12
CKT_0067,T1,0,18,11,fwd_4,0,0.0,2.484906649788001,12
CKT_0067,T1,0,19,11,fwd_4,0,0.0,2.484906649788001,12
CKT_0067,T1,0,20,11,fwd_4,0,0.0,2.484906649788001,12
CKT_0067,T1,0,21,11,fwd_4,0,0.0,2.484906649788001,12
CKT_0067,T1,0,22,11,fwd_4,0,0.0,2.484906649788001,12
CKT_0067,T1,0,23,11,fwd_4,0,0.0,2.484906649788001,12
CKT_0067,T1,0,24,11,fwd_4,0,0.0,2.484906649788001,12
CKT_0067,T1,0,25,11,fwd_4,0,0.0,2.484906649788001,12
CKT_0067,T1,0,26,11,fwd_4,0,0.0,2.484906649788001,12
CKT_0067,T1,0,27,11,fwd_4,0,0.0,2.484906649788001,12
CKT_0067,T1,0,28,11,fwd_4,0,0.0,2.484906649788001,12
CKT_0067,T1,0,29,11,fwd_4,0,0.0,2.484906649788001,12
CKT_0067,T1,0,30,11,fwd_4,0,0.0,2.484906649788001,12
CKT_0067,T1,0,31,11,fwd_4,0,0.0,2.484906649788001,12
CKT_0067,T1,0,32,11,fwd_4,0,0.0,2.484906649788001,12
CKT_0067,T1,0,33,11,fwd_4,0,0.0,2.484906649788001,12
CKT_0067,T1,0,34,11,fwd_4,0,0.0,2.484906649788001,12
CKT_0067,T1,1,0,11,fwd_4,7,697154573253.4479,7.598530806880351e-28,12
CKT_0067,T1,1,1,11,fwd_4,8,909374961159.2474,7.598530806880351e-28,12
CKT_0067,T1,1,2,11,fwd_4,9,1149864503610.0845,7.598530806880351e-28,12
CKT_0067,T1,1,3,11,fwd_4,10,1418627034839.4243,7.598530806880351e-28,12
CKT_0067,T1,1,4,11,fwd_4,0,0.0,7.598530806880351e-28,12
CKT_0067,T1,1,5,11,fwd_4,11,1715665163543.1848,7.598530806880351e-28,12
CKT_0067,T1,1,6,11,fwd_4,11,1715665163543.1848,7.598530806880351e-28,12
CKT_0067,T1,1,7,11,fwd_4,11,1715665163543.1848,7.598530806880351e-28,12
CKT_0067,T1,1,8,11,fwd_4,11,1715665163543.1848,7.598530806880351e-28,12
CKT_0067,T1,1,9,11,fwd_4,11,1715665163543.1848,7.598530806880351e-28,12
CKT_0067,T1,1,10,11,fwd_4,11,3436538956566.621,7.598530806880351e-28,12
CKT_0067,T1,1,11,11,fwd_4,11,3436538956566.621,7.598530806880351e-28,12
CKT_0067,T1,1,12,11,fwd_4,11,3436538956566.621,7.598530806880351e-28,12
CKT_0067,T1,1,13,11,fwd_4,11,3436538956566.621,7.598530806880351e-28,12
CKT_0067,T1,1,14,11,fwd_4,11,3436538956566.621,7.598530806880351e-28,12
CKT_0067,T1,1,15,11,fwd_4,11,3436538956566.621,7.598530806880351e-28,12
CKT_0067,T1,1,16,11,fwd_4,0,0.0,2.484906649788001,12
CKT_0067,T1,1,17,11,fwd_4,0,0.0,2.484906649788001,12
CKT_0067,T1,1,18,11,fwd_4,0,0.0,2.484906649788001,12
CKT_0067,T1,1,19,11,fwd_4,0,0.0,2.484906649788001,12
CKT_0067,T1,1,20,11,fwd_4,0,0.0,2.484906649788001,12
CKT_0067,T1,1,21,11,fwd_4,0,0.0,2.484906649788001,12
CKT_0067,T1,1,22,11,fwd_4,0,0.0,2.484906649788001,12
CKT_0067,T1,1,23,11,fwd_4,0,0.0,2.484906649788001,12
CKT_0067,T1,1,24,11,fwd_4,0,0.0,2.484906649788001,12
CKT_0067,T1,1,25,11,fwd_4,0,0.0,2.484906649788001,12
CKT_0067,T1,1,26,11,fwd_4,0,0.0,2.484906649788001,12
CKT_0067,T1,1,27,11,fwd_4,0,0.0,2.484906649788001,12
CKT_0067,T1,1,28,11,fwd_4,0,0.0,2.484906649788001,12
CKT_0067,T1,1,29,11,fwd_4,0,0.0,2.484906649788001,12
CKT_0067,T1,1,30,11,fwd_4,0,0.0,2.484906649788001,12
CKT_0067,T1,1,31,11,fwd_4,0,0.0,2.484906649788001,12
CKT_0067,T1,1,32,11,fwd_4,0,0.0,2.484906649788001,12
CKT_0067,T1,1,33,11,fwd_4,0,0.0,2.484906649788001,12
CKT_0067,T1,1,34,11,fwd_4,0,0.0,2.484906649788001,12
CKT_0067,T1,2,0,11,fwd_4,0,0.0,2.484906649788001,12
CKT_0067,T1,2,1,11,fwd_4,0,0.0,2.484906649788001,12
CKT_0067,T1,2,2,11,fwd_4,0,0.0,2.484906649788001,12
CKT_0067,T1,2,3,11,fwd_4,0,0.0,2.484906649788001,12
CKT_0067,T1,2,4,11,fwd_4,0,0.0,2.484906649788001,12
CKT_0067,T1,2,5,11,fwd_4,0,0.0,2.484906649788001,12
CKT_0067,T1,2,6,11,fwd_4,0,0.0,2.484906649788001,12
CKT_0067,T1,2,7,11,fwd_4,0,0.0,2.484906649788001,12
CKT_0067,T1,2,8,11,fwd_4,0,0.0,2.484906649788001,12
CKT_0067,T1,2,9,11,fwd_4,0,0.0,2.484906649788001,12
CKT_0067,T1,2,10,11,fwd_4,0,0.0,2.484906649788001,12
CKT_0067,T1,2,11,11,fwd_4,0,0.0,2.484906649788001,12
CKT_0067,T1,2,12,11,fwd_4,0,0.0,2.484906649788001,12
CKT_0067,T1,2,13,11,fwd_4,0,0.0,2.484906649788001,12
CKT_0067,T1,2,14,11,fwd_4,0,0.0,2.484906649788001,12
CKT_0067,T1,2,15,11,fwd_4,0,0.0,2.484906649788001,12
CKT_0067,T1,2,16,11,fwd_4,0,0.0,2.484906649788001,12
CKT_0067,T1,2,17,11,fwd_4,0,0.0,2.484906649788001,12
CKT_0067,T1,2,18,11,fwd_4,0,0.0,2.484906649788001,12
CKT_0067,T1,2,19,11,fwd_4,0,0.0,2.484906649788001,12
CKT_0067,T1,2,20,11,fwd_4,0,0.0,2.484906649788001,12
CKT_0067,T1,2,21,11,fwd_4,0,0.0,2.484906649788001,12
CKT_0067,T1,2,22,11,fwd_4,0,0.0,2.484906649788001,12
CKT_0067,T1,2,23,11,fwd_4,0,0.0,2.484906649788001,12
CKT_0067,T1,2,24,11,fwd_4,0,0.0,2.484906649788001,12
CKT_0067,T1,2,25,11,fwd_4,0,0.0,2.484906649788001,12
CKT_0067,T1,2,26,11,fwd_4,0,0.0,2.484906649788001,12
CKT_0067,T1,2,27,11,fwd_4,0,0.0,2.484906649788001,12
CKT_0067,T1,2,28,11,fwd_4,0,0.0,2.484906649788001,12
CKT_0067,T1,2,29,11,fwd_4,0,0.0,2.484906649788001,12
CKT_0067,T1,2,30,11,fwd_4,0,0.0,2.484906649788001,12
CKT_0067,T1,2,31,11,fwd_4,0,0.0,2.484906649788001,12
CKT_0067,T1,2,32,11,fwd_4,0,0.0,2.484906649788001,12
CKT_0067,T1,2,33,11,fwd_4,0,0.0,2.484906649788001,12
CKT_0067,T1,2,34,11,fwd_4,0,0.0,2.484906649788001,12
CKT_0067,T1,0,0,12,fwd_5,12,4087077195258.245,8.289306334778565e-28,13
CKT_0067,T1,0,1,12,fwd_5,12,4087077195258.245,8.289306334778565e-28,13
CKT_0067,T1,0,2,12,fwd_5,12,4087077195258.245,8.289306334778565e-28,13
CKT_0067,T1,0,3,12,fwd_5,0,0.0,2.564949357461537,13
CKT_0067,T1,0,4,12,fwd_5,0,0.0,2.564949357461537,13
CKT_0067,T1,0,5,12,fwd_5,0,0.0,2.564949357461537,13
CKT_0067,T1,0,6,12,fwd_5,0,0.0,2.564949357461537,13
CKT_0067,T1,0,7,12,fwd_5,0,0.0,2.564949357461537,13
CKT_0067,T1,0,8,12,fwd_5,0,0.0,2.564949357461537,13
CKT_0067,T1,0,9,12,fwd_5,0,0.0,2.564949357461537,13
CKT_0067,T1,0,10,12,fwd_5,0,0.0,2.564949357461537,13
CKT_0067,T1,0,11,12,fwd_5,0,0.0,2.564949357461537,13
CKT_0067,T1,0,12,12,fwd_5,0,0.0,2.564949357461537,13
CKT_0067,T1,0,13,12,fwd_5,0,0.0,2.564949357461537,13
CKT_0067,T1,0,14,12,fwd_5,0,0.0,2.564949357461537,13
CKT_0067,T1,0,15,12,fwd_5,0,0.0,2.564949357461537,13
CKT_0067,T1,0,16,12,fwd_5,0,0.0,2.564949357461537,13
CKT_0067,T1,0,17,12,fwd_5,0,0.0,2.564949357461537,13
CKT_0067,T1,0,18,12,fwd_5,0,0.0,2.564949357461537,13
CKT_0067,T1,0,19,12,fwd_5,0,0.0,2.564949357461537,13
CKT_0067,T1,0,20,12,fwd_5,0,0.0,2.564949357461537,13
CKT_0067,T1,0,21,12,fwd_5,0,0.0,2.564949357461537,13
CKT_0067,T1,0,22,12,fwd_5,0,0.0,2.564949357461537,13
CKT_0067,T1,0,23,12,fwd_5,0,0.0,2.564949357461537,13
CKT_0067,T1,0,24,12,fwd_5,0,0.0,2.564949357461537,13
CKT_0067,T1,0,25,12,fwd_5,0,0.0,2.564949357461537,13
CKT_0067,T1,0,26,12,fwd_5,0,0.0,2.564949357461537,13
CKT_0067,T1,0,27,12,fwd_5,0,0.0,2.564949357461537,13
CKT_0067,T1,0,28,12,fwd_5,0,0.0,2.564949357461537,13
CKT_0067,T1,0,29,12,fwd_5,0,0.0,2.564949357461537,13
CKT_0067,T1,0,30,12,fwd_5,0,0.0,2.564949357461537,13
CKT_0067,T1,0,31,12,fwd_5,0,0.0,2.564949357461537,13
CKT_0067,T1,0,32,12,fwd_5,0,0.0,2.564949357461537,13
CKT_0067,T1,0,33,12,fwd_5,0,0.0,2.564949357461537,13
CKT_0067,T1,0,34,12,fwd_5,0,0.0,2.564949357461537,13
CKT_0067,T1,1,0,12,fwd_5,7,697154573253.4479,8.289306334778565e-28,13
CKT_0067,T1,1,1,12,fwd_5,8,909374961159.2477,8.289306334778565e-28,13
CKT_0067,T1,1,2,12,fwd_5,9,1149864503610.0845,8.289306334778565e-28,13
CKT_0067,T1,1,3,12,fwd_5,10,1418627034839.4243,8.289306334778565e-28,13
CKT_0067,T1,1,4,12,fwd_5,11,1715665163543.1848,8.289306334778565e-28,13
CKT_0067,T1,1,5,12,fwd_5,12,2040980731588.9075,8.289306334778565e-28,13
CKT_0067,T1,1,6,12,fwd_5,12,2040980731588.9075,8.289306334778565e-28,13
CKT_0067,T1,1,7,12,fwd_5,12,2040980731588.9075,8.289306334778565e-28,13
CKT_0067,T1,1,8,12,fwd_5,12,2040980731588.9075,8.289306334778565e-28,13
CKT_0067,T1,1,9,12,fwd_5,12,2040980731588.9075,8.289306334778565e-28,13
CKT_0067,T1,1,10,12,fwd_5,12,4087077195258.245,8.289306334778565e-28,13
CKT_0067,T1,1,11,12,fwd_5,12,4087077195258.245,8.289306334778565e-28,13
CKT_0067,T1,1,12,12,fwd_5,12,4087077195258.245,8.289306334778565e-28,13
CKT_0067,T1,1,13,12,fwd_5,12,4087077195258.245,8.289306334778565e-28,13
CKT_0067,T1,1,14,12,fwd_5,12,4087077195258.245,8.289306334778565e-28,13
CKT_0067,T1,1,15,12,fwd_5,12,4087077195258.245,8.289306334778565e-28,13
CKT_0067,T1,1,16,12,fwd_5,0,0.0,2.564949357461537,13
CKT_0067,T1,1,17,12,fwd_5,0,0.0,2.564949357461537,13
CKT_0067,T1,1,18,12,fwd_5,0,0.0,2.564949357461537,13
CKT_0067,T1,1,19,12,fwd_5,0,0.0,2.564949357461537,13
CKT_0067,T1,1,20,12,fwd_5,0,0.0,2.564949357461537,13
CKT_0067,T1,1,21,12,fwd_5,0,0.0,2.564949357461537,13
CKT_0067,T1,1,22,12,fwd_5,0,0.0,2.564949357461537,13
CKT_0067,T1,1,23,12,fwd_5,0,0.0,2.564949357461537,13
CKT_0067,T1,1,24,12,fwd_5,0,0.0,2.564949357461537,13
CKT_0067,T1,1,25,12,fwd_5,0,0.0,2.564949357461537,13
CKT_0067,T1,1,26,12,fwd_5,0,0.0,2.564949357461537,13
CKT_0067,T1,1,27,12,fwd_5,0,0.0,2.564949357461537,13
CKT_0067,T1,1,28,12,fwd_5,0,0.0,2.564949357461537,13
CKT_0067,T1,1,29,12,fwd_5,0,0.0,2.564949357461537,13
CKT_0067,T1,1,30,12,fwd_5,0,0.0,2.564949357461537,13
CKT_0067,T1,1,31,12,fwd_5,0,0.0,2.564949357461537,13
CKT_0067,T1,1,32,12,fwd_5,0,0.0,2.564949357461537,13
CKT_0067,T1,1,33,12,fwd_5,0,0.0,2.564949357461537,13
CKT_0067,T1,1,34,12,fwd_5,0,0.0,2.564949357461537,13
CKT_0067,T1,2,0,12,fwd_5,0,0.0,2.564949357461537,13
CKT_0067,T1,2,1,12,fwd_5,0,0.0,2.564949357461537,13
CKT_0067,T1,2,2,12,fwd_5,0,0.0,2.564949357461537,13
CKT_0067,T1,2,3,12,fwd_5,0,0.0,2.564949357461537,13
CKT_0067,T1,2,4,12,fwd_5,0,0.0,2.564949357461537,13
CKT_0067,T1,2,5,12,fwd_5,0,0.0,2.564949357461537,13
CKT_0067,T1,2,6,12,fwd_5,0,0.0,2.564949357461537,13
CKT_0067,T1,2,7,12,fwd_5,0,0.0,2.564949357461537,13
CKT_0067,T1,2,8,12,fwd_5,0,0.0,2.564949357461537,13
CKT_0067,T1,2,9,12,fwd_5,0,0.0,2.564949357461537,13
CKT_0067,T1,2,10,12,fwd_5,0,0.0,2.564949357461537,13
CKT_0067,T1,2,11,12,fwd_5,0,0.0,2.564949357461537,13
CKT_0067,T1,2,12,12,fwd_5,0,0.0,2.564949357461537,13
CKT_0067,T1,2,13,12,fwd_5,0,0.0,2.564949357461537,13
CKT_0067,T1,2,14,12,fwd_5,0,0.0,2.564949357461537,13
CKT_0067,T1,2,15,12,fwd_5,0,0.0,2.564949357461537,13
CKT_0067,T1,2,16,12,fwd_5,0,0.0,2.564949357461537,13
CKT_0067,T1,2,17,12,fwd_5,0,0.0,2.564949357461537,13
CKT_0067,T1,2,18,12,fwd_5,0,0.0,2.564949357461537,13
CKT_0067,T1,2,19,12,fwd_5,0,0.0,2.564949357461537,13
CKT_0067,T1,2,20,12,fwd_5,0,0.0,2.564949357461537,13
CKT_0067,T1,2,21,12,fwd_5,0,0.0,2.564949357461537,13
CKT_0067,T1,2,22,12,fwd_5,0,0.0,2.564949357461537,13
CKT_0067,T1,2,23,12,fwd_5,0,0.0,2.564949357461537,13
CKT_0067,T1,2,24,12,fwd_5,0,0.0,2.564949357461537,13
CKT_0067,T1,2,25,12,fwd_5,0,0.0,2.564949357461537,13
CKT_0067,T1,2,26,12,fwd_5,0,0.0,2.564949357461537,13
CKT_0067,T1,2,27,12,fwd_5,0,0.0,2.564949357461537,13
CKT_0067,T1,2,28,12,fwd_5,0,0.0,2.564949357461537,13
CKT_0067,T1,2,29,12,fwd_5,0,0.0,2.564949357461537,13
CKT_0067,T1,2,30,12,fwd_5,0,0.0,2.564949357461537,13
CKT_0067,T1,2,31,12,fwd_5,0,0.0,2.564949357461537,13
CKT_0067,T1,2,32,12,fwd_5,0,0.0,2.564949357461537,13
CKT_0067,T1,2,33,12,fwd_5,0,0.0,2.564949357461537,13
CKT_0067,T1,2,34,12,fwd_5,0,0.0,2.564949357461537,13
CKT_0067,T1,0,0,13,bck_5,13,4794183976444.792,8.98008186267678e-28,14
CKT_0067,T1,0,1,13,bck_5,13,4794183976444.792,8.98008186267678e-28,14
CKT_0067,T1,0,2,13,bck_5,13,4794183976444.792,8.98008186267678e-28,14
CKT_0067,T1,0,3,13,bck_5,0,0.0,2.639057329615258,14
CKT_0067,T1,0,4,13,bck_5,0,0.0,2.639057329615258,14
CKT_0067,T1,0,5,13,bck_5,0,0.0,2.639057329615258,14
CKT_0067,T1,0,6,13,bck_5,0,0.0,2.639057329615258,14
CKT_0067,T1,0,7,13,bck_5,0,0.0,2.639057329615258,14
CKT_0067,T1,0,8,13,bck_5,0,0.0,2.639057329615258,14
CKT_0067,T1,0,9,13,bck_5,0,0.0,2.639057329615258,14
CKT_0067,T1,0,10,13,bck_5,0,0.0,2.639057329615258,14
CKT_0067,T1,0,11,13,bck_5,0,0.0,2.639057329615258,14
CKT_0067,T1,0,12,13,bck_5,0,0.0,2.639057329615258,14
CKT_0067,T1,0,13,13,bck_5,0,0.0,2.639057329615258,14
CKT_0067,T1,0,14,13,bck_5,0,0.0,2.639057329615258,14
CKT_0067,T1,0,15,13,bck_5,0,0.0,2.639057329615258,14
CKT_0067,T1,0,16,13,bck_5,0,0.0,2.639057329615258,14
CKT_0067,T1,0,17,13,bck_5,0,0.0,2.639057329615258,14
CKT_0067,T1,0,18,13,bck_5,0,0.0,2.639057329615258,14
CKT_0067,T1,0,19,13,bck_5,0,0.0,2.639057329615258,14
CKT_0067,T1,0,20,13,bck_5,0,0.0,2.639057329615258,14
CKT_0067,T1,0,21,13,bck_5,0,0.0,2.639057329615258,14
CKT_0067,T1,0,22,13,bck_5,0,0.0,2.639057329615258,14
CKT_0067,T1,0,23,13,bck_5,0,0.0,2.639057329615258,14
CKT_0067,T1,0,24,13,bck_5,0,0.0,2.639057329615258,14
CKT_0067,T1,0,25,13,bck_5,0,0.0,2.639057329615258,14
CKT_0067,T1,0,26,13,bck_5,0,0.0,2.639057329615258,14
CKT_0067,T1,0,27,13,bck_5,0,0.0,2.639057329615258,14
CKT_0067,T1,0,28,13,bck_5,0,0.0,2.639057329615258,14
CKT_0067,T1,0,29,13,bck_5,0,0.0,2.639057329615258,14
CKT_0067,T1,0,30,13,bck_5,0,0.0,2.639057329615258,14
CKT_0067,T1,0,31,13,bck_5,0,0.0,2.639057329615258,14
CKT_0067,T1,0,32,13,bck_5,0,0.0,2.639057329615258,14
CKT_0067,T1,0,33,13,bck_5,0,0.0,2.639057329615258,14
CKT_0067,T1,0,34,13,bck_5,0,0.0,2.639057329615258,14
CKT_0067,T1,1,0,13,bck_5,13,2394575079823.423,8.98008186267678e-28,14
CKT_0067,T1,1,1,13,bck_5,13,2394575079823.423,8.98008186267678e-28,14
CKT_0067,T1,1,2,13,bck_5,13,2394575079823.423,8.98008186267678e-28,14
CKT_0067,T1,1,3,13,bck_5,13,2394575079823.423,8.98008186267678e-28,14
CKT_0067,T1,1,4,13,bck_5,13,2394575079823.423,8.98008186267678e-28,14
CKT_0067,T1,1,5,13,bck_5,0,0.0,8.98008186267678e-28,14
CKT_0067,T1,1,6,13,bck_5,0,0.0,8.98008186267678e-28,14
CKT_0067,T1,1,7,13,bck_5,0,0.0,8.98008186267678e-28,14
CKT_0067,T1,1,8,13,bck_5,0,0.0,8.98008186267678e-28,14
CKT_0067,T1,1,9,13,bck_5,0,0.0,8.98008186267678e-28,14
CKT_0067,T1,1,10,13,bck_5,13,4794183976444.792,8.98008186267678e-28,14
CKT_0067,T1,1,11,13,bck_5,13,4794183976444.792,8.98008186267678e-28,14
CKT_0067,T1,1,12,13,bck_5,13,4794183976444.792,8.98008186267678e-28,14
CKT_0067,T1,1,13,13,bck_5,13,4794183976444.792,8.98008186267678e-28,14
CKT_0067,T1,1,14,13,bck_5,13,4794183976444.792,8.98008186267678e-28,14
CKT_0067,T1,1,15,13,bck_5,13,4794183976444.792,8.98008186267678e-28,14
CKT_0067,T1,1,16,13,bck_5,0,0.0,2.639057329615258,14
CKT_0067,T1,1,17,13,bck_5,0,0.0,2.639057329615258,14
CKT_0067,T1,1,18,13,bck_5,0,0.0,2.639057329615258,14
CKT_0067,T1,1,19,13,bck_5,0,0.0,2.639057329615258,14
CKT_0067,T1,1,20,13,bck_5,0,0.0,2.639057329615258,14
CKT_0067,T1,1,21,13,bck_5,0,0.0,2.639057329615258,14
CKT_0067,T1,1,22,13,bck_5,0,0.0,2.639057329615258,14
CKT_0067,T1,1,23,13,bck_5,0,0.0,2.639057329615258,14
CKT_0067,T1,1,24,13,bck_5,0,0.0,2.639057329615258,14
CKT_0067,T1,1,25,13,bck_5,0,0.0,2.639057329615258,14
CKT_0067,T1,1,26,13,bck_5,0,0.0,2.639057329615258,14
CKT_0067,T1,1,27,13,bck_5,0,0.0,2.639057329615258,14
CKT_0067,T1,1,28,13,bck_5,0,0.0,2.639057329615258,14
CKT_0067,T1,1,29,13,bck_5,0,0.0,2.639057329615258,14
CKT_0067,T1,1,30,13,bck_5,0,0.0,2.639057329615258,14
CKT_0067,T1,1,31,13,bck_5,0,0.0,2.639057329615258,14
CKT_0067,T1,1,32,13,bck_5,0,0.0,2.639057329615258,14
CKT_0067,T1,1,33,13,bck_5,0,0.0,2.639057329615258,14
CKT_0067,T1,1,34,13,bck_5,0,0.0,2.639057329615258,14
CKT_0067,T1,2,0,13,bck_5,0,0.0,2.639057329615258,14
CKT_0067,T1,2,1,13,bck_5,0,0.0,2.639057329615258,14
CKT_0067,T1,2,2,13,bck_5,0,0.0,2.639057329615258,14
CKT_0067,T1,2,3,13,bck_5,0,0.0,2.639057329615258,14
CKT_0067,T1,2,4,13,bck_5,0,0.0,2.639057329615258,14
CKT_0067,T1,2,5,13,bck_5,0,0.0,2.639057329615258,14
CKT_0067,T1,2,6,13,bck_5,0,0.0,2.639057329615258,14
CKT_0067,T1,2,7,13,bck_5,0,0.0,2.639057329615258,14
CKT_0067,T1,2,8,13,bck_5,0,0.0,2.639057329615258,14
CKT_0067,T1,2,9,13,bck_5,0,0.0,2.639057329615258,14
CKT_0067,T1,2,10,13,bck_5,0,0.0,2.639057329615258,14
CKT_0067,T1,2,11,13,bck_5,0,0.0,2.639057329615258,14
CKT_0067,T1,2,12,13,bck_5,0,0.0,2.639057329615258,14
CKT_0067,T1,2,13,13,bck_5,0,0.0,2.639057329615258,14
CKT_0067,T1,2,14,13,bck_5,0,0.0,2.639057329615258,14
CKT_0067,T1,2,15,13,bck_5,0,0.0,2.639057329615258,14
CKT_0067,T1,2,16,13,bck_5,0,0.0,2.639057329615258,14
CKT_0067,T1,2,17,13,bck_5,0,0.0,2.639057329615258,14
CKT_0067,T1,2,18,13,bck_5,0,0.0,2.639057329615258,14
CKT_0067,T1,2,19,13,bck_5,0,0.0,2.639057329615258,14
CKT_0067,T1,2,20,13,bck_5,0,0.0,2.639057329615258,14
CKT_0067,T1,2,21,13,bck_5,0,0.0,2.639057329615258,14
CKT_0067,T1,2,22,13,bck_5,0,0.0,2.639057329615258,14
CKT_0067,T1,2,23,13,bck_5,0,0.0,2.639057329615258,14
CKT_0067,T1,2,24,13,bck_5,0,0.0,2.639057329615258,14
CKT_0067,T1,2,25,13,bck_5,0,0.0,2.639057329615258,14
CKT_0067,T1,2,26,13,bck_5,0,0.0,2.639057329615258,14
CKT_0067,T1,2,27,13,bck_5,0,0.0,2.639057329615258,14
CKT_0067,T1,2,28,13,bck_5,0,0.0,2.639057329615258,14
CKT_0067,T1,2,29,13,bck_5,0,0.0,2.639057329615258,14
CKT_0067,T1,2,30,13,bck_5,0,0.0,2.639057329615258,14
CKT_0067,T1,2,31,13,bck_5,0,0.0,2.639057329615258,14
CKT_0067,T1,2,32,13,bck_5,0,0.0,2.639057329615258,14
CKT_0067,T1,2,33,13,bck_5,0,0.0,2.639057329615258,14
CKT_0067,T1,2,34,13,bck_5,0,0.0,2.639057329615258,14
CKT_0067,T1,0,0,14,bck_4,14,5557859300126.263,9.670857390574994e-28,15
CKT_0067,T1,0,1,14,bck_4,14,5557859300126.263,9.670857390574994e-28,15
CKT_0067,T1,0,2,14,bck_4,14,5557859300126.263,9.670857390574994e-28,15
CKT_0067,T1,0,3,14,bck_4,0,0.0,2.70805020110221,15
CKT_0067,T1,0,4,14,bck_4,0,0.0,2.70805020110221,15
CKT_0067,T1,0,5,14,bck_4,0,0.0,2.70805020110221,15
CKT_0067,T1,0,6,14,bck_4,0,0.0,2.70805020110221,15
CKT_0067,T1,0,7,14,bck_4,0,0.0,2.70805020110221,15
CKT_0067,T1,0,8,14,bck_4,0,0.0,2.70805020110221,15
CKT_0067,T1,0,9,14,bck_4,0,0.0,2.70805020110221,15
CKT_0067,T1,0,10,14,bck_4,0,0.0,2.70805020110221,15
CKT_0067,T1,0,11,14,bck_4,0,0.0,2.70805020110221,15
CKT_0067,T1,0,12,14,bck_4,0,0.0,2.70805020110221,15
CKT_0067,T1,0,13,14,bck_4,0,0.0,2.70805020110221,15
CKT_0067,T1,0,14,14,bck_4,0,0.0,2.70805020110221,15
CKT_0067,T1,0,15,14,bck_4,0,0.0,2.70805020110221,15
CKT_0067,T1,0,16,14,bck_4,0,0.0,2.70805020110221,15
CKT_0067,T1,0,17,14,bck_4,0,0.0,2.70805020110221,15
CKT_0067,T1,0,18,14,bck_4,0,0.0,2.70805020110221,15
CKT_0067,T1,0,19,14,bck_4,0,0.0,2.70805020110221,15
CKT_0067,T1,0,20,14,bck_4,0,0.0,2.70805020110221,15
CKT_0067,T1,0,21,14,bck_4,0,0.0,2.70805020110221,15
CKT_0067,T1,0,22,14,bck_4,0,0.0,2.70805020110221,15
CKT_0067,T1,0,23,14,bck_4,0,0.0,2.70805020110221,15
CKT_0067,T1,0,24,14,bck_4,0,0.0,2.70805020110221,15
CKT_0067,T1,0,25,14,bck_4,0,0.0,2.70805020110221,15
CKT_0067,T1,0,26,14,bck_4,0,0.0,2.70805020110221,15
CKT_0067,T1,0,27,14,bck_4,0,0.0,2.70805020110221,15
CKT_0067,T1,0,28,14,bck_4,0,0.0,2.70805020110221,15
CKT_0067,T1,0,29,14,bck_4,0,0.0,2.70805020110221,15
CKT_0067,T1,0,30,14,bck_4,0,0.0,2.70805020110221,15
CKT_0067,T1,0,31,14,bck_4,0,0.0,2.70805020110221,15
CKT_0067,T1,0,32,14,bck_4,0,0.0,2.70805020110221,15
CKT_0067,T1,0,33,14,bck_4,0,0.0,2.70805020110221,15
CKT_0067,T1,0,34,14,bck_4,0,0.0,2.70805020110221,15
CKT_0067,T1,1,0,14,bck_4,14,2776449209760.9517,9.670857390574994e-28,15
CKT_0067,T1,1,1,14,bck_4,14,2776449209760.9517,9.670857390574994e-28,15
CKT_0067,T1,1,2,14,bck_4,14,2776449209760.9517,9.670857390574994e-28,15
CKT_0067,T1,1,3,14,bck_4,14,2776449209760.9517,9.670857390574994e-28,15
CKT_0067,T1,1,4,14,bck_4,14,2776449209760.9517,9.670857390574994e-28,15
CKT_0067,T1,1,5,14,bck_4,13,2394575079823.423,9.670857390574994e-28,15
CKT_0067,T1,1,6,14,bck_4,0,0.0,9.670857390574994e-28,15
CKT_0067,T1,1,7,14,bck_4,0,0.0,9.670857390574994e-28,15
CKT_0067,T1,1,8,14,bck_4,0,0.0,9.670857390574994e-28,15
CKT_0067,T1,1,9,14,bck_4,0,0.0,9.670857390574994e-28,15
CKT_0067,T1,1,10,14,bck_4,14,5557859300126.263,9.670857390574994e-28,15
CKT_0067,T1,1,11,14,bck_4,14,5557859300126.263,9.670857390574994e-28,15
CKT_0067,T1,1,12,14,bck_4,14,5557859300126.263,9.670857390574994e-28,15
CKT_0067,T1,1,13,14,bck_4,14,5557859300126.263,9.670857390574994e-28,15
CKT_0067,T1,1,14,14,bck_4,14,5557859300126.263,9.670857390574994e-28,15
CKT_0067,T1,1,15,14,bck_4,14,5557859300126.263,9.670857390574994e-28,15
CKT_0067,T1,1,16,14,bck_4,0,0.0,2.70805020110221,15
CKT_0067,T1,1,17,14,bck_4,0,0.0,2.70805020110221,15
CKT_0067,T1,1,18,14,bck_4,0,0.0,2.70805020110221,15
CKT_0067,T1,1,19,14,bck_4,0,0.0,2.70805020110221,15
CKT_0067,T1,1,20,14,bck_4,0,0.0,2.70805020110221,15
CKT_0067,T1,1,21,14,bck_4,0,0.0,2.70805020110221,15
CKT_0067,T1,1,22,14,bck_4,0,0.0,2.70805020110221,15
CKT_0067,T1,1,23,14,bck_4,0,0.0,2.70805020110221,15
CKT_0067,T1,1,24,14,bck_4,0,0.0,2.70805020110221,15
CKT_0067,T1,1,25,14,bck_4,0,0.0,2.70805020110221,15
CKT_0067,T1,1,26,14,bck_4,0,0.0,2.70805020110221,15
CKT_0067,T1,1,27,14,bck_4,0,0.0,2.70805020110221,15
CKT_0067,T1,1,28,14,bck_4,0,0.0,2.70805020110221,15
CKT_0067,T1,1,29,14,bck_4,0,0.0,2.70805020110221,15
CKT_0067,T1,1,30,14,bck_4,0,0.0,2.70805020110221,15
CKT_0067,T1,1,31,14,bck_4,0,0.0,2.70805020110221,15
CKT_0067,T1,1,32,14,bck_4,0,0.0,2.70805020110221,15
CKT_0067,T1,1,33,14,bck_4,0,0.0,2.70805020110221,15
CKT_0067,T1,1,34,14,bck_4,0,0.0,2.70805020110221,15
CKT_0067,T1,2,0,14,bck_4,0,0.0,2.70805020110221,15
CKT_0067,T1,2,1,14,bck_4,0,0.0,2.70805020110221,15
CKT_0067,T1,2,2,14,bck_4,0,0.0,2.70805020110221,15
CKT_0067,T1,2,3,14,bck_4,0,0.0,2.70805020110221,15
CKT_0067,T1,2,4,14,bck_4,0,0.0,2.70805020110221,15
CKT_0067,T1,2,5,14,bck_4,0,0.0,2.70805020110221,15
CKT_0067,T1,2,6,14,bck_4,0,0.0,2.70805020110221,15
CKT_0067,T1,2,7,14,bck_4,0,0.0,2.70805020110221,15
CKT_0067,T1,2,8,14,bck_4,0,0.0,2.70805020110221,15
CKT_0067,T1,2,9,14,bck_4,0,0.0,2.70805020110221,15
CKT_0067,T1,2,10,14,bck_4,0,0.0,2.70805020110221,15
CKT_0067,T1,2,11,14,bck_4,0,0.0,2.70805020110221,15
CKT_0067,T1,2,12,14,bck_4,0,0.0,2.70805020110221,15
CKT_0067,T1,2,13,14,bck_4,0,0.0,2.70805020110221,15
CKT_0067,T1,2,14,14,bck_4,0,0.0,2.70805020110221,15
CKT_0067,T1,2,15,14,bck_4,0,0.0,2.70805020110221,15
CKT_0067,T1,2,16,14,bck_4,0,0.0,2.70805020110221,15
CKT_0067,T1,2,17,14,bck_4,0,0.0,2.70805020110221,15
CKT_0067,T1,2,18,14,bck_4,0,0.0,2.70805020110221,15
CKT_0067,T1,2,19,14,bck_4,0,0.0,2.70805020110221,15
CKT_0067,T1,2,20,14,bck_4,0,0.0,2.70805020110221,15
CKT_0067,T1,2,21,14,bck_4,0,0.0,2.70805020110221,15
CKT_0067,T1,2,22,14,bck_4,0,0.0,2.70805020110221,15
CKT_0067,T1,2,23,14,bck_4,0,0.0,2.70805020110221,15
CKT_0067,T1,2,24,14,bck_4,0,0.0,2.70805020110221,15
CKT_0067,T1,2,25,14,bck_4,0,0.0,2.70805020110221,15
CKT_0067,T1,2,26,14,bck_4,0,0.0,2.70805020110221,15
CKT_0067,T1,2,27,14,bck_4,0,0.0,2.70805020110221,15
CKT_0067,T1,2,28,14,bck_4,0,0.0,2.70805020110221,15
CKT_0067,T1,2,29,14,bck_4,0,0.0,2.70805020110221,15
CKT_0067,T1,2,30,14,bck_4,0,0.0,2.70805020110221,15
CKT_0067,T1,2,31,14,bck_4,0,0.0,2.70805020110221,15
CKT_0067,T1,2,32,14,bck_4,0,0.0,2.70805020110221,15
CKT_0067,T1,2,33,14,bck_4,0,0.0,2.70805020110221,15
CKT_0067,T1,2,34,14,bck_4,0,0.0,2.70805020110221,15
CKT_0067,T1,0,0,15,bck_3,15,6378103166302.658,1.0361632918473208e-27,16
CKT_0067,T1,0,1,15,bck_3,15,6378103166302.658,1.0361632918473208e-27,16
CKT_0067,T1,0,2,15,bck_3,15,6378103166302.658,1.0361632918473208e-27,16
CKT_0067,T1,0,3,15,bck_3,0,0.0,2.772588722239781,16
CKT_0067,T1,0,4,15,bck_3,0,0.0,2.772588722239781,16
CKT_0067,T1,0,5,15,bck_3,0,0.0,2.772588722239781,16
CKT_0067,T1,0,6,15,bck_3,0,0.0,2.772588722239781,16
CKT_0067,T1,0,7,15,bck_3,0,0.0,2.772588722239781,16
CKT_0067,T1,0,8,15,bck_3,0,0.0,2.772588722239781,16
CKT_0067,T1,0,9,15,bck_3,0,0.0,2.772588722239781,16
CKT_0067,T1,0,10,15,bck_3,0,0.0,2.772588722239781,16
CKT_0067,T1,0,11,15,bck_3,0,0.0,2.772588722239781,16
CKT_0067,T1,0,12,15,bck_3,0,0.0,2.772588722239781,16
CKT_0067,T1,0,13,15,bck_3,0,0.0,2.772588722239781,16
CKT_0067,T1,0,14,15,bck_3,0,0.0,2.772588722239781,16
CKT_0067,T1,0,15,15,bck_3,0,0.0,2.772588722239781,16
CKT_0067,T1,0,16,15,bck_3,0,0.0,2.772588722239781,16
CKT_0067,T1,0,17,15,bck_3,0,0.0,2.772588722239781,16
CKT_0067,T1,0,18,15,bck_3,0,0.0,2.772588722239781,16
CKT_0067,T1,0,19,15,bck_3,0,0.0,2.772588722239781,16
CKT_0067,T1,0,20,15,bck_3,0,0.0,2.772588722239781,16
CKT_0067,T1,0,21,15,bck_3,0,0.0,2.772588722239781,16
CKT_0067,T1,0,22,15,bck_3,0,0.0,2.772588722239781,16
CKT_0067,T1,0,23,15,bck_3,0,0.0,2.772588722239781,16
CKT_0067,T1,0,24,15,bck_3,0,0.0,2.772588722239781,16
CKT_0067,T1,0,25,15,bck_3,0,0.0,2.772588722239781,16
CKT_0067,T1,0,26,15,bck_3,0,0.0,2.772588722239781,16
CKT_0067,T1,0,27,15,bck_3,0,0.0,2.772588722239781,16
CKT_0067,T1,0,28,15,bck_3,0,0.0,2.772588722239781,16
CKT_0067,T1,0,29,15,bck_3,0,0.0,2.772588722239781,16
CKT_0067,T1,0,30,15,bck_3,0,0.0,2.772588722239781,16
CKT_0067,T1,0,31,15,bck_3,0,0.0,2.772588722239781,16
CKT_0067,T1,0,32,15,bck_3,0,0.0,2.772588722239781,16
CKT_0067,T1,0,33,15,bck_3,0,0.0,2.772588722239781,16
CKT_0067,T1,0,34,15,bck_3,0,0.0,2.772588722239781,16
CKT_0067,T1,1,0,15,bck_3,15,3186603886007.168,1.0361632918473208e-27,16
CKT_0067,T1,1,1,15,bck_3,15,3186603886007.168,1.0361632918473208e-27,16
CKT_0067,T1,1,2,15,bck_3,15,3186603886007.168,1.0361632918473208e-27,16
CKT_0067,T1,1,3,15,bck_3,15,3186603886007.168,1.0361632918473208e-27,16
CKT_0067,T1,1,4,15,bck_3,15,3186603886007.168,1.0361632918473208e-27,16
CKT_0067,T1,1,5,15,bck_3,14,2776449209760.9517,1.0361632918473208e-27,16
CKT_0067,T1,1,6,15,bck_3,13,2394575079823.423,1.0361632918473208e-27,16
CKT_0067,T1,1,7,15,bck_3,0,0.0,1.0361632918473208e-27,16
CKT_0067,T1,1,8,15,bck_3,0,0.0,1.0361632918473208e-27,16
CKT_0067,T1,1,9,15,bck_3,0,0.0,1.0361632918473208e-27,16
CKT_0067,T1,1,10,15,bck_3,15,6378103166302.658,1.0361632918473208e-27,16
CKT_0067,T1,1,11,15,bck_3,15,6378103166302.658,1.0361632918473208e-27,16
CKT_0067,T1,1,12,15,bck_3,15,6378103166302.658,1.0361632918473208e-27,16
CKT_0067,T1,1,13,15,bck_3,15,6378103166302.658,1.0361632918473208e-27,16
CKT_0067,T1,1,14,15,bck_3,15,6378103166302.658,1.0361632918473208e-27,16
CKT_0067,T1,1,15,15,bck_3,15,6378103166302.658,1.0361632918473208e-27,16
CKT_0067,T1,1,16,15,bck_3,0,0.0,2.772588722239781,16
CKT_0067,T1,1,17,15,bck_3,0,0.0,2.772588722239781,16
CKT_0067,T1,1,18,15,bck_3,0,0.0,2.772588722239781,16
CKT_0067,T1,1,19,15,bck_3,0,0.0,2.772588722239781,16
CKT_0067,T1,1,20,15,bck_3,0,0.0,2.772588722239781,16
CKT_0067,T1,1,21,15,bck_3,0,0.0,2.772588722239781,16
CKT_0067,T1,1,22,15,bck_3,0,0.0,2.772588722239781,16
CKT_0067,T1,1,23,15,bck_3,0,0.0,2.772588722239781,16
CKT_0067,T1,1,24,15,bck_3,0,0.0,2.772588722239781,16
CKT_0067,T1,1,25,15,bck_3,0,0.0,2.772588722239781,16
CKT_0067,T1,1,26,15,bck_3,0,0.0,2.772588722239781,16
CKT_0067,T1,1,27,15,bck_3,0,0.0,2.772588722239781,16
CKT_0067,T1,1,28,15,bck_3,0,0.0,2.772588722239781,16
CKT_0067,T1,1,29,15,bck_3,0,0.0,2.772588722239781,16
CKT_0067,T1,1,30,15,bck_3,0,0.0,2.772588722239781,16
CKT_0067,T1,1,31,15,bck_3,0,0.0,2.772588722239781,16
CKT_0067,T1,1,32,15,bck_3,0,0.0,2.772588722239781,16
CKT_0067,T1,1,33,15,bck_3,0,0.0,2.772588722239781,16
CKT_0067,T1,1,34,15,bck_3,0,0.0,2.772588722239781,16
CKT_0067,T1,2,0,15,bck_3,0,0.0,2.772588722239781,16
CKT_0067,T1,2,1,15,bck_3,0,0.0,2.772588722239781,16
CKT_0067,T1,2,2,15,bck_3,0,0.0,2.772588722239781,16
CKT_0067,T1,2,3,15,bck_3,0,0.0,2.772588722239781,16
CKT_0067,T1,2,4,15,bck_3,0,0.0,2.772588722239781,16
CKT_0067,T1,2,5,15,bck_3,0,0.0,2.772588722239781,16
CKT_0067,T1,2,6,15,bck_3,0,0.0,2.772588722239781,16
CKT_0067,T1,2,7,15,bck_3,0,0.0,2.772588722239781,16
CKT_0067,T1,2,8,15,bck_3,0,0.0,2.772588722239781,16
CKT_0067,T1,2,9,15,bck_3,0,0.0,2.772588722239781,16
CKT_0067,T1,2,10,15,bck_3,0,0.0,2.772588722239781,16
CKT_0067,T1,2,11,15,bck_3,0,0.0,2.772588722239781,16
CKT_0067,T1,2,12,15,bck_3,0,0.0,2.772588722239781,16
CKT_0067,T1,2,13,15,bck_3,0,0.0,2.772588722239781,16
CKT_0067,T1,2,14,15,bck_3,0,0.0,2.772588722239781,16
CKT_0067,T1,2,15,15,bck_3,0,0.0,2.772588722239781,16
CKT_0067,T1,2,16,15,bck_3,0,0.0,2.772588722239781,16
CKT_0067,T1,2,17,15,bck_3,0,0.0,2.772588722239781,16
CKT_0067,T1,2,18,15,bck_3,0,0.0,2.772588722239781,16
CKT_0067,T1,2,19,15,bck_3,0,0.0,2.772588722239781,16
CKT_0067,T1,2,20,15,bck_3,0,0.0,2.772588722239781,16
CKT_0067,T1,2,21,15,bck_3,0,0.0,2.772588722239781,16
CKT_0067,T1,2,22,15,bck_3,0,0.0,2.772588722239781,16
CKT_0067,T1,2,23,15,bck_3,0,0.0,2.772588722239781,16
CKT_0067,T1,2,24,15,bck_3,0,0.0,2.772588722239781,16
CKT_0067,T1,2,25,15,bck_3,0,0.0,2.772588722239781,16
CKT_0067,T1,2,26,15,bck_3,0,0.0,2.772588722239781,16
CKT_0067,T1,2,27,15,bck_3,0,0.0,2.772588722239781,16
CKT_0067,T1,2,28,15,bck_3,0,0.0,2.772588722239781,16
CKT_0067,T1,2,29,15,bck_3,0,0.0,2.772588722239781,16
CKT_0067,T1,2,30,15,bck_3,0,0.0,2.772588722239781,16
CKT_0067,T1,2,31,15,bck_3,0,0.0,2.772588722239781,16
CKT_0067,T1,2,32,15,bck_3,0,0.0,2.772588722239781,16
CKT_0067,T1,2,33,15,bck_3,0,0.0,2.772588722239781,16
CKT_0067,T1,2,34,15,bck_3,0,0.0,2.772588722239781,16
CKT_0067,T1,0,0,16,bck_2,16,7254915574973.978,1.105240844637142e-27,17
CKT_0067,T1,0,1,16,bck_2,16,7254915574973.978,1.105240844637142e-27,17
CKT_0067,T1,0,2,16,bck_2,16,7254915574973.978,1.105240844637142e-27,17
CKT_0067,T1,0,3,16,bck_2,0,0.0,2.833213344056216,17
CKT_0067,T1,0,4,16,bck_2,0,0.0,2.833213344056216,17
CKT_0067,T1,0,5,16,bck_2,0,0.0,2.833213344056216,17
CKT_0067,T1,0,6,16,bck_2,0,0.0,2.833213344056216,17
CKT_0067,T1,0,7,16,bck_2,0,0.0,2.833213344056216,17
CKT_0067,T1,0,8,16,bck_2,0,0.0,2.833213344056216,17
CKT_0067,T1,0,9,16,bck_2,0,0.0,2.833213344056216,17
CKT_0067,T1,0,10,16,bck_2,0,0.0,2.833213344056216,17
CKT_0067,T1,0,11,16,bck_2,0,0.0,2.833213344056216,17
CKT_0067,T1,0,12,16,bck_2,0,0.0,2.833213344056216,17
CKT_0067,T1,0,13,16,bck_2,0,0.0,2.833213344056216,17
CKT_0067,T1,0,14,16,bck_2,0,0.0,2.833213344056216,17
CKT_0067,T1,0,15,16,bck_2,0,0.0,2.833213344056216,17
CKT_0067,T1,0,16,16,bck_2,0,0.0,2.833213344056216,17
CKT_0067,T1,0,17,16,bck_2,0,0.0,2.833213344056216,17
CKT_0067,T1,0,18,16,bck_2,0,0.0,2.833213344056216,17
CKT_0067,T1,0,19,16,bck_2,0,0.0,2.833213344056216,17
CKT_0067,T1,0,20,16,bck_2,0,0.0,2.833213344056216,17
CKT_0067,T1,0,21,16,bck_2,0,0.0,2.833213344056216,17
CKT_0067,T1,0,22,16,bck_2,0,0.0,2.833213344056216,17
CKT_0067,T1,0,23,16,bck_2,0,0.0,2.833213344056216,17
CKT_0067,T1,0,24,16,bck_2,0,0.0,2.833213344056216,17
CKT_0067,T1,0,25,16,bck_2,0,0.0,2.833213344056216,17
CKT_0067,T1,0,26,16,bck_2,0,0.0,2.833213344056216,17
CKT_0067,T1,0,27,16,bck_2,0,0.0,2.833213344056216,17
CKT_0067,T1,0,28,16,bck_2,0,0.0,2.833213344056216,17
CKT_0067,T1,0,29,16,bck_2,0,0.0,2.833213344056216,17
CKT_0067,T1,0,30,16,bck_2,0,0.0,2.833213344056216,17
CKT_0067,T1,0,31,16,bck_2,0,0.0,2.833213344056216,17
CKT_0067,T1,0,32,16,bck_2,0,0.0,2.833213344056216,17
CKT_0067,T1,0,33,16,bck_2,0,0.0,2.833213344056216,17
CKT_0067,T1,0,34,16,bck_2,0,0.0,2.833213344056216,17
CKT_0067,T1,1,0,16,bck_2,16,3625039703413.1133,1.105240844637142e-27,17
CKT_0067,T1,1,1,16,bck_2,16,3625039703413.1133,1.105240844637142e-27,17
CKT_0067,T1,1,2,16,bck_2,16,3625039703413.1133,1.105240844637142e-27,17
CKT_0067,T1,1,3,16,bck_2,16,3625039703413.1133,1.105240844637142e-27,17
CKT_0067,T1,1,4,16,bck_2,16,3625039703413.1133,1.105240844637142e-27,17
CKT_0067,T1,1,5,16,bck_2,15,3186603886007.168,1.1052408446371422e-27,17
CKT_0067,T1,1,6,16,bck_2,14,2776449209760.9517,1.1052408446371422e-27,17
CKT_0067,T1,1,7,16,bck_2,13,2394575079823.423,1.1052408446371422e-27,17
CKT_0067,T1,1,8,16,bck_2,0,0.0,1.1052408446371422e-27,17
CKT_0067,T1,1,9,16,bck_2,0,0.0,1.1052408446371422e-27,17
CKT_0067,T1,1,10,16,bck_2,16,7254915574973.978,1.105240844637142e-27,17
CKT_0067,T1,1,11,16,bck_2,16,7254915574973.978,1.105240844637142e-27,17
CKT_0067,T1,1,12,16,bck_2,16,7254915574973.978,1.105240844637142e-27,17
CKT_0067,T1,1,13,16,bck_2,16,7254915574973.978,1.105240844637142e-27,17
CKT_0067,T1,1,14,16,bck_2,16,7254915574973.978,1.105240844637142e-27,17
CKT_0067,T1,1,15,16,bck_2,16,7254915574973.978,1.105240844637142e-27,17
CKT_0067,T1,1,16,16,bck_2,0,0.0,2.833213344056216,17
CKT_0067,T1,1,17,16,bck_2,0,0.0,2.833213344056216,17
CKT_0067,T1,1,18,16,bck_2,0,0.0,2.833213344056216,17
CKT_0067,T1,1,19,16,bck_2,0,0.0,2.833213344056216,17
CKT_0067,T1,1,20,16,bck_2,0,0.0,2.833213344056216,17
CKT_0067,T1,1,21,16,bck_2,0,0.0,2.833213344056216,17
CKT_0067,T1,1,22,16,bck_2,0,0.0,2.833213344056216,17
CKT_0067,T1,1,23,16,bck_2,0,0.0,2.833213344056216,17
CKT_0067,T1,1,24,16,bck_2,0,0.0,2.833213344056216,17
CKT_0067,T1,1,25,16,bck_2,0,0.0,2.833213344056216,17
CKT_0067,T1,1,26,16,bck_2,0,0.0,2.833213344056216,17
CKT_0067,T1,1,27,16,bck_2,0,0.0,2.833213344056216,17
CKT_0067,T1,1,28,16,bck_2,0,0.0,2.833213344056216,17
CKT_0067,T1,1,29,16,bck_2,0,0.0,2.833213344056216,17
CKT_0067,T1,1,30,16,bck_2,0,0.0,2.833213344056216,17
CKT_0067,T1,1,31,16,bck_2,0,0.0,2.833213344056216,17
CKT_0067,T1,1,32,16,bck_2,0,0.0,2.833213344056216,17
CKT_0067,T1,1,33,16,bck_2,0,0.0,2.833213344056216,17
CKT_0067,T1,1,34,16,bck_2,0,0.0,2.833213344056216,17
CKT_0067,T1,2,0,16,bck_2,0,0.0,2.833213344056216,17
CKT_0067,T1,2,1,16,bck_2,0,0.0,2.833213344056216,17
CKT_0067,T1,2,2,16,bck_2,0,0.0,2.833213344056216,17
CKT_0067,T1,2,3,16,bck_2,0,0.0,2.833213344056216,17
CKT_0067,T1,2,4,16,bck_2,0,0.0,2.833213344056216,17
CKT_0067,T1,2,5,16,bck_2,0,0.0,2.833213344056216,17
CKT_0067,T1,2,6,16,bck_2,0,0.0,2.833213344056216,17
CKT_0067,T1,2,7,16,bck_2,0,0.0,2.833213344056216,17
CKT_0067,T1,2,8,16,bck_2,0,0.0,2.833213344056216,17
CKT_0067,T1,2,9,16,bck_2,0,0.0,2.833213344056216,17
CKT_0067,T1,2,10,16,bck_2,0,0.0,2.833213344056216,17
CKT_0067,T1,2,11,16,bck_2,0,0.0,2.833213344056216,17
CKT_0067,T1,2,12,16,bck_2,0,0.0,2.833213344056216,17
CKT_0067,T1,2,13,16,bck_2,0,0.0,2.833213344056216,17
CKT_0067,T1,2,14,16,bck_2,0,0.0,2.833213344056216,17
CKT_0067,T1,2,15,16,bck_2,0,0.0,2.833213344056216,17
CKT_0067,T1,2,16,16,bck_2,0,0.0,2.833213344056216,17
CKT_0067,T1,2,17,16,bck_2,0,0.0,2.833213344056216,17
CKT_0067,T1,2,18,16,bck_2,0,0.0,2.833213344056216,17
CKT_0067,T1,2,19,16,bck_2,0,0.0,2.833213344056216,17
CKT_0067,T1,2,20,16,bck_2,0,0.0,2.833213344056216,17
CKT_0067,T1,2,21,16,bck_2,0,0.0,2.833213344056216,17
CKT_0067,T1,2,22,16,bck_2,0,0.0,2.833213344056216,17
CKT_0067,T1,2,23,16,bck_2,0,0.0,2.833213344056216,17
CKT_0067,T1,2,24,16,bck_2,0,0.0,2.833213344056216,17
CKT_0067,T1,2,25,16,bck_2,0,0.0,2.833213344056216,17
CKT_0067,T1,2,26,16,bck_2,0,0.0,2.833213344056216,17
CKT_0067,T1,2,27,16,bck_2,0,0.0,2.833213344056216,17
CKT_0067,T1,2,28,16,bck_2,0,0.0,2.833213344056216,17
CKT_0067,T1,2,29,16,bck_2,0,0.0,2.833213344056216,17
CKT_0067,T1,2,30,16,bck_2,0,0.0,2.833213344056216,17
CKT_0067,T1,2,31,16,bck_2,0,0.0,2.833213344056216,17
CKT_0067,T1,2,32,16,bck_2,0,0.0,2.833213344056216,17
CKT_0067,T1,2,33,16,bck_2,0,0.0,2.833213344056216,17
CKT_0067,T1,2,34,16,bck_2,0,0.0,2.833213344056216,17
CKT_0067,T1,0,0,17,bck_1,17,8188296526140.221,1.1743183974269635e-27,18
CKT_0067,T1,0,1,17,bck_1,17,8188296526140.221,1.1743183974269635e-27,18
CKT_0067,T1,0,2,17,bck_1,17,8188296526140.221,1.1743183974269635e-27,18
CKT_0067,T1,0,3,17,bck_1,0,0.0,2.890371757896165,18
CKT_0067,T1,0,4,17,bck_1,0,0.0,2.890371757896165,18
CKT_0067,T1,0,5,17,bck_1,0,0.0,2.890371757896165,18
CKT_0067,T1,0,6,17,bck_1,0,0.0,2.890371757896165,18
CKT_0067,T1,0,7,17,bck_1,0,0.0,2.890371757896165,18
CKT_0067,T1,0,8,17,bck_1,0,0.0,2.890371757896165,18
CKT_0067,T1,0,9,17,bck_1,0,0.0,2.890371757896165,18
CKT_0067,T1,0,10,17,bck_1,0,0.0,2.890371757896165,18
CKT_0067,T1,0,11,17,bck_1,0,0.0,2.890371757896165,18
CKT_0067,T1,0,12,17,bck_1,0,0.0,2.890371757896165,18
CKT_0067,T1,0,13,17,bck_1,0,0.0,2.890371757896165,18
CKT_0067,T1,0,14,17,bck_1,0,0.0,2.890371757896165,18
CKT_0067,T1,0,15,17,bck_1,0,0.0,2.890371757896165,18
CKT_0067,T1,0,16,17,bck_1,0,0.0,2.890371757896165,18
CKT_0067,T1,0,17,17,bck_1,0,0.0,2.890371757896165,18
CKT_0067,T1,0,18,17,bck_1,0,0.0,2.890371757896165,18
CKT_0067,T1,0,19,17,bck_1,0,0.0,2.890371757896165,18
CKT_0067,T1,0,20,17,bck_1,0,0.0,2.890371757896165,18
CKT_0067,T1,0,21,17,bck_1,0,0.0,2.890371757896165,18
CKT_0067,T1,0,22,17,bck_1,0,0.0,2.890371757896165,18
CKT_0067,T1,0,23,17,bck_1,0,0.0,2.890371757896165,18
CKT_0067,T1,0,24,17,bck_1,0,0.0,2.890371757896165,18
CKT_0067,T1,0,25,17,bck_1,0,0.0,2.890371757896165,18
CKT_0067,T1,0,26,17,bck_1,0,0.0,2.890371757896165,18
CKT_0067,T1,0,27,17,bck_1,0,0.0,2.890371757896165,18
CKT_0067,T1,0,28,17,bck_1,0,0.0,2.890371757896165,18
CKT_0067,T1,0,29,17,bck_1,0,0.0,2.890371757896165,18
CKT_0067,T1,0,30,17,bck_1,0,0.0,2.890371757896165,18
CKT_0067,T1,0,31,17,bck_1,0,0.0,2.890371757896165,18
CKT_0067,T1,0,32,17,bck_1,0,0.0,2.890371757896165,18
CKT_0067,T1,0,33,17,bck_1,0,0.0,2.890371757896165,18
CKT_0067,T1,0,34,17,bck_1,0,0.0,2.890371757896165,18
CKT_0067,T1,1,0,17,bck_1,17,4091757132426.1914,1.1743183974269635e-27,18
CKT_0067,T1,1,1,17,bck_1,17,4091757132426.1914,1.1743183974269635e-27,18
CKT_0067,T1,1,2,17,bck_1,17,4091757132426.1914,1.1743183974269635e-27,18
CKT_0067,T1,1,3,17,bck_1,17,4091757132426.1914,1.1743183974269635e-27,18
CKT_0067,T1,1,4,17,bck_1,17,4091757132426.1914,1.1743183974269635e-27,18
CKT_0067,T1,1,5,17,bck_1,16,3625039703413.1133,1.1743183974269635e-27,18
CKT_0067,T1,1,6,17,bck_1,15,3186603886007.168,1.1743183974269637e-27,18
CKT_0067,T1,1,7,17,bck_1,14,2776449209760.9526,1.1743183974269637e-27,18
CKT_0067,T1,1,8,17,bck_1,13,2394575079823.423,1.1743183974269637e-27,18
CKT_0067,T1,1,9,17,bck_1,0,0.0,1.1743183974269637e-27,18
CKT_0067,T1,1,10,17,bck_1,17,8188296526140.221,1.1743183974269635e-27,18
CKT_0067,T1,1,11,17,bck_1,17,8188296526140.221,1.1743183974269635e-27,18
CKT_0067,T1,1,12,17,bck_1,17,8188296526140.221,1.1743183974269635e-27,18
CKT_0067,T1,1,13,17,bck_1,17,8188296526140.221,1.1743183974269635e-27,18
CKT_0067,T1,1,14,17,bck_1,17,8188296526140.221,1.1743183974269635e-27,18
CKT_0067,T1,1,15,17,bck_1,17,8188296526140.221,1.1743183974269635e-27,18
CKT_0067,T1,1,16,17,bck_1,0,0.0,2.890371757896165,18
CKT_0067,T1,1,17,17,bck_1,0,0.0,2.890371757896165,18
CKT_0067,T1,1,18,17,bck_1,0,0.0,2.890371757896165,18
CKT_0067,T1,1,19,17,bck_1,0,0.0,2.890371757896165,18
CKT_0067,T1,1,20,17,bck_1,0,0.0,2.890371757896165,18
CKT_0067,T1,1,21,17,bck_1,0,0.0,2.890371757896165,18
CKT_0067,T1,1,22,17,bck_1,0,0.0,2.890371757896165,18
CKT_0067,T1,1,23,17,bck_1,0,0.0,2.890371757896165,18
CKT_0067,T1,1,24,17,bck_1,0,0.0,2.890371757896165,18
CKT_0067,T1,1,25,17,bck_1,0,0.0,2.890371757896165,18
CKT_0067,T1,1,26,17,bck_1,0,0.0,2.890371757896165,18
CKT_0067,T1,1,27,17,bck_1,0,0.0,2.890371757896165,18
CKT_0067,T1,1,28,17,bck_1,0,0.0,2.890371757896165,18
CKT_0067,T1,1,29,17,bck_1,0,0.0,2.890371757896165,18
CKT_0067,T1,1,30,17,bck_1,0,0.0,2.890371757896165,18
CKT_0067,T1,1,31,17,bck_1,0,0.0,2.890371757896165,18
CKT_0067,T1,1,32,17,bck_1,0,0.0,2.890371757896165,18
CKT_0067,T1,1,33,17,bck_1,0,0.0,2.890371757896165,18
CKT_0067,T1,1,34,17,bck_1,0,0.0,2.890371757896165,18
CKT_0067,T1,2,0,17,bck_1,0,0.0,2.890371757896165,18
CKT_0067,T1,2,1,17,bck_1,0,0.0,2.890371757896165,18
CKT_0067,T1,2,2,17,bck_1,0,0.0,2.890371757896165,18
CKT_0067,T1,2,3,17,bck_1,0,0.0,2.890371757896165,18
CKT_0067,T1,2,4,17,bck_1,0,0.0,2.890371757896165,18
CKT_0067,T1,2,5,17,bck_1,0,0.0,2.890371757896165,18
CKT_0067,T1,2,6,17,bck_1,0,0.0,2.890371757896165,18
CKT_0067,T1,2,7,17,bck_1,0,0.0,2.890371757896165,18
CKT_0067,T1,2,8,17,bck_1,0,0.0,2.890371757896165,18
CKT_0067,T1,2,9,17,bck_1,0,0.0,2.890371757896165,18
CKT_0067,T1,2,10,17,bck_1,0,0.0,2.890371757896165,18
CKT_0067,T1,2,11,17,bck_1,0,0.0,2.890371757896165,18
CKT_0067,T1,2,12,17,bck_1,0,0.0,2.890371757896165,18
CKT_0067,T1,2,13,17,bck_1,0,0.0,2.890371757896165,18
CKT_0067,T1,2,14,17,bck_1,0,0.0,2.890371757896165,18
CKT_0067,T1,2,15,17,bck_1,0,0.0,2.890371757896165,18
CKT_0067,T1,2,16,17,bck_1,0,0.0,2.890371757896165,18
CKT_0067,T1,2,17,17,bck_1,0,0.0,2.890371757896165,18
CKT_0067,T1,2,18,17,bck_1,0,0.0,2.890371757896165,18
CKT_0067,T1,2,19,17,bck_1,0,0.0,2.890371757896165,18
CKT_0067,T1,2,20,17,bck_1,0,0.0,2.890371757896165,18
CKT_0067,T1,2,21,17,bck_1,0,0.0,2.890371757896165,18
CKT_0067,T1,2,22,17,bck_1,0,0.0,2.890371757896165,18
CKT_0067,T1,2,23,17,bck_1,0,0.0,2.890371757896165,18
CKT_0067,T1,2,24,17,bck_1,0,0.0,2.890371757896165,18
CKT_0067,T1,2,25,17,bck_1,0,0.0,2.890371757896165,18
CKT_0067,T1,2,26,17,bck_1,0,0.0,2.890371757896165,18
CKT_0067,T1,2,27,17,bck_1,0,0.0,2.890371757896165,18
CKT_0067,T1,2,28,17,bck_1,0,0.0,2.890371757896165,18
CKT_0067,T1,2,29,17,bck_1,0,0.0,2.890371757896165,18
CKT_0067,T1,2,30,17,bck_1,0,0.0,2.890371757896165,18
CKT_0067,T1,2,31,17,bck_1,0,0.0,2.890371757896165,18
CKT_0067,T1,2,32,17,bck_1,0,0.0,2.890371757896165,18
CKT_0067,T1,2,33,17,bck_1,0,0.0,2.890371757896165,18
CKT_0067,T1,2,34,17,bck_1,0,0.0,2.890371757896165,18
CKT_0067,T1,0,0,18,bck_0,18,9178246019801.387,1.243395950216785e-27,19
CKT_0067,T1,0,1,18,bck_0,18,9178246019801.387,1.243395950216785e-27,19
CKT_0067,T1,0,2,18,bck_0,18,9178246019801.387,1.243395950216785e-27,19
CKT_0067,T1,0,3,18,bck_0,0,0.0,2.9444389791664403,19
CKT_0067,T1,0,4,18,bck_0,0,0.0,2.9444389791664403,19
CKT_0067,T1,0,5,18,bck_0,0,0.0,2.9444389791664403,19
CKT_0067,T1,0,6,18,bck_0,0,0.0,2.9444389791664403,19
CKT_0067,T1,0,7,18,bck_0,0,0.0,2.9444389791664403,19
CKT_0067,T1,0,8,18,bck_0,0,0.0,2.9444389791664403,19
CKT_0067,T1,0,9,18,bck_0,0,0.0,2.9444389791664403,19
CKT_0067,T1,0,10,18,bck_0,0,0.0,2.9444389791664403,19
CKT_0067,T1,0,11,18,bck_0,0,0.0,2.9444389791664403,19
CKT_0067,T1,0,12,18,bck_0,0,0.0,2.9444389791664403,19
CKT_0067,T1,0,13,18,bck_0,0,0.0,2.9444389791664403,19
CKT_0067,T1,0,14,18,bck_0,0,0.0,2.9444389791664403,19
CKT_0067,T1,0,15,18,bck_0,0,0.0,2.9444389791664403,19
CKT_0067,T1,0,16,18,bck_0,0,0.0,2.9444389791664403,19
CKT_0067,T1,0,17,18,bck_0,0,0.0,2.9444389791664403,19
CKT_0067,T1,0,18,18,bck_0,0,0.0,2.9444389791664403,19
CKT_0067,T1,0,19,18,bck_0,0,0.0,2.9444389791664403,19
CKT_0067,T1,0,20,18,bck_0,0,0.0,2.9444389791664403,19
CKT_0067,T1,0,21,18,bck_0,0,0.0,2.9444389791664403,19
CKT_0067,T1,0,22,18,bck_0,0,0.0,2.9444389791664403,19
CKT_0067,T1,0,23,18,bck_0,0,0.0,2.9444389791664403,19
CKT_0067,T1,0,24,18,bck_0,0,0.0,2.9444389791664403,19
CKT_0067,T1,0,25,18,bck_0,0,0.0,2.9444389791664403,19
CKT_0067,T1,0,26,18,bck_0,0,0.0,2.9444389791664403,19
CKT_0067,T1,0,27,18,bck_0,0,0.0,2.9444389791664403,19
CKT_0067,T1,0,28,18,bck_0,0,0.0,2.9444389791664403,19
CKT_0067,T1,0,29,18,bck_0,0,0.0,2.9444389791664403,19
CKT_0067,T1,0,30,18,bck_0,0,0.0,2.9444389791664403,19
CKT_0067,T1,0,31,18,bck_0,0,0.0,2.9444389791664403,19
CKT_0067,T1,0,32,18,bck_0,0,0.0,2.9444389791664403,19
CKT_0067,T1,0,33,18,bck_0,0,0.0,2.9444389791664403,19
CKT_0067,T1,0,34,18,bck_0,0,0.0,2.9444389791664403,19
CKT_0067,T1,1,0,18,bck_0,18,4586756550514.444,1.243395950216785e-27,19
CKT_0067,T1,1,1,18,bck_0,18,4586756550514.444,1.243395950216785e-27,19
CKT_0067,T1,1,2,18,bck_0,18,4586756550514.444,1.243395950216785e-27,19
CKT_0067,T1,1,3,18,bck_0,18,4586756550514.444,1.243395950216785e-27,19
CKT_0067,T1,1,4,18,bck_0,18,4586756550514.444,1.243395950216785e-27,19
CKT_0067,T1,1,5,18,bck_0,17,4091757132426.1914,1.243395950216785e-27,19
CKT_0067,T1,1,6,18,bck_0,16,3625039703413.1133,1.243395950216785e-27,19
CKT_0067,T1,1,7,18,bck_0,15,3186603886007.169,1.2433959502167851e-27,19
CKT_0067,T1,1,8,18,bck_0,14,2776449209760.9526,1.2433959502167851e-27,19
CKT_0067,T1,1,9,18,bck_0,13,2394575079823.423,1.2433959502167851e-27,19
CKT_0067,T1,1,10,18,bck_0,18,9178246019801.387,1.243395950216785e-27,19
CKT_0067,T1,1,11,18,bck_0,18,9178246019801.387,1.243395950216785e-27,19
CKT_0067,T1,1,12,18,bck_0,18,9178246019801.387,1.243395950216785e-27,19
CKT_0067,T1,1,13,18,bck_0,18,9178246019801.387,1.243395950216785e-27,19
CKT_0067,T1,1,14,18,bck_0,18,9178246019801.387,1.243395950216785e-27,19
CKT_0067,T1,1,15,18,bck_0,18,9178246019801.387,1.243395950216785e-27,19
CKT_0067,T1,1,16,18,bck_0,0,0.0,2.9444389791664403,19
CKT_0067,T1,1,17,18,bck_0,0,0.0,2.9444389791664403,19
CKT_0067,T1,1,18,18,bck_0,0,0.0,2.9444389791664403,19
CKT_0067,T1,1,19,18,bck_0,0,0.0,2.9444389791664403,19
CKT_0067,T1,1,20,18,bck_0,0,0.0,2.9444389791664403,19
CKT_0067,T1,1,21,18,bck_0,0,0.0,2.9444389791664403,19
CKT_0067,T1,1,22,18,bck_0,0,0.0,2.9444389791664403,19
CKT_0067,T1,1,23,18,bck_0,0,0.0,2.9444389791664403,19
CKT_0067,T1,1,24,18,bck_0,0,0.0,2.9444389791664403,19
CKT_0067,T1,1,25,18,bck_0,0,0.0,2.9444389791664403,19
CKT_0067,T1,1,26,18,bck_0,0,0.0,2.9444389791664403,19
CKT_0067,T1,1,27,18,bck_0,0,0.0,2.9444389791664403,19
CKT_0067,T1,1,28,18,bck_0,0,0.0,2.9444389791664403,19
CKT_0067,T1,1,29,18,bck_0,0,0.0,2.9444389791664403,19
CKT_0067,T1,1,30,18,bck_0,0,0.0,2.9444389791664403,19
CKT_0067,T1,1,31,18,bck_0,0,0.0,2.9444389791664403,19
CKT_0067,T1,1,32,18,bck_0,0,0.0,2.9444389791664403,19
CKT_0067,T1,1,33,18,bck_0,0,0.0,2.9444389791664403,19
CKT_0067,T1,1,34,18,bck_0,0,0.0,2.9444389791664403,19
CKT_0067,T1,2,0,18,bck_0,0,0.0,2.9444389791664403,19
CKT_0067,T1,2,1,18,bck_0,0,0.0,2.9444389791664403,19
CKT_0067,T1,2,2,18,bck_0,0,0.0,2.9444389791664403,19
CKT_0067,T1,2,3,18,bck_0,0,0.0,2.9444389791664403,19
CKT_0067,T1,2,4,18,bck_0,0,0.0,2.9444389791664403,19
CKT_0067,T1,2,5,18,bck_0,0,0.0,2.9444389791664403,19
CKT_0067,T1,2,6,18,bck_0,0,0.0,2.9444389791664403,19
CKT_0067,T1,2,7,18,bck_0,0,0.0,2.9444389791664403,19
CKT_0067,T1,2,8,18,bck_0,0,0.0,2.9444389791664403,19
CKT_0067,T1,2,9,18,bck_0,0,0.0,2.9444389791664403,19
CKT_0067,T1,2,10,18,bck_0,0,0.0,2.9444389791664403,19
CKT_0067,T1,2,11,18,bck_0,0,0.0,2.9444389791664403,19
CKT_0067,T1,2,12,18,bck_0,0,0.0,2.9444389791664403,19
CKT_0067,T1,2,13,18,bck_0,0,0.0,2.9444389791664403,19
CKT_0067,T1,2,14,18,bck_0,0,0.0,2.9444389791664403,19
CKT_0067,T1,2,15,18,bck_0,0,0.0,2.9444389791664403,19
CKT_0067,T1,2,16,18,bck_0,0,0.0,2.9444389791664403,19
CKT_0067,T1,2,17,18,bck_0,0,0.0,2.9444389791664403,19
CKT_0067,T1,2,18,18,bck_0,0,0.0,2.9444389791664403,19
CKT_0067,T1,2,19,18,bck_0,0,0.0,2.9444389791664403,19
CKT_0067,T1,2,20,18,bck_0,0,0.0,2.9444389791664403,19
CKT_0067,T1,2,21,18,bck_0,0,0.0,2.9444389791664403,19
CKT_0067,T1,2,22,18,bck_0,0,0.0,2.9444389791664403,19
CKT_0067,T1,2,23,18,bck_0,0,0.0,2.9444389791664403,19
CKT_0067,T1,2,24,18,bck_0,0,0.0,2.9444389791664403,19
CKT_0067,T1,2,25,18,bck_0,0,0.0,2.9444389791664403,19
CKT_0067,T1,2,26,18,bck_0,0,0.0,2.9444389791664403,19
CKT_0067,T1,2,27,18,bck_0,0,0.0,2.9444389791664403,19
CKT_0067,T1,2,28,18,bck_0,0,0.0,2.9444389791664403,19
CKT_0067,T1,2,29,18,bck_0,0,0.0,2.9444389791664403,19
CKT_0067,T1,2,30,18,bck_0,0,0.0,2.9444389791664403,19
CKT_0067,T1,2,31,18,bck_0,0,0.0,2.9444389791664403,19
CKT_0067,T1,2,32,18,bck_0,0,0.0,2.9444389791664403,19
CKT_0067,T1,2,33,18,bck_0,0,0.0,2.9444389791664403,19
CKT_0067,T1,2,34,18,bck_0,0,0.0,2.9444389791664403,19
CKT_0067,T1,0,0,19,halt,19,10224764055957.477,1.3124735030066064e-27,20
CKT_0067,T1,0,1,19,halt,19,10224764055957.477,1.3124735030066064e-27,20
CKT_0067,T1,0,2,19,halt,19,10224764055957.477,1.3124735030066064e-27,20
CKT_0067,T1,0,3,19,halt,0,0.0,2.995732273553991,20
CKT_0067,T1,0,4,19,halt,0,0.0,2.995732273553991,20
CKT_0067,T1,0,5,19,halt,0,0.0,2.995732273553991,20
CKT_0067,T1,0,6,19,halt,0,0.0,2.995732273553991,20
CKT_0067,T1,0,7,19,halt,0,0.0,2.995732273553991,20
CKT_0067,T1,0,8,19,halt,0,0.0,2.995732273553991,20
CKT_0067,T1,0,9,19,halt,0,0.0,2.995732273553991,20
CKT_0067,T1,0,10,19,halt,0,0.0,2.995732273553991,20
CKT_0067,T1,0,11,19,halt,0,0.0,2.995732273553991,20
CKT_0067,T1,0,12,19,halt,0,0.0,2.995732273553991,20
CKT_0067,T1,0,13,19,halt,0,0.0,2.995732273553991,20
CKT_0067,T1,0,14,19,halt,0,0.0,2.995732273553991,20
CKT_0067,T1,0,15,19,halt,0,0.0,2.995732273553991,20
CKT_0067,T1,0,16,19,halt,0,0.0,2.995732273553991,20
CKT_0067,T1,0,17,19,halt,0,0.0,2.995732273553991,20
CKT_0067,T1,0,18,19,halt,0,0.0,2.995732273553991,20
CKT_0067,T1,0,19,19,halt,0,0.0,2.995732273553991,20
CKT_0067,T1,0,20,19,halt,0,0.0,2.995732273553991,20
CKT_0067,T1,0,21,19,halt,0,0.0,2.995732273553991,20
CKT_0067,T1,0,22,19,halt,0,0.0,2.995732273553991,20
CKT_0067,T1,0,23,19,halt,0,0.0,2.995732273553991,20
CKT_0067,T1,0,24,19,halt,0,0.0,2.995732273553991,20
CKT_0067,T1,0,25,19,halt,0,0.0,2.995732273553991,20
CKT_0067,T1,0,26,19,halt,0,0.0,2.995732273553991,20
CKT_0067,T1,0,27,19,halt,0,0.0,2.995732273553991,20
CKT_0067,T1,0,28,19,halt,0,0.0,2.995732273553991,20
CKT_0067,T1,0,29,19,halt,0,0.0,2.995732273553991,20
CKT_0067,T1,0,30,19,halt,0,0.0,2.995732273553991,20
CKT_0067,T1,0,31,19,halt,0,0.0,2.995732273553991,20
CKT_0067,T1,0,32,19,halt,0,0.0,2.995732273553991,20
CKT_0067,T1,0,33,19,halt,0,0.0,2.995732273553991,20
CKT_0067,T1,0,34,19,halt,0,0.0,2.995732273553991,20
CKT_0067,T1,1,0,19,halt,18,5095873432968.759,1.3124735030066064e-27,20
CKT_0067,T1,1,1,19,halt,18,5095873432968.759,1.3124735030066064e-27,20
CKT_0067,T1,1,2,19,halt,18,5095873432968.759,1.3124735030066064e-27,20
CKT_0067,T1,1,3,19,halt,18,5095873432968.759,1.3124735030066064e-27,20
CKT_0067,T1,1,4,19,halt,18,5095873432968.759,1.3124735030066064e-27,20
CKT_0067,T1,1,5,19,halt,18,5095873432968.759,1.3124735030066064e-27,20
CKT_0067,T1,1,6,19,halt,18,5095873432968.759,1.3124735030066064e-27,20
CKT_0067,T1,1,7,19,halt,18,5095873432968.759,1.3124735030066064e-27,20
CKT_0067,T1,1,8,19,halt,18,5095873432968.759,1.3124735030066064e-27,20
CKT_0067,T1,1,9,19,halt,18,5095873432968.759,1.3124735030066064e-27,20
CKT_0067,T1,1,10,19,halt,19,10224764055957.477,1.3124735030066064e-27,20
CKT_0067,T1,1,11,19,halt,19,10224764055957.477,1.3124735030066064e-27,20
CKT_0067,T1,1,12,19,halt,19,10224764055957.477,1.3124735030066064e-27,20
CKT_0067,T1,1,13,19,halt,19,10224764055957.477,1.3124735030066064e-27,20
CKT_0067,T1,1,14,19,halt,19,10224764055957.477,1.3124735030066064e-27,20
CKT_0067,T1,1,15,19,halt,19,10224764055957.477,1.3124735030066064e-27,20
CKT_0067,T1,1,16,19,halt,0,0.0,2.995732273553991,20
CKT_0067,T1,1,17,19,halt,0,0.0,2.995732273553991,20
CKT_0067,T1,1,18,19,halt,0,0.0,2.995732273553991,20
CKT_0067,T1,1,19,19,halt,0,0.0,2.995732273553991,20
CKT_0067,T1,1,20,19,halt,0,0.0,2.995732273553991,20
CKT_0067,T1,1,21,19,halt,0,0.0,2.995732273553991,20
CKT_0067,T1,1,22,19,halt,0,0.0,2.995732273553991,20
CKT_0067,T1,1,23,19,halt,0,0.0,2.995732273553991,20
CKT_0067,T1,1,24,19,halt,0,0.0,2.995732273553991,20
CKT_0067,T1,1,25,19,halt,0,0.0,2.995732273553991,20
CKT_0067,T1,1,26,19,halt,0,0.0,2.995732273553991,20
CKT_0067,T1,1,27,19,halt,0,0.0,2.995732273553991,20
CKT_0067,T1,1,28,19,halt,0,0.0,2.995732273553991,20
CKT_0067,T1,1,29,19,halt,0,0.0,2.995732273553991,20
CKT_0067,T1,1,30,19,halt,0,0.0,2.995732273553991,20
CKT_0067,T1,1,31,19,halt,0,0.0,2.995732273553991,20
CKT_0067,T1,1,32,19,halt,0,0.0,2.995732273553991,20
CKT_0067,T1,1,33,19,halt,0,0.0,2.995732273553991,20
CKT_0067,T1,1,34,19,halt,0,0.0,2.995732273553991,20
CKT_0067,T1,2,0,19,halt,0,0.0,2.995732273553991,20
CKT_0067,T1,2,1,19,halt,0,0.0,2.995732273553991,20
CKT_0067,T1,2,2,19,halt,0,0.0,2.995732273553991,20
CKT_0067,T1,2,3,19,halt,0,0.0,2.995732273553991,20
CKT_0067,T1,2,4,19,halt,0,0.0,2.995732273553991,20
CKT_0067,T1,2,5,19,halt,0,0.0,2.995732273553991,20
CKT_0067,T1,2,6,19,halt,0,0.0,2.995732273553991,20
CKT_0067,T1,2,7,19,halt,0,0.0,2.995732273553991,20
CKT_0067,T1,2,8,19,halt,0,0.0,2.995732273553991,20
CKT_0067,T1,2,9,19,halt,0,0.0,2.995732273553991,20
CKT_0067,T1,2,10,19,halt,0,0.0,2.995732273553991,20
CKT_0067,T1,2,11,19,halt,0,0.0,2.995732273553991,20
CKT_0067,T1,2,12,19,halt,0,0.0,2.995732273553991,20
CKT_0067,T1,2,13,19,halt,0,0.0,2.995732273553991,20
CKT_0067,T1,2,14,19,halt,0,0.0,2.995732273553991,20
CKT_0067,T1,2,15,19,halt,0,0.0,2.995732273553991,20
CKT_0067,T1,2,16,19,halt,0,0.0,2.995732273553991,20
CKT_0067,T1,2,17,19,halt,0,0.0,2.995732273553991,20
CKT_0067,T1,2,18,19,halt,0,0.0,2.995732273553991,20
CKT_0067,T1,2,19,19,halt,0,0.0,2.995732273553991,20
CKT_0067,T1,2,20,19,halt,0,0.0,2.995732273553991,20
CKT_0067,T1,2,21,19,halt,0,0.0,2.995732273553991,20
CKT_0067,T1,2,22,19,halt,0,0.0,2.995732273553991,20
CKT_0067,T1,2,23,19,halt,0,0.0,2.995732273553991,20
CKT_0067,T1,2,24,19,halt,0,0.0,2.995732273553991,20
CKT_0067,T1,2,25,19,halt,0,0.0,2.995732273553991,20
CKT_0067,T1,2,26,19,halt,0,0.0,2.995732273553991,20
CKT_0067,T1,2,27,19,halt,0,0.0,2.995732273553991,20
CKT_0067,T1,2,28,19,halt,0,0.0,2.995732273553991,20
CKT_0067,T1,2,29,19,halt,0,0.0,2.995732273553991,20
CKT_0067,T1,2,30,19,halt,0,0.0,2.995732273553991,20
CKT_0067,T1,2,31,19,halt,0,0.0,2.995732273553991,20
CKT_0067,T1,2,32,19,halt,0,0.0,2.995732273553991,20
CKT_0067,T1,2,33,19,halt,0,0.0,2.995732273553991,20
CKT_0067,T1,2,34,19,halt,0,0.0,2.995732273553991,20
